"Time of Day","Process Name","PID","Operation","Path","Result","Detail"
"15:19:44.4425069","node.exe","12232","Thread Exit","","SUCCESS","Thread ID: 19408, User Time: 0.0000000, Kernel Time: 0.0000000"
"15:19:46.4735150","node.exe","6060","Thread Exit","","SUCCESS","Thread ID: 3916, User Time: 0.0000000, Kernel Time: 0.0000000"
"15:19:48.4265627","ZCode.exe","16624","Thread Exit","","SUCCESS","Thread ID: 3112, User Time: 0.0000000, Kernel Time: 0.0000000"
"15:19:51.2215201","ZCode.exe","3104","CreateFile","C:\Program Files\ZCode\powershell.exe","NAME NOT FOUND","Desired Access: Read Attributes, Disposition: Open, Options: Open Reparse Point, Attributes: n/a, ShareMode: Read, Write, Delete, AllocationSize: n/a"
"15:19:51.2217739","ZCode.exe","3104","CreateFile","C:\Program Files\ZCode\powershell.exe.com","NAME NOT FOUND","Desired Access: Read Attributes, Disposition: Open, Options: Open Reparse Point, Attributes: n/a, ShareMode: Read, Write, Delete, AllocationSize: n/a"
"15:19:51.2219950","ZCode.exe","3104","CreateFile","C:\Program Files\ZCode\powershell.exe.exe","NAME NOT FOUND","Desired Access: Read Attributes, Disposition: Open, Options: Open Reparse Point, Attributes: n/a, ShareMode: Read, Write, Delete, AllocationSize: n/a"
"15:19:51.2223508","ZCode.exe","3104","CreateFile","C:\Program Files (x86)\Common Files\Oracle\Java\java8path_target_64312687\powershell.exe","REPARSE","Desired Access: Read Attributes, Disposition: Open, Options: Open Reparse Point, Attributes: n/a, ShareMode: Read, Write, Delete, AllocationSize: n/a, OpenResult: <unknown>"
"15:19:51.2226138","ZCode.exe","3104","CreateFile","C:\Program Files (x86)\Common Files\Oracle\Java\java8path_target_64312687\powershell.exe","NAME NOT FOUND","Desired Access: Read Attributes, Disposition: Open, Options: Open Reparse Point, Attributes: n/a, ShareMode: Read, Write, Delete, AllocationSize: n/a"
"15:19:51.2228197","ZCode.exe","3104","CreateFile","C:\Program Files (x86)\Common Files\Oracle\Java\java8path_target_64312687\powershell.exe.com","REPARSE","Desired Access: Read Attributes, Disposition: Open, Options: Open Reparse Point, Attributes: n/a, ShareMode: Read, Write, Delete, AllocationSize: n/a, OpenResult: <unknown>"
"15:19:51.2229964","ZCode.exe","3104","CreateFile","C:\Program Files (x86)\Common Files\Oracle\Java\java8path_target_64312687\powershell.exe.com","NAME NOT FOUND","Desired Access: Read Attributes, Disposition: Open, Options: Open Reparse Point, Attributes: n/a, ShareMode: Read, Write, Delete, AllocationSize: n/a"
"15:19:51.2232166","ZCode.exe","3104","CreateFile","C:\Program Files (x86)\Common Files\Oracle\Java\java8path_target_64312687\powershell.exe.exe","REPARSE","Desired Access: Read Attributes, Disposition: Open, Options: Open Reparse Point, Attributes: n/a, ShareMode: Read, Write, Delete, AllocationSize: n/a, OpenResult: <unknown>"
"15:19:51.2234612","ZCode.exe","3104","CreateFile","C:\Program Files (x86)\Common Files\Oracle\Java\java8path_target_64312687\powershell.exe.exe","NAME NOT FOUND","Desired Access: Read Attributes, Disposition: Open, Options: Open Reparse Point, Attributes: n/a, ShareMode: Read, Write, Delete, AllocationSize: n/a"
"15:19:51.2236270","ZCode.exe","3104","CreateFile","C:\Program Files (x86)\Common Files\Oracle\Java\javapath\powershell.exe","PATH NOT FOUND","Desired Access: Read Attributes, Disposition: Open, Options: Open Reparse Point, Attributes: n/a, ShareMode: Read, Write, Delete, AllocationSize: n/a"
"15:19:51.2237852","ZCode.exe","3104","CreateFile","C:\Program Files (x86)\Common Files\Oracle\Java\javapath\powershell.exe.com","PATH NOT FOUND","Desired Access: Read Attributes, Disposition: Open, Options: Open Reparse Point, Attributes: n/a, ShareMode: Read, Write, Delete, AllocationSize: n/a"
"15:19:51.2239318","ZCode.exe","3104","CreateFile","C:\Program Files (x86)\Common Files\Oracle\Java\javapath\powershell.exe.exe","PATH NOT FOUND","Desired Access: Read Attributes, Disposition: Open, Options: Open Reparse Point, Attributes: n/a, ShareMode: Read, Write, Delete, AllocationSize: n/a"
"15:19:51.2242774","ZCode.exe","3104","CreateFile","C:\Windows\System32\powershell.exe","NAME NOT FOUND","Desired Access: Read Attributes, Disposition: Open, Options: Open Reparse Point, Attributes: n/a, ShareMode: Read, Write, Delete, AllocationSize: n/a"
"15:19:51.2245677","ZCode.exe","3104","CreateFile","C:\Windows\System32\powershell.exe.com","NAME NOT FOUND","Desired Access: Read Attributes, Disposition: Open, Options: Open Reparse Point, Attributes: n/a, ShareMode: Read, Write, Delete, AllocationSize: n/a"
"15:19:51.2248475","ZCode.exe","3104","CreateFile","C:\Windows\System32\powershell.exe.exe","NAME NOT FOUND","Desired Access: Read Attributes, Disposition: Open, Options: Open Reparse Point, Attributes: n/a, ShareMode: Read, Write, Delete, AllocationSize: n/a"
"15:19:51.2251831","ZCode.exe","3104","CreateFile","C:\Windows\powershell.exe","NAME NOT FOUND","Desired Access: Read Attributes, Disposition: Open, Options: Open Reparse Point, Attributes: n/a, ShareMode: Read, Write, Delete, AllocationSize: n/a"
"15:19:51.2254528","ZCode.exe","3104","CreateFile","C:\Windows\powershell.exe.com","NAME NOT FOUND","Desired Access: Read Attributes, Disposition: Open, Options: Open Reparse Point, Attributes: n/a, ShareMode: Read, Write, Delete, AllocationSize: n/a"
"15:19:51.2257301","ZCode.exe","3104","CreateFile","C:\Windows\powershell.exe.exe","NAME NOT FOUND","Desired Access: Read Attributes, Disposition: Open, Options: Open Reparse Point, Attributes: n/a, ShareMode: Read, Write, Delete, AllocationSize: n/a"
"15:19:51.2260863","ZCode.exe","3104","CreateFile","C:\Windows\System32\wbem\powershell.exe","NAME NOT FOUND","Desired Access: Read Attributes, Disposition: Open, Options: Open Reparse Point, Attributes: n/a, ShareMode: Read, Write, Delete, AllocationSize: n/a"
"15:19:51.2263460","ZCode.exe","3104","CreateFile","C:\Windows\System32\wbem\powershell.exe.com","NAME NOT FOUND","Desired Access: Read Attributes, Disposition: Open, Options: Open Reparse Point, Attributes: n/a, ShareMode: Read, Write, Delete, AllocationSize: n/a"
"15:19:51.2265336","ZCode.exe","3104","CreateFile","C:\Windows\System32\wbem\powershell.exe.exe","NAME NOT FOUND","Desired Access: Read Attributes, Disposition: Open, Options: Open Reparse Point, Attributes: n/a, ShareMode: Read, Write, Delete, AllocationSize: n/a"
"15:19:51.2267334","ZCode.exe","3104","CreateFile","C:\Windows\System32\WindowsPowerShell\v1.0\powershell.exe","SUCCESS","Desired Access: Read Attributes, Disposition: Open, Options: Open Reparse Point, Attributes: n/a, ShareMode: Read, Write, Delete, AllocationSize: n/a, OpenResult: Opened"
"15:19:51.2267830","ZCode.exe","3104","QueryBasicInformationFile","C:\Windows\System32\WindowsPowerShell\v1.0\powershell.exe","SUCCESS","CreationTime: 24-06-2026 11:34:17, LastAccessTime: 26-06-2026 15:19:41, LastWriteTime: 24-06-2026 11:34:17, ChangeTime: 24-06-2026 21:39:51, FileAttributes: A"
"15:19:51.2268014","ZCode.exe","3104","CloseFile","C:\Windows\System32\WindowsPowerShell\v1.0\powershell.exe","SUCCESS",""
"15:19:51.2270850","ZCode.exe","3104","CreateFile","C:\Program Files\ZCode","SUCCESS","Desired Access: Read Attributes, Disposition: Open, Options: Open Reparse Point, Attributes: n/a, ShareMode: Read, Write, Delete, AllocationSize: n/a, OpenResult: Opened"
"15:19:51.2271263","ZCode.exe","3104","QueryBasicInformationFile","C:\Program Files\ZCode","SUCCESS","CreationTime: 25-06-2026 15:21:19, LastAccessTime: 26-06-2026 15:19:51, LastWriteTime: 26-06-2026 12:58:00, ChangeTime: 26-06-2026 12:58:00, FileAttributes: D"
"15:19:51.2271486","ZCode.exe","3104","CloseFile","C:\Program Files\ZCode","SUCCESS",""
"15:19:51.2272441","ZCode.exe","3104","RegOpenKey","HKLM\System\CurrentControlSet\Control\Session Manager\Memory Management","REPARSE","Desired Access: Query Value"
"15:19:51.2272877","ZCode.exe","3104","RegOpenKey","HKLM\System\CurrentControlSet\Control\Session Manager\Memory Management","SUCCESS","Desired Access: Query Value"
"15:19:51.2273241","ZCode.exe","3104","RegQueryValue","HKLM\System\CurrentControlSet\Control\Session Manager\Memory Management\HotPatchRestrictions","NAME NOT FOUND","Length: 20"
"15:19:51.2273570","ZCode.exe","3104","RegCloseKey","HKLM\System\CurrentControlSet\Control\Session Manager\Memory Management","SUCCESS",""
"15:19:51.2273865","ZCode.exe","3104","RegOpenKey","HKLM\SOFTWARE\Microsoft\Windows NT\CurrentVersion\Image File Execution Options\powershell.exe","NAME NOT FOUND","Desired Access: Query Value, Enumerate Sub Keys"
"15:19:51.2274194","ZCode.exe","3104","RegOpenKey","HKLM\Software\Microsoft\Wow64\x86\xtajit","NAME NOT FOUND","Desired Access: Query Value"
"15:19:51.2275976","ZCode.exe","3104","CreateFile","C:\Windows\System32\WindowsPowerShell\v1.0\powershell.exe","SUCCESS","Desired Access: Read Data/List Directory, Execute/Traverse, Read Attributes, Synchronize, Disposition: Open, Options: Synchronous IO Non-Alert, Non-Directory File, Attributes: N, ShareMode: Read, Delete, AllocationSize: n/a, OpenResult: Opened"
"15:19:51.2276514","ZCode.exe","3104","CreateFileMapping","C:\Windows\System32\WindowsPowerShell\v1.0\powershell.exe","FILE LOCKED WITH ONLY READERS","SyncType: SyncTypeCreateSection, PageProtection: PAGE_EXECUTE"
"15:19:51.2277063","ZCode.exe","3104","CreateFileMapping","C:\Windows\System32\WindowsPowerShell\v1.0\powershell.exe","SUCCESS","SyncType: SyncTypeOther"
"15:19:51.2277815","ZCode.exe","3104","RegOpenKey","HKLM\SOFTWARE\Microsoft\Windows NT\CurrentVersion\Image File Execution Options\powershell.exe","NAME NOT FOUND","Desired Access: Query Value, Enumerate Sub Keys"
"15:19:51.2278523","ZCode.exe","3104","QuerySecurityFile","C:\Windows\System32\WindowsPowerShell\v1.0\powershell.exe","SUCCESS","Information: Label"
"15:19:51.2279605","ZCode.exe","3104","QueryNameInformationFile","C:\Windows\System32\WindowsPowerShell\v1.0\powershell.exe","SUCCESS","Name: \Windows\System32\WindowsPowerShell\v1.0\powershell.exe"
"15:19:51.2400027","ZCode.exe","3104","RegOpenKey","HKLM\System\CurrentControlSet\Services\bam\State\UserSettings\S-1-5-21-3723388597-1227904235-2670526452-1001","SUCCESS","Desired Access: All Access"
"15:19:51.2400613","ZCode.exe","3104","RegQueryValue","HKLM\System\CurrentControlSet\Services\bam\State\UserSettings\S-1-5-21-3723388597-1227904235-2670526452-1001\\Device\HarddiskVolume3\Windows\System32\WindowsPowerShell\v1.0\powershell.exe","SUCCESS","Type: REG_BINARY, Length: 24, Data: 9C 81 5E 1C 51 05 DD 01 00 00 00 00 00 00 00 00"
"15:19:51.2401007","ZCode.exe","3104","RegSetValue","HKLM\System\CurrentControlSet\Services\bam\State\UserSettings\S-1-5-21-3723388597-1227904235-2670526452-1001\\Device\HarddiskVolume3\Windows\System32\WindowsPowerShell\v1.0\powershell.exe","SUCCESS","Type: REG_BINARY, Length: 24, Data: F6 BA 07 22 51 05 DD 01 00 00 00 00 00 00 00 00"
"15:19:51.2402511","ZCode.exe","3104","RegCloseKey","HKLM\System\CurrentControlSet\Services\bam\State\UserSettings\S-1-5-21-3723388597-1227904235-2670526452-1001","SUCCESS",""
"15:19:51.2402819","ZCode.exe","3104","RegOpenKey","HKLM\SYSTEM\CurrentControlSet\Control\Session Manager\BAM","REPARSE","Desired Access: Query Value"
"15:19:51.2403169","ZCode.exe","3104","RegOpenKey","HKLM\System\CurrentControlSet\Control\Session Manager\BAM","NAME NOT FOUND","Desired Access: Query Value"
"15:19:51.2404012","ZCode.exe","3104","Process Create","C:\WINDOWS\System32\WindowsPowerShell\v1.0\powershell.exe","SUCCESS","PID: 5640, Command line: powershell.exe -NoProfile -NonInteractive -Command ""$ErrorActionPreference = 'SilentlyContinue';;$ids = @(3104,7900,25308,10868,2068,25096,13452,24260,16624);;$processRows = @();;if ($ids.Count -gt 0) {;  $processRows = @(Get-Process -Id $ids -ErrorAction SilentlyContinue | Select-Object Id, @{n='ReadBytes';e={$_.IOReadBytes}}, @{n='WriteBytes';e={$_.IOWriteBytes}});;};$main = $null;;$p = Get-Process -Id 3104 -ErrorAction SilentlyContinue;;if ($p) {;  $gdi = -1;;  try {;    Add-Type -TypeDefinition @';using System;;using System.Runtime.InteropServices;;using System.Diagnostics;;public class ZCodeGuiStats {;  [DllImport(\""user32.dll\"")] public static extern uint GetGuiResources(IntPtr h, uint f);;  public static int Gdi(int pid) {;    var pr = Process.GetProcessById(pid);;    return (int)GetGuiResources(pr.Handle, 0);;  };};'@ -ErrorAction SilentlyContinue;;    $gdi = [ZCodeGuiStats]::Gdi(3104);;  } catch {};  $main = [pscustomobject]@{ Handles = $p.HandleCount; Threads = $p.Threads.Count; Gdi = $gdi };;};[pscustomobject]@{ processes = $processRows; main = $main } | ConvertTo-Json -Depth 4 -Compress"""
"15:19:51.2405695","ZCode.exe","3104","RegOpenKey","HKCU\Software\Microsoft\Windows\CurrentVersion\Explorer\Shell Folders","SUCCESS","Desired Access: Query Value"
"15:19:51.2406149","ZCode.exe","3104","RegQueryValue","HKCU\Software\Microsoft\Windows\CurrentVersion\Explorer\Shell Folders\Cache","SUCCESS","Type: REG_SZ, Length: 112, Data: C:\Users\DELL\AppData\Local\Microsoft\Windows\INetCache"
"15:19:51.2406478","ZCode.exe","3104","RegCloseKey","HKCU\Software\Microsoft\Windows\CurrentVersion\Explorer\Shell Folders","SUCCESS",""
"15:19:51.2406720","ZCode.exe","3104","RegOpenKey","HKCU\Software\Microsoft\Windows NT\CurrentVersion\AppCompatFlags\Layers","SUCCESS","Desired Access: Query Value"
"15:19:51.2407003","ZCode.exe","3104","RegQueryValue","HKCU\Software\Microsoft\Windows NT\CurrentVersion\AppCompatFlags\Layers\C:\WINDOWS\System32\WindowsPowerShell\v1.0\powershell.exe","NAME NOT FOUND","Length: 16"
"15:19:51.2407234","ZCode.exe","3104","RegCloseKey","HKCU\Software\Microsoft\Windows NT\CurrentVersion\AppCompatFlags\Layers","SUCCESS",""
"15:19:51.2407981","ZCode.exe","3104","QuerySecurityFile","C:\Windows\System32\WindowsPowerShell\v1.0\powershell.exe","SUCCESS","Information: Owner, Group, DACL, SACL, Label, Attribute, Process Trust Label, 0x100"
"15:19:51.2409412","ZCode.exe","3104","RegOpenKey","HKLM\Software\Microsoft\Windows NT\CurrentVersion\AppCompatFlags\SdbUpdates","SUCCESS","Desired Access: Read"
"15:19:51.2409755","ZCode.exe","3104","RegQueryValue","HKLM\SOFTWARE\Microsoft\Windows NT\CurrentVersion\AppCompatFlags\SdbUpdates\DisableDoubleQuerySdbs","NAME NOT FOUND","Length: 20"
"15:19:51.2410022","ZCode.exe","3104","RegCloseKey","HKLM\SOFTWARE\Microsoft\Windows NT\CurrentVersion\AppCompatFlags\SdbUpdates","SUCCESS",""
"15:19:51.2410327","ZCode.exe","3104","RegOpenKey","HKLM\Software\Microsoft\Windows NT\CurrentVersion\AppCompatFlags\SdbUpdates\ManifestedMergeStubSdbs","SUCCESS","Desired Access: Read"
"15:19:51.2410613","ZCode.exe","3104","RegEnumValue","HKLM\SOFTWARE\Microsoft\Windows NT\CurrentVersion\AppCompatFlags\SdbUpdates\ManifestedMergeStubSdbs","SUCCESS","Index: 0, Type: REG_SZ, Length: 24, Data: sysmain.sdb"
"15:19:51.2410899","ZCode.exe","3104","RegEnumValue","HKLM\SOFTWARE\Microsoft\Windows NT\CurrentVersion\AppCompatFlags\SdbUpdates\ManifestedMergeStubSdbs","SUCCESS","Index: 0, Type: REG_SZ"
"15:19:51.2411237","ZCode.exe","3104","RegCloseKey","HKLM\SOFTWARE\Microsoft\Windows NT\CurrentVersion\AppCompatFlags\SdbUpdates\ManifestedMergeStubSdbs","SUCCESS",""
"15:19:51.2411574","ZCode.exe","3104","RegOpenKey","HKLM\Software\Microsoft\Windows NT\CurrentVersion\AppCompatFlags\SdbUpdates","SUCCESS","Desired Access: Read"
"15:19:51.2411806","ZCode.exe","3104","RegQueryValue","HKLM\SOFTWARE\Microsoft\Windows NT\CurrentVersion\AppCompatFlags\SdbUpdates\StagedDelete_sysMerge.sdb","NAME NOT FOUND","Length: 0"
"15:19:51.2412038","ZCode.exe","3104","RegCloseKey","HKLM\SOFTWARE\Microsoft\Windows NT\CurrentVersion\AppCompatFlags\SdbUpdates","SUCCESS",""
"15:19:51.2412335","ZCode.exe","3104","RegOpenKey","HKLM\Software\Microsoft\Windows NT\CurrentVersion\AppCompatFlags\SdbUpdates","SUCCESS","Desired Access: Read"
"15:19:51.2412602","ZCode.exe","3104","RegQueryValue","HKLM\SOFTWARE\Microsoft\Windows NT\CurrentVersion\AppCompatFlags\SdbUpdates\sysMerge.sdb","BUFFER TOO SMALL","Length: 0"
"15:19:51.2412862","ZCode.exe","3104","RegQueryValue","HKLM\SOFTWARE\Microsoft\Windows NT\CurrentVersion\AppCompatFlags\SdbUpdates\sysMerge.sdb","SUCCESS","Type: REG_SZ, Length: 58, Data: 01DBFA347540B59D.sysmain.sdb"
"15:19:51.2413102","ZCode.exe","3104","RegQueryValue","HKLM\SOFTWARE\Microsoft\Windows NT\CurrentVersion\AppCompatFlags\SdbUpdates\MergeVer_sysMerge.sdb","SUCCESS","Type: REG_DWORD, Length: 4, Data: 1"
"15:19:51.2413322","ZCode.exe","3104","RegQueryValue","HKLM\SOFTWARE\Microsoft\Windows NT\CurrentVersion\AppCompatFlags\SdbUpdates\MergeVer","SUCCESS","Type: REG_DWORD, Length: 4, Data: 1"
"15:19:51.2413528","ZCode.exe","3104","RegQueryValue","HKLM\SOFTWARE\Microsoft\Windows NT\CurrentVersion\AppCompatFlags\SdbUpdates\MinMergeVer","SUCCESS","Type: REG_DWORD, Length: 4, Data: 0"
"15:19:51.2414459","ZCode.exe","3104","RegOpenKey","HKLM\Software\Microsoft\Windows NT\CurrentVersion\AppCompatFlags\SdbUpdates","SUCCESS","Desired Access: Read"
"15:19:51.2414744","ZCode.exe","3104","RegQueryValue","HKLM\SOFTWARE\Microsoft\Windows NT\CurrentVersion\AppCompatFlags\SdbUpdates\DisableDoubleQuerySdbs","NAME NOT FOUND","Length: 20"
"15:19:51.2414987","ZCode.exe","3104","RegCloseKey","HKLM\SOFTWARE\Microsoft\Windows NT\CurrentVersion\AppCompatFlags\SdbUpdates","SUCCESS",""
"15:19:51.2415459","ZCode.exe","3104","RegOpenKey","HKLM\Software\Microsoft\Windows NT\CurrentVersion\AppCompatFlags\SdbUpdates\ManifestedMergeStubSdbs","SUCCESS","Desired Access: Read"
"15:19:51.2415732","ZCode.exe","3104","RegEnumValue","HKLM\SOFTWARE\Microsoft\Windows NT\CurrentVersion\AppCompatFlags\SdbUpdates\ManifestedMergeStubSdbs","SUCCESS","Index: 0, Type: REG_SZ, Length: 24, Data: sysmain.sdb"
"15:19:51.2415943","ZCode.exe","3104","RegEnumValue","HKLM\SOFTWARE\Microsoft\Windows NT\CurrentVersion\AppCompatFlags\SdbUpdates\ManifestedMergeStubSdbs","SUCCESS","Index: 1, Type: REG_SZ, Length: 24, Data: msimain.sdb"
"15:19:51.2416148","ZCode.exe","3104","RegEnumValue","HKLM\SOFTWARE\Microsoft\Windows NT\CurrentVersion\AppCompatFlags\SdbUpdates\ManifestedMergeStubSdbs","NO MORE ENTRIES","Index: 2, Length: 42"
"15:19:51.2416371","ZCode.exe","3104","RegCloseKey","HKLM\SOFTWARE\Microsoft\Windows NT\CurrentVersion\AppCompatFlags\SdbUpdates\ManifestedMergeStubSdbs","SUCCESS",""
"15:19:51.2416619","ZCode.exe","3104","RegCloseKey","HKLM\SOFTWARE\Microsoft\Windows NT\CurrentVersion\AppCompatFlags\SdbUpdates","SUCCESS",""
"15:19:51.2417123","ZCode.exe","3104","RegOpenKey","HKLM\Software\Microsoft\Windows NT\CurrentVersion\AppCompatFlags\SdbUpdates","SUCCESS","Desired Access: Read"
"15:19:51.2417388","ZCode.exe","3104","RegQueryValue","HKLM\SOFTWARE\Microsoft\Windows NT\CurrentVersion\AppCompatFlags\SdbUpdates\StagedDelete_sysmain.sdb","NAME NOT FOUND","Length: 0"
"15:19:51.2417649","ZCode.exe","3104","RegCloseKey","HKLM\SOFTWARE\Microsoft\Windows NT\CurrentVersion\AppCompatFlags\SdbUpdates","SUCCESS",""
"15:19:51.2417910","ZCode.exe","3104","RegOpenKey","HKLM\Software\Microsoft\Windows NT\CurrentVersion\AppCompatFlags\SdbUpdates","SUCCESS","Desired Access: Read"
"15:19:51.2418167","ZCode.exe","3104","RegQueryValue","HKLM\SOFTWARE\Microsoft\Windows NT\CurrentVersion\AppCompatFlags\SdbUpdates\sysmain.sdb","BUFFER TOO SMALL","Length: 0"
"15:19:51.2418383","ZCode.exe","3104","RegQueryValue","HKLM\SOFTWARE\Microsoft\Windows NT\CurrentVersion\AppCompatFlags\SdbUpdates\sysmain.sdb","SUCCESS","Type: REG_SZ, Length: 58, Data: 01DD03FCD47E9A81.sysmain.sdb"
"15:19:51.2418697","ZCode.exe","3104","RegQueryValue","HKLM\SOFTWARE\Microsoft\Windows NT\CurrentVersion\AppCompatFlags\SdbUpdates\MergeVer_sysmain.sdb","SUCCESS","Type: REG_DWORD, Length: 4, Data: 1"
"15:19:51.2418972","ZCode.exe","3104","RegQueryValue","HKLM\SOFTWARE\Microsoft\Windows NT\CurrentVersion\AppCompatFlags\SdbUpdates\MergeVer","SUCCESS","Type: REG_DWORD, Length: 4, Data: 1"
"15:19:51.2419246","ZCode.exe","3104","RegQueryValue","HKLM\SOFTWARE\Microsoft\Windows NT\CurrentVersion\AppCompatFlags\SdbUpdates\MinMergeVer","SUCCESS","Type: REG_DWORD, Length: 4, Data: 0"
"15:19:51.2420009","ZCode.exe","3104","RegOpenKey","HKLM\Software\Microsoft\Windows NT\CurrentVersion\AppCompatFlags\SdbUpdates","SUCCESS","Desired Access: Read"
"15:19:51.2420355","ZCode.exe","3104","RegQueryValue","HKLM\SOFTWARE\Microsoft\Windows NT\CurrentVersion\AppCompatFlags\SdbUpdates\DisableDoubleQuerySdbs","NAME NOT FOUND","Length: 20"
"15:19:51.2420683","ZCode.exe","3104","RegCloseKey","HKLM\SOFTWARE\Microsoft\Windows NT\CurrentVersion\AppCompatFlags\SdbUpdates","SUCCESS",""
"15:19:51.2421059","ZCode.exe","3104","RegOpenKey","HKLM\Software\Microsoft\Windows NT\CurrentVersion\AppCompatFlags\SdbUpdates\ManifestedMergeStubSdbs","SUCCESS","Desired Access: Read"
"15:19:51.2421426","ZCode.exe","3104","RegEnumValue","HKLM\SOFTWARE\Microsoft\Windows NT\CurrentVersion\AppCompatFlags\SdbUpdates\ManifestedMergeStubSdbs","SUCCESS","Index: 0, Type: REG_SZ, Length: 24, Data: sysmain.sdb"
"15:19:51.2421738","ZCode.exe","3104","RegEnumValue","HKLM\SOFTWARE\Microsoft\Windows NT\CurrentVersion\AppCompatFlags\SdbUpdates\ManifestedMergeStubSdbs","SUCCESS","Index: 0, Type: REG_SZ"
"15:19:51.2422061","ZCode.exe","3104","RegCloseKey","HKLM\SOFTWARE\Microsoft\Windows NT\CurrentVersion\AppCompatFlags\SdbUpdates\ManifestedMergeStubSdbs","SUCCESS",""
"15:19:51.2422587","ZCode.exe","3104","RegCloseKey","HKLM\SOFTWARE\Microsoft\Windows NT\CurrentVersion\AppCompatFlags\SdbUpdates","SUCCESS",""
"15:19:51.2423055","ZCode.exe","3104","QueryBasicInformationFile","C:\Windows\System32\WindowsPowerShell\v1.0\powershell.exe","SUCCESS","CreationTime: 24-06-2026 11:34:17, LastAccessTime: 26-06-2026 15:19:51, LastWriteTime: 24-06-2026 11:34:17, ChangeTime: 24-06-2026 21:39:51, FileAttributes: A"
"15:19:51.2423965","ZCode.exe","3104","QueryBasicInformationFile","C:\Windows\System32\WindowsPowerShell\v1.0\powershell.exe","SUCCESS","CreationTime: 24-06-2026 11:34:17, LastAccessTime: 26-06-2026 15:19:51, LastWriteTime: 24-06-2026 11:34:17, ChangeTime: 24-06-2026 21:39:51, FileAttributes: A"
"15:19:51.2424973","ZCode.exe","3104","QueryNameInformationFile","C:\Windows\System32\WindowsPowerShell\v1.0\powershell.exe","SUCCESS","Name: \Windows\System32\WindowsPowerShell\v1.0\powershell.exe"
"15:19:51.2426262","ZCode.exe","3104","RegOpenKey","HKLM\Software\Microsoft\Windows\CurrentVersion\SideBySide","SUCCESS","Desired Access: Read"
"15:19:51.2426687","ZCode.exe","3104","RegQueryValue","HKLM\SOFTWARE\Microsoft\Windows\CurrentVersion\SideBySide\PreferExternalManifest","NAME NOT FOUND","Length: 20"
"15:19:51.2426952","ZCode.exe","3104","RegCloseKey","HKLM\SOFTWARE\Microsoft\Windows\CurrentVersion\SideBySide","SUCCESS",""
"15:19:51.2440822","ZCode.exe","3104","CloseFile","C:\Windows\System32\WindowsPowerShell\v1.0\powershell.exe","SUCCESS",""
"15:19:59.7218741","ZCode.exe","3104","Thread Exit","","SUCCESS","Thread ID: 3976, User Time: 0.0000000, Kernel Time: 0.0000000"
"15:19:59.7218773","ZCode.exe","3104","Thread Exit","","SUCCESS","Thread ID: 23888, User Time: 0.0000000, Kernel Time: 0.0000000"
"15:19:59.7219716","ZCode.exe","3104","Thread Exit","","SUCCESS","Thread ID: 15840, User Time: 0.0000000, Kernel Time: 0.0000000"
"15:20:00.3992081","ZCode.exe","3104","ReadFile","C:\Users\DELL\AppData\Roaming\ZCode\session\Local Storage\leveldb\000102.ldb","SUCCESS","Offset: 0, Length: 32934"
"15:20:00.3995602","ZCode.exe","3104","ReadFile","C:\Users\DELL\AppData\Roaming\ZCode\session\Local Storage\leveldb\000100.ldb","SUCCESS","Offset: 0, Length: 32584"
"15:20:00.3998179","ZCode.exe","3104","ReadFile","C:\Users\DELL\AppData\Roaming\ZCode\session\Local Storage\leveldb\000098.ldb","SUCCESS","Offset: 0, Length: 31196"
"15:20:00.4001004","ZCode.exe","3104","ReadFile","C:\Users\DELL\AppData\Roaming\ZCode\session\Local Storage\leveldb\000096.ldb","SUCCESS","Offset: 0, Length: 34484"
"15:20:00.4004544","ZCode.exe","3104","ReadFile","C:\Users\DELL\AppData\Roaming\ZCode\session\Local Storage\leveldb\000005.ldb","SUCCESS","Offset: 0, Length: 5125"
"15:20:00.4009851","ZCode.exe","3104","WriteFile","C:\Users\DELL\AppData\Roaming\ZCode\session\Local Storage\leveldb\000101.log","SUCCESS","Offset: -1, Length: 7"
"15:20:00.4010602","ZCode.exe","3104","WriteFile","C:\Users\DELL\AppData\Roaming\ZCode\session\Local Storage\leveldb\000101.log","SUCCESS","Offset: -1, Length: 12"
"15:20:00.4148846","ZCode.exe","25308","Thread Exit","","SUCCESS","Thread ID: 3560, User Time: 0.0156250, Kernel Time: 0.0000000"
"15:20:00.6829585","ZCode.exe","3104","Thread Exit","","SUCCESS","Thread ID: 6596, User Time: 0.0000000, Kernel Time: 0.0156250"
"15:20:00.6942750","ZCode.exe","3104","Thread Exit","","SUCCESS","Thread ID: 22052, User Time: 0.0000000, Kernel Time: 0.0156250"
"15:20:01.2266359","ZCode.exe","3104","CreateFile","C:\Program Files\ZCode\powershell.exe","NAME NOT FOUND","Desired Access: Read Attributes, Disposition: Open, Options: Open Reparse Point, Attributes: n/a, ShareMode: Read, Write, Delete, AllocationSize: n/a"
"15:20:01.2270043","ZCode.exe","3104","CreateFile","C:\Program Files\ZCode\powershell.exe.com","NAME NOT FOUND","Desired Access: Read Attributes, Disposition: Open, Options: Open Reparse Point, Attributes: n/a, ShareMode: Read, Write, Delete, AllocationSize: n/a"
"15:20:01.2272988","ZCode.exe","3104","CreateFile","C:\Program Files\ZCode\powershell.exe.exe","NAME NOT FOUND","Desired Access: Read Attributes, Disposition: Open, Options: Open Reparse Point, Attributes: n/a, ShareMode: Read, Write, Delete, AllocationSize: n/a"
"15:20:01.2276639","ZCode.exe","3104","CreateFile","C:\Program Files (x86)\Common Files\Oracle\Java\java8path_target_64312687\powershell.exe","REPARSE","Desired Access: Read Attributes, Disposition: Open, Options: Open Reparse Point, Attributes: n/a, ShareMode: Read, Write, Delete, AllocationSize: n/a, OpenResult: <unknown>"
"15:20:01.2279732","ZCode.exe","3104","CreateFile","C:\Program Files (x86)\Common Files\Oracle\Java\java8path_target_64312687\powershell.exe","NAME NOT FOUND","Desired Access: Read Attributes, Disposition: Open, Options: Open Reparse Point, Attributes: n/a, ShareMode: Read, Write, Delete, AllocationSize: n/a"
"15:20:01.2282822","ZCode.exe","3104","CreateFile","C:\Program Files (x86)\Common Files\Oracle\Java\java8path_target_64312687\powershell.exe.com","REPARSE","Desired Access: Read Attributes, Disposition: Open, Options: Open Reparse Point, Attributes: n/a, ShareMode: Read, Write, Delete, AllocationSize: n/a, OpenResult: <unknown>"
"15:20:01.2285339","ZCode.exe","3104","CreateFile","C:\Program Files (x86)\Common Files\Oracle\Java\java8path_target_64312687\powershell.exe.com","NAME NOT FOUND","Desired Access: Read Attributes, Disposition: Open, Options: Open Reparse Point, Attributes: n/a, ShareMode: Read, Write, Delete, AllocationSize: n/a"
"15:20:01.2288160","ZCode.exe","3104","CreateFile","C:\Program Files (x86)\Common Files\Oracle\Java\java8path_target_64312687\powershell.exe.exe","REPARSE","Desired Access: Read Attributes, Disposition: Open, Options: Open Reparse Point, Attributes: n/a, ShareMode: Read, Write, Delete, AllocationSize: n/a, OpenResult: <unknown>"
"15:20:01.2290819","ZCode.exe","3104","CreateFile","C:\Program Files (x86)\Common Files\Oracle\Java\java8path_target_64312687\powershell.exe.exe","NAME NOT FOUND","Desired Access: Read Attributes, Disposition: Open, Options: Open Reparse Point, Attributes: n/a, ShareMode: Read, Write, Delete, AllocationSize: n/a"
"15:20:01.2292646","ZCode.exe","3104","CreateFile","C:\Program Files (x86)\Common Files\Oracle\Java\javapath\powershell.exe","PATH NOT FOUND","Desired Access: Read Attributes, Disposition: Open, Options: Open Reparse Point, Attributes: n/a, ShareMode: Read, Write, Delete, AllocationSize: n/a"
"15:20:01.2294237","ZCode.exe","3104","CreateFile","C:\Program Files (x86)\Common Files\Oracle\Java\javapath\powershell.exe.com","PATH NOT FOUND","Desired Access: Read Attributes, Disposition: Open, Options: Open Reparse Point, Attributes: n/a, ShareMode: Read, Write, Delete, AllocationSize: n/a"
"15:20:01.2295898","ZCode.exe","3104","CreateFile","C:\Program Files (x86)\Common Files\Oracle\Java\javapath\powershell.exe.exe","PATH NOT FOUND","Desired Access: Read Attributes, Disposition: Open, Options: Open Reparse Point, Attributes: n/a, ShareMode: Read, Write, Delete, AllocationSize: n/a"
"15:20:01.2300064","ZCode.exe","3104","CreateFile","C:\Windows\System32\powershell.exe","NAME NOT FOUND","Desired Access: Read Attributes, Disposition: Open, Options: Open Reparse Point, Attributes: n/a, ShareMode: Read, Write, Delete, AllocationSize: n/a"
"15:20:01.2302861","ZCode.exe","3104","CreateFile","C:\Windows\System32\powershell.exe.com","NAME NOT FOUND","Desired Access: Read Attributes, Disposition: Open, Options: Open Reparse Point, Attributes: n/a, ShareMode: Read, Write, Delete, AllocationSize: n/a"
"15:20:01.2305525","ZCode.exe","3104","CreateFile","C:\Windows\System32\powershell.exe.exe","NAME NOT FOUND","Desired Access: Read Attributes, Disposition: Open, Options: Open Reparse Point, Attributes: n/a, ShareMode: Read, Write, Delete, AllocationSize: n/a"
"15:20:01.2308250","ZCode.exe","3104","CreateFile","C:\Windows\powershell.exe","NAME NOT FOUND","Desired Access: Read Attributes, Disposition: Open, Options: Open Reparse Point, Attributes: n/a, ShareMode: Read, Write, Delete, AllocationSize: n/a"
"15:20:01.2310889","ZCode.exe","3104","CreateFile","C:\Windows\powershell.exe.com","NAME NOT FOUND","Desired Access: Read Attributes, Disposition: Open, Options: Open Reparse Point, Attributes: n/a, ShareMode: Read, Write, Delete, AllocationSize: n/a"
"15:20:01.2313484","ZCode.exe","3104","CreateFile","C:\Windows\powershell.exe.exe","NAME NOT FOUND","Desired Access: Read Attributes, Disposition: Open, Options: Open Reparse Point, Attributes: n/a, ShareMode: Read, Write, Delete, AllocationSize: n/a"
"15:20:01.2316203","ZCode.exe","3104","CreateFile","C:\Windows\System32\wbem\powershell.exe","NAME NOT FOUND","Desired Access: Read Attributes, Disposition: Open, Options: Open Reparse Point, Attributes: n/a, ShareMode: Read, Write, Delete, AllocationSize: n/a"
"15:20:01.2319794","ZCode.exe","3104","CreateFile","C:\Windows\System32\wbem\powershell.exe.com","NAME NOT FOUND","Desired Access: Read Attributes, Disposition: Open, Options: Open Reparse Point, Attributes: n/a, ShareMode: Read, Write, Delete, AllocationSize: n/a"
"15:20:01.2322591","ZCode.exe","3104","CreateFile","C:\Windows\System32\wbem\powershell.exe.exe","NAME NOT FOUND","Desired Access: Read Attributes, Disposition: Open, Options: Open Reparse Point, Attributes: n/a, ShareMode: Read, Write, Delete, AllocationSize: n/a"
"15:20:01.2326272","ZCode.exe","3104","CreateFile","C:\Windows\System32\WindowsPowerShell\v1.0\powershell.exe","SUCCESS","Desired Access: Read Attributes, Disposition: Open, Options: Open Reparse Point, Attributes: n/a, ShareMode: Read, Write, Delete, AllocationSize: n/a, OpenResult: Opened"
"15:20:01.2327297","ZCode.exe","3104","QueryBasicInformationFile","C:\Windows\System32\WindowsPowerShell\v1.0\powershell.exe","SUCCESS","CreationTime: 24-06-2026 11:34:17, LastAccessTime: 26-06-2026 15:19:52, LastWriteTime: 24-06-2026 11:34:17, ChangeTime: 24-06-2026 21:39:51, FileAttributes: A"
"15:20:01.2327793","ZCode.exe","3104","CloseFile","C:\Windows\System32\WindowsPowerShell\v1.0\powershell.exe","SUCCESS",""
"15:20:01.2332593","ZCode.exe","3104","CreateFile","C:\Program Files\ZCode","SUCCESS","Desired Access: Read Attributes, Disposition: Open, Options: Open Reparse Point, Attributes: n/a, ShareMode: Read, Write, Delete, AllocationSize: n/a, OpenResult: Opened"
"15:20:01.2333334","ZCode.exe","3104","QueryBasicInformationFile","C:\Program Files\ZCode","SUCCESS","CreationTime: 25-06-2026 15:21:19, LastAccessTime: 26-06-2026 15:20:01, LastWriteTime: 26-06-2026 12:58:00, ChangeTime: 26-06-2026 12:58:00, FileAttributes: D"
"15:20:01.2333712","ZCode.exe","3104","CloseFile","C:\Program Files\ZCode","SUCCESS",""
"15:20:01.2335159","ZCode.exe","3104","RegOpenKey","HKLM\System\CurrentControlSet\Control\Session Manager\Memory Management","REPARSE","Desired Access: Query Value"
"15:20:01.2335669","ZCode.exe","3104","RegOpenKey","HKLM\System\CurrentControlSet\Control\Session Manager\Memory Management","SUCCESS","Desired Access: Query Value"
"15:20:01.2336211","ZCode.exe","3104","RegQueryValue","HKLM\System\CurrentControlSet\Control\Session Manager\Memory Management\HotPatchRestrictions","NAME NOT FOUND","Length: 20"
"15:20:01.2336600","ZCode.exe","3104","RegCloseKey","HKLM\System\CurrentControlSet\Control\Session Manager\Memory Management","SUCCESS",""
"15:20:01.2336951","ZCode.exe","3104","RegOpenKey","HKLM\SOFTWARE\Microsoft\Windows NT\CurrentVersion\Image File Execution Options\powershell.exe","NAME NOT FOUND","Desired Access: Query Value, Enumerate Sub Keys"
"15:20:01.2337301","ZCode.exe","3104","RegOpenKey","HKLM\Software\Microsoft\Wow64\x86\xtajit","NAME NOT FOUND","Desired Access: Query Value"
"15:20:01.2339540","ZCode.exe","3104","CreateFile","C:\Windows\System32\WindowsPowerShell\v1.0\powershell.exe","SUCCESS","Desired Access: Read Data/List Directory, Execute/Traverse, Read Attributes, Synchronize, Disposition: Open, Options: Synchronous IO Non-Alert, Non-Directory File, Attributes: N, ShareMode: Read, Delete, AllocationSize: n/a, OpenResult: Opened"
"15:20:01.2340165","ZCode.exe","3104","CreateFileMapping","C:\Windows\System32\WindowsPowerShell\v1.0\powershell.exe","FILE LOCKED WITH ONLY READERS","SyncType: SyncTypeCreateSection, PageProtection: PAGE_EXECUTE"
"15:20:01.2340760","ZCode.exe","3104","CreateFileMapping","C:\Windows\System32\WindowsPowerShell\v1.0\powershell.exe","SUCCESS","SyncType: SyncTypeOther"
"15:20:01.2341550","ZCode.exe","3104","RegOpenKey","HKLM\SOFTWARE\Microsoft\Windows NT\CurrentVersion\Image File Execution Options\powershell.exe","NAME NOT FOUND","Desired Access: Query Value, Enumerate Sub Keys"
"15:20:01.2342342","ZCode.exe","3104","QuerySecurityFile","C:\Windows\System32\WindowsPowerShell\v1.0\powershell.exe","SUCCESS","Information: Label"
"15:20:01.2343968","ZCode.exe","3104","QueryNameInformationFile","C:\Windows\System32\WindowsPowerShell\v1.0\powershell.exe","SUCCESS","Name: \Windows\System32\WindowsPowerShell\v1.0\powershell.exe"
"15:20:01.2513422","ZCode.exe","3104","RegOpenKey","HKLM\System\CurrentControlSet\Services\bam\State\UserSettings\S-1-5-21-3723388597-1227904235-2670526452-1001","SUCCESS","Desired Access: All Access"
"15:20:01.2514015","ZCode.exe","3104","RegQueryValue","HKLM\System\CurrentControlSet\Services\bam\State\UserSettings\S-1-5-21-3723388597-1227904235-2670526452-1001\\Device\HarddiskVolume3\Windows\System32\WindowsPowerShell\v1.0\powershell.exe","SUCCESS","Type: REG_BINARY, Length: 24, Data: 8B BC 8B 22 51 05 DD 01 00 00 00 00 00 00 00 00"
"15:20:01.2514454","ZCode.exe","3104","RegSetValue","HKLM\System\CurrentControlSet\Services\bam\State\UserSettings\S-1-5-21-3723388597-1227904235-2670526452-1001\\Device\HarddiskVolume3\Windows\System32\WindowsPowerShell\v1.0\powershell.exe","SUCCESS","Type: REG_BINARY, Length: 24, Data: F0 35 FF 27 51 05 DD 01 00 00 00 00 00 00 00 00"
"15:20:01.2516088","ZCode.exe","3104","RegCloseKey","HKLM\System\CurrentControlSet\Services\bam\State\UserSettings\S-1-5-21-3723388597-1227904235-2670526452-1001","SUCCESS",""
"15:20:01.2516402","ZCode.exe","3104","RegOpenKey","HKLM\SYSTEM\CurrentControlSet\Control\Session Manager\BAM","REPARSE","Desired Access: Query Value"
"15:20:01.2516666","ZCode.exe","3104","RegOpenKey","HKLM\System\CurrentControlSet\Control\Session Manager\BAM","NAME NOT FOUND","Desired Access: Query Value"
"15:20:01.2517386","ZCode.exe","3104","Process Create","C:\WINDOWS\System32\WindowsPowerShell\v1.0\powershell.exe","SUCCESS","PID: 24652, Command line: powershell.exe -NoProfile -NonInteractive -Command ""$ErrorActionPreference = 'SilentlyContinue';;$ids = @(3104,7900,25308,10868,2068,25096,13452,24260,16624);;$processRows = @();;if ($ids.Count -gt 0) {;  $processRows = @(Get-Process -Id $ids -ErrorAction SilentlyContinue | Select-Object Id, @{n='ReadBytes';e={$_.IOReadBytes}}, @{n='WriteBytes';e={$_.IOWriteBytes}});;};$main = $null;;$p = Get-Process -Id 3104 -ErrorAction SilentlyContinue;;if ($p) {;  $gdi = -1;;  try {;    Add-Type -TypeDefinition @';using System;;using System.Runtime.InteropServices;;using System.Diagnostics;;public class ZCodeGuiStats {;  [DllImport(\""user32.dll\"")] public static extern uint GetGuiResources(IntPtr h, uint f);;  public static int Gdi(int pid) {;    var pr = Process.GetProcessById(pid);;    return (int)GetGuiResources(pr.Handle, 0);;  };};'@ -ErrorAction SilentlyContinue;;    $gdi = [ZCodeGuiStats]::Gdi(3104);;  } catch {};  $main = [pscustomobject]@{ Handles = $p.HandleCount; Threads = $p.Threads.Count; Gdi = $gdi };;};[pscustomobject]@{ processes = $processRows; main = $main } | ConvertTo-Json -Depth 4 -Compress"""
"15:20:01.2519173","ZCode.exe","3104","RegOpenKey","HKCU\Software\Microsoft\Windows\CurrentVersion\Explorer\Shell Folders","SUCCESS","Desired Access: Query Value"
"15:20:01.2519707","ZCode.exe","3104","RegQueryValue","HKCU\Software\Microsoft\Windows\CurrentVersion\Explorer\Shell Folders\Cache","SUCCESS","Type: REG_SZ, Length: 112, Data: C:\Users\DELL\AppData\Local\Microsoft\Windows\INetCache"
"15:20:01.2520085","ZCode.exe","3104","RegCloseKey","HKCU\Software\Microsoft\Windows\CurrentVersion\Explorer\Shell Folders","SUCCESS",""
"15:20:01.2520382","ZCode.exe","3104","RegOpenKey","HKCU\Software\Microsoft\Windows NT\CurrentVersion\AppCompatFlags\Layers","SUCCESS","Desired Access: Query Value"
"15:20:01.2520738","ZCode.exe","3104","RegQueryValue","HKCU\Software\Microsoft\Windows NT\CurrentVersion\AppCompatFlags\Layers\C:\WINDOWS\System32\WindowsPowerShell\v1.0\powershell.exe","NAME NOT FOUND","Length: 16"
"15:20:01.2521017","ZCode.exe","3104","RegCloseKey","HKCU\Software\Microsoft\Windows NT\CurrentVersion\AppCompatFlags\Layers","SUCCESS",""
"15:20:01.2521572","ZCode.exe","3104","QuerySecurityFile","C:\Windows\System32\WindowsPowerShell\v1.0\powershell.exe","SUCCESS","Information: Owner, Group, DACL, SACL, Label, Attribute, Process Trust Label, 0x100"
"15:20:01.2522586","ZCode.exe","3104","RegOpenKey","HKLM\Software\Microsoft\Windows NT\CurrentVersion\AppCompatFlags\SdbUpdates","SUCCESS","Desired Access: Read"
"15:20:01.2523034","ZCode.exe","3104","RegQueryValue","HKLM\SOFTWARE\Microsoft\Windows NT\CurrentVersion\AppCompatFlags\SdbUpdates\DisableDoubleQuerySdbs","NAME NOT FOUND","Length: 20"
"15:20:01.2523381","ZCode.exe","3104","RegCloseKey","HKLM\SOFTWARE\Microsoft\Windows NT\CurrentVersion\AppCompatFlags\SdbUpdates","SUCCESS",""
"15:20:01.2523697","ZCode.exe","3104","RegOpenKey","HKLM\Software\Microsoft\Windows NT\CurrentVersion\AppCompatFlags\SdbUpdates\ManifestedMergeStubSdbs","SUCCESS","Desired Access: Read"
"15:20:01.2524049","ZCode.exe","3104","RegEnumValue","HKLM\SOFTWARE\Microsoft\Windows NT\CurrentVersion\AppCompatFlags\SdbUpdates\ManifestedMergeStubSdbs","SUCCESS","Index: 0, Type: REG_SZ, Length: 24, Data: sysmain.sdb"
"15:20:01.2524338","ZCode.exe","3104","RegEnumValue","HKLM\SOFTWARE\Microsoft\Windows NT\CurrentVersion\AppCompatFlags\SdbUpdates\ManifestedMergeStubSdbs","SUCCESS","Index: 0, Type: REG_SZ"
"15:20:01.2524649","ZCode.exe","3104","RegCloseKey","HKLM\SOFTWARE\Microsoft\Windows NT\CurrentVersion\AppCompatFlags\SdbUpdates\ManifestedMergeStubSdbs","SUCCESS",""
"15:20:01.2525079","ZCode.exe","3104","RegOpenKey","HKLM\Software\Microsoft\Windows NT\CurrentVersion\AppCompatFlags\SdbUpdates","SUCCESS","Desired Access: Read"
"15:20:01.2525386","ZCode.exe","3104","RegQueryValue","HKLM\SOFTWARE\Microsoft\Windows NT\CurrentVersion\AppCompatFlags\SdbUpdates\StagedDelete_sysMerge.sdb","NAME NOT FOUND","Length: 0"
"15:20:01.2525678","ZCode.exe","3104","RegCloseKey","HKLM\SOFTWARE\Microsoft\Windows NT\CurrentVersion\AppCompatFlags\SdbUpdates","SUCCESS",""
"15:20:01.2525972","ZCode.exe","3104","RegOpenKey","HKLM\Software\Microsoft\Windows NT\CurrentVersion\AppCompatFlags\SdbUpdates","SUCCESS","Desired Access: Read"
"15:20:01.2526252","ZCode.exe","3104","RegQueryValue","HKLM\SOFTWARE\Microsoft\Windows NT\CurrentVersion\AppCompatFlags\SdbUpdates\sysMerge.sdb","BUFFER TOO SMALL","Length: 0"
"15:20:01.2526510","ZCode.exe","3104","RegQueryValue","HKLM\SOFTWARE\Microsoft\Windows NT\CurrentVersion\AppCompatFlags\SdbUpdates\sysMerge.sdb","SUCCESS","Type: REG_SZ, Length: 58, Data: 01DBFA347540B59D.sysmain.sdb"
"15:20:01.2526865","ZCode.exe","3104","RegQueryValue","HKLM\SOFTWARE\Microsoft\Windows NT\CurrentVersion\AppCompatFlags\SdbUpdates\MergeVer_sysMerge.sdb","SUCCESS","Type: REG_DWORD, Length: 4, Data: 1"
"15:20:01.2527136","ZCode.exe","3104","RegQueryValue","HKLM\SOFTWARE\Microsoft\Windows NT\CurrentVersion\AppCompatFlags\SdbUpdates\MergeVer","SUCCESS","Type: REG_DWORD, Length: 4, Data: 1"
"15:20:01.2527387","ZCode.exe","3104","RegQueryValue","HKLM\SOFTWARE\Microsoft\Windows NT\CurrentVersion\AppCompatFlags\SdbUpdates\MinMergeVer","SUCCESS","Type: REG_DWORD, Length: 4, Data: 0"
"15:20:01.2528631","ZCode.exe","3104","RegOpenKey","HKLM\Software\Microsoft\Windows NT\CurrentVersion\AppCompatFlags\SdbUpdates","SUCCESS","Desired Access: Read"
"15:20:01.2529237","ZCode.exe","3104","RegQueryValue","HKLM\SOFTWARE\Microsoft\Windows NT\CurrentVersion\AppCompatFlags\SdbUpdates\DisableDoubleQuerySdbs","NAME NOT FOUND","Length: 20"
"15:20:01.2529728","ZCode.exe","3104","RegCloseKey","HKLM\SOFTWARE\Microsoft\Windows NT\CurrentVersion\AppCompatFlags\SdbUpdates","SUCCESS",""
"15:20:01.2530218","ZCode.exe","3104","RegOpenKey","HKLM\Software\Microsoft\Windows NT\CurrentVersion\AppCompatFlags\SdbUpdates\ManifestedMergeStubSdbs","SUCCESS","Desired Access: Read"
"15:20:01.2530731","ZCode.exe","3104","RegEnumValue","HKLM\SOFTWARE\Microsoft\Windows NT\CurrentVersion\AppCompatFlags\SdbUpdates\ManifestedMergeStubSdbs","SUCCESS","Index: 0, Type: REG_SZ, Length: 24, Data: sysmain.sdb"
"15:20:01.2531259","ZCode.exe","3104","RegEnumValue","HKLM\SOFTWARE\Microsoft\Windows NT\CurrentVersion\AppCompatFlags\SdbUpdates\ManifestedMergeStubSdbs","SUCCESS","Index: 1, Type: REG_SZ, Length: 24, Data: msimain.sdb"
"15:20:01.2531629","ZCode.exe","3104","RegEnumValue","HKLM\SOFTWARE\Microsoft\Windows NT\CurrentVersion\AppCompatFlags\SdbUpdates\ManifestedMergeStubSdbs","NO MORE ENTRIES","Index: 2, Length: 42"
"15:20:01.2532043","ZCode.exe","3104","RegCloseKey","HKLM\SOFTWARE\Microsoft\Windows NT\CurrentVersion\AppCompatFlags\SdbUpdates\ManifestedMergeStubSdbs","SUCCESS",""
"15:20:01.2532462","ZCode.exe","3104","RegCloseKey","HKLM\SOFTWARE\Microsoft\Windows NT\CurrentVersion\AppCompatFlags\SdbUpdates","SUCCESS",""
"15:20:01.2533328","ZCode.exe","3104","RegOpenKey","HKLM\Software\Microsoft\Windows NT\CurrentVersion\AppCompatFlags\SdbUpdates","SUCCESS","Desired Access: Read"
"15:20:01.2533843","ZCode.exe","3104","RegQueryValue","HKLM\SOFTWARE\Microsoft\Windows NT\CurrentVersion\AppCompatFlags\SdbUpdates\StagedDelete_sysmain.sdb","NAME NOT FOUND","Length: 0"
"15:20:01.2534333","ZCode.exe","3104","RegCloseKey","HKLM\SOFTWARE\Microsoft\Windows NT\CurrentVersion\AppCompatFlags\SdbUpdates","SUCCESS",""
"15:20:01.2534827","ZCode.exe","3104","RegOpenKey","HKLM\Software\Microsoft\Windows NT\CurrentVersion\AppCompatFlags\SdbUpdates","SUCCESS","Desired Access: Read"
"15:20:01.2535308","ZCode.exe","3104","RegQueryValue","HKLM\SOFTWARE\Microsoft\Windows NT\CurrentVersion\AppCompatFlags\SdbUpdates\sysmain.sdb","BUFFER TOO SMALL","Length: 0"
"15:20:01.2535736","ZCode.exe","3104","RegQueryValue","HKLM\SOFTWARE\Microsoft\Windows NT\CurrentVersion\AppCompatFlags\SdbUpdates\sysmain.sdb","SUCCESS","Type: REG_SZ, Length: 58, Data: 01DD03FCD47E9A81.sysmain.sdb"
"15:20:01.2536129","ZCode.exe","3104","RegQueryValue","HKLM\SOFTWARE\Microsoft\Windows NT\CurrentVersion\AppCompatFlags\SdbUpdates\MergeVer_sysmain.sdb","SUCCESS","Type: REG_DWORD, Length: 4, Data: 1"
"15:20:01.2536450","ZCode.exe","3104","RegQueryValue","HKLM\SOFTWARE\Microsoft\Windows NT\CurrentVersion\AppCompatFlags\SdbUpdates\MergeVer","SUCCESS","Type: REG_DWORD, Length: 4, Data: 1"
"15:20:01.2536729","ZCode.exe","3104","RegQueryValue","HKLM\SOFTWARE\Microsoft\Windows NT\CurrentVersion\AppCompatFlags\SdbUpdates\MinMergeVer","SUCCESS","Type: REG_DWORD, Length: 4, Data: 0"
"15:20:01.2537525","ZCode.exe","3104","RegOpenKey","HKLM\Software\Microsoft\Windows NT\CurrentVersion\AppCompatFlags\SdbUpdates","SUCCESS","Desired Access: Read"
"15:20:01.2537900","ZCode.exe","3104","RegQueryValue","HKLM\SOFTWARE\Microsoft\Windows NT\CurrentVersion\AppCompatFlags\SdbUpdates\DisableDoubleQuerySdbs","NAME NOT FOUND","Length: 20"
"15:20:01.2538242","ZCode.exe","3104","RegCloseKey","HKLM\SOFTWARE\Microsoft\Windows NT\CurrentVersion\AppCompatFlags\SdbUpdates","SUCCESS",""
"15:20:01.2538614","ZCode.exe","3104","RegOpenKey","HKLM\Software\Microsoft\Windows NT\CurrentVersion\AppCompatFlags\SdbUpdates\ManifestedMergeStubSdbs","SUCCESS","Desired Access: Read"
"15:20:01.2538999","ZCode.exe","3104","RegEnumValue","HKLM\SOFTWARE\Microsoft\Windows NT\CurrentVersion\AppCompatFlags\SdbUpdates\ManifestedMergeStubSdbs","SUCCESS","Index: 0, Type: REG_SZ, Length: 24, Data: sysmain.sdb"
"15:20:01.2539321","ZCode.exe","3104","RegEnumValue","HKLM\SOFTWARE\Microsoft\Windows NT\CurrentVersion\AppCompatFlags\SdbUpdates\ManifestedMergeStubSdbs","SUCCESS","Index: 0, Type: REG_SZ"
"15:20:01.2539668","ZCode.exe","3104","RegCloseKey","HKLM\SOFTWARE\Microsoft\Windows NT\CurrentVersion\AppCompatFlags\SdbUpdates\ManifestedMergeStubSdbs","SUCCESS",""
"15:20:01.2541710","ZCode.exe","3104","RegCloseKey","HKLM\SOFTWARE\Microsoft\Windows NT\CurrentVersion\AppCompatFlags\SdbUpdates","SUCCESS",""
"15:20:01.2542276","ZCode.exe","3104","QueryBasicInformationFile","C:\Windows\System32\WindowsPowerShell\v1.0\powershell.exe","SUCCESS","CreationTime: 24-06-2026 11:34:17, LastAccessTime: 26-06-2026 15:20:01, LastWriteTime: 24-06-2026 11:34:17, ChangeTime: 24-06-2026 21:39:51, FileAttributes: A"
"15:20:01.2543213","ZCode.exe","3104","QueryBasicInformationFile","C:\Windows\System32\WindowsPowerShell\v1.0\powershell.exe","SUCCESS","CreationTime: 24-06-2026 11:34:17, LastAccessTime: 26-06-2026 15:20:01, LastWriteTime: 24-06-2026 11:34:17, ChangeTime: 24-06-2026 21:39:51, FileAttributes: A"
"15:20:01.2543478","ZCode.exe","3104","QueryNameInformationFile","C:\Windows\System32\WindowsPowerShell\v1.0\powershell.exe","SUCCESS","Name: \Windows\System32\WindowsPowerShell\v1.0\powershell.exe"
"15:20:01.2546812","ZCode.exe","3104","RegOpenKey","HKLM\Software\Microsoft\Windows\CurrentVersion\SideBySide","SUCCESS","Desired Access: Read"
"15:20:01.2547418","ZCode.exe","3104","RegQueryValue","HKLM\SOFTWARE\Microsoft\Windows\CurrentVersion\SideBySide\PreferExternalManifest","NAME NOT FOUND","Length: 20"
"15:20:01.2548534","ZCode.exe","3104","RegCloseKey","HKLM\SOFTWARE\Microsoft\Windows\CurrentVersion\SideBySide","SUCCESS",""
"15:20:01.2579871","ZCode.exe","3104","CloseFile","C:\Windows\System32\WindowsPowerShell\v1.0\powershell.exe","SUCCESS",""
"15:20:02.5534923","ZCode.exe","2068","Thread Exit","","SUCCESS","Thread ID: 18532, User Time: 0.0000000, Kernel Time: 0.0000000"
"15:20:03.2279942","ZCode.exe","16228","Thread Exit","","SUCCESS","Thread ID: 10820, User Time: 0.0000000, Kernel Time: 0.0000000"
"15:20:03.2280590","ZCode.exe","16228","Thread Exit","","SUCCESS","Thread ID: 19040, User Time: 0.0000000, Kernel Time: 0.0000000"
"15:20:03.5339229","ZCode.exe","25308","TCP TCPCopy","Atharv:50374 -> ec2-35-86-48-215.us-west-2.compute.amazonaws.com:https","SUCCESS","Length: 39, seqnum: 0, connid: 0"
"15:20:03.5339245","ZCode.exe","25308","TCP TCPCopy","Atharv:50374 -> ec2-35-86-48-215.us-west-2.compute.amazonaws.com:https","SUCCESS","Length: 24, seqnum: 0, connid: 0"
"15:20:03.5339611","ZCode.exe","25308","TCP Receive","Atharv:50374 -> ec2-35-86-48-215.us-west-2.compute.amazonaws.com:https","SUCCESS","Length: 63, seqnum: 0, connid: 0"
"15:20:03.8356592","ZCode.exe","25308","TCP Disconnect","Atharv:50374 -> ec2-35-86-48-215.us-west-2.compute.amazonaws.com:https","SUCCESS","Length: 0, seqnum: 0, connid: 0"
"15:20:04.0191286","ZCode.exe","16228","CreateFile","C:\Users\DELL\.zcode\cli\log","SUCCESS","Desired Access: Read Data/List Directory, Read Attributes, Synchronize, Disposition: Open, Options: Synchronous IO Non-Alert, Attributes: n/a, ShareMode: Read, Write, Delete, AllocationSize: n/a, OpenResult: Opened"
"15:20:04.0192329","ZCode.exe","16228","QueryDirectory","C:\Users\DELL\.zcode\cli\log","SUCCESS","FileInformationClass: FileDirectoryInformation, 1: ., 2: .., 3: zcode-2026-06-25.jsonl, 4: zcode-2026-06-26.jsonl"
"15:20:04.0193303","ZCode.exe","16228","QueryDirectory","C:\Users\DELL\.zcode\cli\log","NO MORE FILES","FileInformationClass: FileDirectoryInformation"
"15:20:04.0193635","ZCode.exe","16228","CloseFile","C:\Users\DELL\.zcode\cli\log","SUCCESS",""
"15:20:06.6410395","ZCode.exe","25308","TCP TCPCopy","Atharv:63157 -> ec2-35-86-48-215.us-west-2.compute.amazonaws.com:https","SUCCESS","Length: 63, seqnum: 0, connid: 0"
"15:20:06.6410686","ZCode.exe","25308","TCP Receive","Atharv:63157 -> ec2-35-86-48-215.us-west-2.compute.amazonaws.com:https","SUCCESS","Length: 63, seqnum: 0, connid: 0"
"15:20:06.7764724","ZCode.exe","16228","CreateFile","C:\Users\DELL\.zcode\cli\log","SUCCESS","Desired Access: Read Data/List Directory, Read Attributes, Synchronize, Disposition: Open, Options: Synchronous IO Non-Alert, Attributes: n/a, ShareMode: Read, Write, Delete, AllocationSize: n/a, OpenResult: Opened"
"15:20:06.7765426","ZCode.exe","16228","QueryDirectory","C:\Users\DELL\.zcode\cli\log","SUCCESS","FileInformationClass: FileDirectoryInformation, 1: ., 2: .., 3: zcode-2026-06-25.jsonl, 4: zcode-2026-06-26.jsonl"
"15:20:06.7766116","ZCode.exe","16228","QueryDirectory","C:\Users\DELL\.zcode\cli\log","NO MORE FILES","FileInformationClass: FileDirectoryInformation"
"15:20:06.7766331","ZCode.exe","16228","CloseFile","C:\Users\DELL\.zcode\cli\log","SUCCESS",""
"15:20:08.3097780","ZCode.exe","16624","Thread Exit","","SUCCESS","Thread ID: 18440, User Time: 0.0000000, Kernel Time: 0.0156250"
"15:20:08.3098010","ZCode.exe","16624","Thread Exit","","SUCCESS","Thread ID: 23840, User Time: 0.0000000, Kernel Time: 0.0000000"
"15:20:08.3101484","ZCode.exe","16624","Thread Exit","","SUCCESS","Thread ID: 20832, User Time: 0.0000000, Kernel Time: 0.0000000"
"15:20:09.2725962","node.exe","14552","Thread Exit","","SUCCESS","Thread ID: 7276, User Time: 0.0000000, Kernel Time: 0.0000000"
"15:20:09.2726164","node.exe","14552","Thread Exit","","SUCCESS","Thread ID: 19224, User Time: 0.0000000, Kernel Time: 0.0000000"
"15:20:11.2320412","ZCode.exe","3104","CreateFile","C:\Program Files\ZCode\powershell.exe","NAME NOT FOUND","Desired Access: Read Attributes, Disposition: Open, Options: Open Reparse Point, Attributes: n/a, ShareMode: Read, Write, Delete, AllocationSize: n/a"
"15:20:11.2325337","ZCode.exe","3104","CreateFile","C:\Program Files\ZCode\powershell.exe.com","NAME NOT FOUND","Desired Access: Read Attributes, Disposition: Open, Options: Open Reparse Point, Attributes: n/a, ShareMode: Read, Write, Delete, AllocationSize: n/a"
"15:20:11.2330036","ZCode.exe","3104","CreateFile","C:\Program Files\ZCode\powershell.exe.exe","NAME NOT FOUND","Desired Access: Read Attributes, Disposition: Open, Options: Open Reparse Point, Attributes: n/a, ShareMode: Read, Write, Delete, AllocationSize: n/a"
"15:20:11.2334768","ZCode.exe","3104","CreateFile","C:\Program Files (x86)\Common Files\Oracle\Java\java8path_target_64312687\powershell.exe","REPARSE","Desired Access: Read Attributes, Disposition: Open, Options: Open Reparse Point, Attributes: n/a, ShareMode: Read, Write, Delete, AllocationSize: n/a, OpenResult: <unknown>"
"15:20:11.2338222","ZCode.exe","3104","CreateFile","C:\Program Files (x86)\Common Files\Oracle\Java\java8path_target_64312687\powershell.exe","NAME NOT FOUND","Desired Access: Read Attributes, Disposition: Open, Options: Open Reparse Point, Attributes: n/a, ShareMode: Read, Write, Delete, AllocationSize: n/a"
"15:20:11.2341426","ZCode.exe","3104","CreateFile","C:\Program Files (x86)\Common Files\Oracle\Java\java8path_target_64312687\powershell.exe.com","REPARSE","Desired Access: Read Attributes, Disposition: Open, Options: Open Reparse Point, Attributes: n/a, ShareMode: Read, Write, Delete, AllocationSize: n/a, OpenResult: <unknown>"
"15:20:11.2344074","ZCode.exe","3104","CreateFile","C:\Program Files (x86)\Common Files\Oracle\Java\java8path_target_64312687\powershell.exe.com","NAME NOT FOUND","Desired Access: Read Attributes, Disposition: Open, Options: Open Reparse Point, Attributes: n/a, ShareMode: Read, Write, Delete, AllocationSize: n/a"
"15:20:11.2356820","ZCode.exe","3104","CreateFile","C:\Program Files (x86)\Common Files\Oracle\Java\java8path_target_64312687\powershell.exe.exe","REPARSE","Desired Access: Read Attributes, Disposition: Open, Options: Open Reparse Point, Attributes: n/a, ShareMode: Read, Write, Delete, AllocationSize: n/a, OpenResult: <unknown>"
"15:20:11.2359475","ZCode.exe","3104","CreateFile","C:\Program Files (x86)\Common Files\Oracle\Java\java8path_target_64312687\powershell.exe.exe","NAME NOT FOUND","Desired Access: Read Attributes, Disposition: Open, Options: Open Reparse Point, Attributes: n/a, ShareMode: Read, Write, Delete, AllocationSize: n/a"
"15:20:11.2361693","ZCode.exe","3104","CreateFile","C:\Program Files (x86)\Common Files\Oracle\Java\javapath\powershell.exe","PATH NOT FOUND","Desired Access: Read Attributes, Disposition: Open, Options: Open Reparse Point, Attributes: n/a, ShareMode: Read, Write, Delete, AllocationSize: n/a"
"15:20:11.2364730","ZCode.exe","3104","CreateFile","C:\Program Files (x86)\Common Files\Oracle\Java\javapath\powershell.exe.com","PATH NOT FOUND","Desired Access: Read Attributes, Disposition: Open, Options: Open Reparse Point, Attributes: n/a, ShareMode: Read, Write, Delete, AllocationSize: n/a"
"15:20:11.2366852","ZCode.exe","3104","CreateFile","C:\Program Files (x86)\Common Files\Oracle\Java\javapath\powershell.exe.exe","PATH NOT FOUND","Desired Access: Read Attributes, Disposition: Open, Options: Open Reparse Point, Attributes: n/a, ShareMode: Read, Write, Delete, AllocationSize: n/a"
"15:20:11.2369724","ZCode.exe","3104","CreateFile","C:\Windows\System32\powershell.exe","NAME NOT FOUND","Desired Access: Read Attributes, Disposition: Open, Options: Open Reparse Point, Attributes: n/a, ShareMode: Read, Write, Delete, AllocationSize: n/a"
"15:20:11.2372383","ZCode.exe","3104","CreateFile","C:\Windows\System32\powershell.exe.com","NAME NOT FOUND","Desired Access: Read Attributes, Disposition: Open, Options: Open Reparse Point, Attributes: n/a, ShareMode: Read, Write, Delete, AllocationSize: n/a"
"15:20:11.2374923","ZCode.exe","3104","CreateFile","C:\Windows\System32\powershell.exe.exe","NAME NOT FOUND","Desired Access: Read Attributes, Disposition: Open, Options: Open Reparse Point, Attributes: n/a, ShareMode: Read, Write, Delete, AllocationSize: n/a"
"15:20:11.2377901","ZCode.exe","3104","CreateFile","C:\Windows\powershell.exe","NAME NOT FOUND","Desired Access: Read Attributes, Disposition: Open, Options: Open Reparse Point, Attributes: n/a, ShareMode: Read, Write, Delete, AllocationSize: n/a"
"15:20:11.2381136","ZCode.exe","3104","CreateFile","C:\Windows\powershell.exe.com","NAME NOT FOUND","Desired Access: Read Attributes, Disposition: Open, Options: Open Reparse Point, Attributes: n/a, ShareMode: Read, Write, Delete, AllocationSize: n/a"
"15:20:11.2384041","ZCode.exe","3104","CreateFile","C:\Windows\powershell.exe.exe","NAME NOT FOUND","Desired Access: Read Attributes, Disposition: Open, Options: Open Reparse Point, Attributes: n/a, ShareMode: Read, Write, Delete, AllocationSize: n/a"
"15:20:11.2386350","ZCode.exe","3104","CreateFile","C:\Windows\System32\wbem\powershell.exe","NAME NOT FOUND","Desired Access: Read Attributes, Disposition: Open, Options: Open Reparse Point, Attributes: n/a, ShareMode: Read, Write, Delete, AllocationSize: n/a"
"15:20:11.2388309","ZCode.exe","3104","CreateFile","C:\Windows\System32\wbem\powershell.exe.com","NAME NOT FOUND","Desired Access: Read Attributes, Disposition: Open, Options: Open Reparse Point, Attributes: n/a, ShareMode: Read, Write, Delete, AllocationSize: n/a"
"15:20:11.2390205","ZCode.exe","3104","CreateFile","C:\Windows\System32\wbem\powershell.exe.exe","NAME NOT FOUND","Desired Access: Read Attributes, Disposition: Open, Options: Open Reparse Point, Attributes: n/a, ShareMode: Read, Write, Delete, AllocationSize: n/a"
"15:20:11.2392221","ZCode.exe","3104","CreateFile","C:\Windows\System32\WindowsPowerShell\v1.0\powershell.exe","SUCCESS","Desired Access: Read Attributes, Disposition: Open, Options: Open Reparse Point, Attributes: n/a, ShareMode: Read, Write, Delete, AllocationSize: n/a, OpenResult: Opened"
"15:20:11.2392804","ZCode.exe","3104","QueryBasicInformationFile","C:\Windows\System32\WindowsPowerShell\v1.0\powershell.exe","SUCCESS","CreationTime: 24-06-2026 11:34:17, LastAccessTime: 26-06-2026 15:20:01, LastWriteTime: 24-06-2026 11:34:17, ChangeTime: 24-06-2026 21:39:51, FileAttributes: A"
"15:20:11.2393164","ZCode.exe","3104","CloseFile","C:\Windows\System32\WindowsPowerShell\v1.0\powershell.exe","SUCCESS",""
"15:20:11.2397415","ZCode.exe","3104","CreateFile","C:\Program Files\ZCode","SUCCESS","Desired Access: Read Attributes, Disposition: Open, Options: Open Reparse Point, Attributes: n/a, ShareMode: Read, Write, Delete, AllocationSize: n/a, OpenResult: Opened"
"15:20:11.2397921","ZCode.exe","3104","QueryBasicInformationFile","C:\Program Files\ZCode","SUCCESS","CreationTime: 25-06-2026 15:21:19, LastAccessTime: 26-06-2026 15:20:11, LastWriteTime: 26-06-2026 12:58:00, ChangeTime: 26-06-2026 12:58:00, FileAttributes: D"
"15:20:11.2398154","ZCode.exe","3104","CloseFile","C:\Program Files\ZCode","SUCCESS",""
"15:20:11.2398871","ZCode.exe","3104","RegOpenKey","HKLM\System\CurrentControlSet\Control\Session Manager\Memory Management","REPARSE","Desired Access: Query Value"
"15:20:11.2399693","ZCode.exe","3104","RegOpenKey","HKLM\System\CurrentControlSet\Control\Session Manager\Memory Management","SUCCESS","Desired Access: Query Value"
"15:20:11.2400348","ZCode.exe","3104","RegQueryValue","HKLM\System\CurrentControlSet\Control\Session Manager\Memory Management\HotPatchRestrictions","NAME NOT FOUND","Length: 20"
"15:20:11.2400757","ZCode.exe","3104","RegCloseKey","HKLM\System\CurrentControlSet\Control\Session Manager\Memory Management","SUCCESS",""
"15:20:11.2401098","ZCode.exe","3104","RegOpenKey","HKLM\SOFTWARE\Microsoft\Windows NT\CurrentVersion\Image File Execution Options\powershell.exe","NAME NOT FOUND","Desired Access: Query Value, Enumerate Sub Keys"
"15:20:11.2401446","ZCode.exe","3104","RegOpenKey","HKLM\Software\Microsoft\Wow64\x86\xtajit","NAME NOT FOUND","Desired Access: Query Value"
"15:20:11.2403674","ZCode.exe","3104","CreateFile","C:\Windows\System32\WindowsPowerShell\v1.0\powershell.exe","SUCCESS","Desired Access: Read Data/List Directory, Execute/Traverse, Read Attributes, Synchronize, Disposition: Open, Options: Synchronous IO Non-Alert, Non-Directory File, Attributes: N, ShareMode: Read, Delete, AllocationSize: n/a, OpenResult: Opened"
"15:20:11.2404360","ZCode.exe","3104","CreateFileMapping","C:\Windows\System32\WindowsPowerShell\v1.0\powershell.exe","FILE LOCKED WITH ONLY READERS","SyncType: SyncTypeCreateSection, PageProtection: PAGE_EXECUTE"
"15:20:11.2405022","ZCode.exe","3104","CreateFileMapping","C:\Windows\System32\WindowsPowerShell\v1.0\powershell.exe","SUCCESS","SyncType: SyncTypeOther"
"15:20:11.2405927","ZCode.exe","3104","RegOpenKey","HKLM\SOFTWARE\Microsoft\Windows NT\CurrentVersion\Image File Execution Options\powershell.exe","NAME NOT FOUND","Desired Access: Query Value, Enumerate Sub Keys"
"15:20:11.2406690","ZCode.exe","3104","QuerySecurityFile","C:\Windows\System32\WindowsPowerShell\v1.0\powershell.exe","SUCCESS","Information: Label"
"15:20:11.2409916","ZCode.exe","3104","QueryNameInformationFile","C:\Windows\System32\WindowsPowerShell\v1.0\powershell.exe","SUCCESS","Name: \Windows\System32\WindowsPowerShell\v1.0\powershell.exe"
"15:20:11.2539912","ZCode.exe","3104","RegOpenKey","HKLM\System\CurrentControlSet\Services\bam\State\UserSettings\S-1-5-21-3723388597-1227904235-2670526452-1001","SUCCESS","Desired Access: All Access"
"15:20:11.2540549","ZCode.exe","3104","RegQueryValue","HKLM\System\CurrentControlSet\Services\bam\State\UserSettings\S-1-5-21-3723388597-1227904235-2670526452-1001\\Device\HarddiskVolume3\Windows\System32\WindowsPowerShell\v1.0\powershell.exe","SUCCESS","Type: REG_BINARY, Length: 24, Data: 73 14 6F 28 51 05 DD 01 00 00 00 00 00 00 00 00"
"15:20:11.2540912","ZCode.exe","3104","RegSetValue","HKLM\System\CurrentControlSet\Services\bam\State\UserSettings\S-1-5-21-3723388597-1227904235-2670526452-1001\\Device\HarddiskVolume3\Windows\System32\WindowsPowerShell\v1.0\powershell.exe","SUCCESS","Type: REG_BINARY, Length: 24, Data: 0E 8B F5 2D 51 05 DD 01 00 00 00 00 00 00 00 00"
"15:20:11.2542576","ZCode.exe","3104","RegCloseKey","HKLM\System\CurrentControlSet\Services\bam\State\UserSettings\S-1-5-21-3723388597-1227904235-2670526452-1001","SUCCESS",""
"15:20:11.2542957","ZCode.exe","3104","RegOpenKey","HKLM\SYSTEM\CurrentControlSet\Control\Session Manager\BAM","REPARSE","Desired Access: Query Value"
"15:20:11.2543237","ZCode.exe","3104","RegOpenKey","HKLM\System\CurrentControlSet\Control\Session Manager\BAM","NAME NOT FOUND","Desired Access: Query Value"
"15:20:11.2544208","ZCode.exe","3104","Process Create","C:\WINDOWS\System32\WindowsPowerShell\v1.0\powershell.exe","SUCCESS","PID: 12252, Command line: powershell.exe -NoProfile -NonInteractive -Command ""$ErrorActionPreference = 'SilentlyContinue';;$ids = @(3104,7900,25308,10868,2068,25096,13452,24260,16624);;$processRows = @();;if ($ids.Count -gt 0) {;  $processRows = @(Get-Process -Id $ids -ErrorAction SilentlyContinue | Select-Object Id, @{n='ReadBytes';e={$_.IOReadBytes}}, @{n='WriteBytes';e={$_.IOWriteBytes}});;};$main = $null;;$p = Get-Process -Id 3104 -ErrorAction SilentlyContinue;;if ($p) {;  $gdi = -1;;  try {;    Add-Type -TypeDefinition @';using System;;using System.Runtime.InteropServices;;using System.Diagnostics;;public class ZCodeGuiStats {;  [DllImport(\""user32.dll\"")] public static extern uint GetGuiResources(IntPtr h, uint f);;  public static int Gdi(int pid) {;    var pr = Process.GetProcessById(pid);;    return (int)GetGuiResources(pr.Handle, 0);;  };};'@ -ErrorAction SilentlyContinue;;    $gdi = [ZCodeGuiStats]::Gdi(3104);;  } catch {};  $main = [pscustomobject]@{ Handles = $p.HandleCount; Threads = $p.Threads.Count; Gdi = $gdi };;};[pscustomobject]@{ processes = $processRows; main = $main } | ConvertTo-Json -Depth 4 -Compress"""
"15:20:11.2545671","ZCode.exe","3104","RegOpenKey","HKCU\Software\Microsoft\Windows\CurrentVersion\Explorer\Shell Folders","SUCCESS","Desired Access: Query Value"
"15:20:11.2546039","ZCode.exe","3104","RegQueryValue","HKCU\Software\Microsoft\Windows\CurrentVersion\Explorer\Shell Folders\Cache","SUCCESS","Type: REG_SZ, Length: 112, Data: C:\Users\DELL\AppData\Local\Microsoft\Windows\INetCache"
"15:20:11.2546311","ZCode.exe","3104","RegCloseKey","HKCU\Software\Microsoft\Windows\CurrentVersion\Explorer\Shell Folders","SUCCESS",""
"15:20:11.2546526","ZCode.exe","3104","RegOpenKey","HKCU\Software\Microsoft\Windows NT\CurrentVersion\AppCompatFlags\Layers","SUCCESS","Desired Access: Query Value"
"15:20:11.2546974","ZCode.exe","3104","RegQueryValue","HKCU\Software\Microsoft\Windows NT\CurrentVersion\AppCompatFlags\Layers\C:\WINDOWS\System32\WindowsPowerShell\v1.0\powershell.exe","NAME NOT FOUND","Length: 16"
"15:20:11.2547171","ZCode.exe","3104","RegCloseKey","HKCU\Software\Microsoft\Windows NT\CurrentVersion\AppCompatFlags\Layers","SUCCESS",""
"15:20:11.2547587","ZCode.exe","3104","QuerySecurityFile","C:\Windows\System32\WindowsPowerShell\v1.0\powershell.exe","SUCCESS","Information: Owner, Group, DACL, SACL, Label, Attribute, Process Trust Label, 0x100"
"15:20:11.2548491","ZCode.exe","3104","RegOpenKey","HKLM\Software\Microsoft\Windows NT\CurrentVersion\AppCompatFlags\SdbUpdates","SUCCESS","Desired Access: Read"
"15:20:11.2548811","ZCode.exe","3104","RegQueryValue","HKLM\SOFTWARE\Microsoft\Windows NT\CurrentVersion\AppCompatFlags\SdbUpdates\DisableDoubleQuerySdbs","NAME NOT FOUND","Length: 20"
"15:20:11.2549109","ZCode.exe","3104","RegCloseKey","HKLM\SOFTWARE\Microsoft\Windows NT\CurrentVersion\AppCompatFlags\SdbUpdates","SUCCESS",""
"15:20:11.2549333","ZCode.exe","3104","RegOpenKey","HKLM\Software\Microsoft\Windows NT\CurrentVersion\AppCompatFlags\SdbUpdates\ManifestedMergeStubSdbs","SUCCESS","Desired Access: Read"
"15:20:11.2549578","ZCode.exe","3104","RegEnumValue","HKLM\SOFTWARE\Microsoft\Windows NT\CurrentVersion\AppCompatFlags\SdbUpdates\ManifestedMergeStubSdbs","SUCCESS","Index: 0, Type: REG_SZ, Length: 24, Data: sysmain.sdb"
"15:20:11.2549802","ZCode.exe","3104","RegEnumValue","HKLM\SOFTWARE\Microsoft\Windows NT\CurrentVersion\AppCompatFlags\SdbUpdates\ManifestedMergeStubSdbs","SUCCESS","Index: 0, Type: REG_SZ"
"15:20:11.2550027","ZCode.exe","3104","RegCloseKey","HKLM\SOFTWARE\Microsoft\Windows NT\CurrentVersion\AppCompatFlags\SdbUpdates\ManifestedMergeStubSdbs","SUCCESS",""
"15:20:11.2550364","ZCode.exe","3104","RegOpenKey","HKLM\Software\Microsoft\Windows NT\CurrentVersion\AppCompatFlags\SdbUpdates","SUCCESS","Desired Access: Read"
"15:20:11.2550643","ZCode.exe","3104","RegQueryValue","HKLM\SOFTWARE\Microsoft\Windows NT\CurrentVersion\AppCompatFlags\SdbUpdates\StagedDelete_sysMerge.sdb","NAME NOT FOUND","Length: 0"
"15:20:11.2550905","ZCode.exe","3104","RegCloseKey","HKLM\SOFTWARE\Microsoft\Windows NT\CurrentVersion\AppCompatFlags\SdbUpdates","SUCCESS",""
"15:20:11.2551264","ZCode.exe","3104","RegOpenKey","HKLM\Software\Microsoft\Windows NT\CurrentVersion\AppCompatFlags\SdbUpdates","SUCCESS","Desired Access: Read"
"15:20:11.2551603","ZCode.exe","3104","RegQueryValue","HKLM\SOFTWARE\Microsoft\Windows NT\CurrentVersion\AppCompatFlags\SdbUpdates\sysMerge.sdb","BUFFER TOO SMALL","Length: 0"
"15:20:11.2551905","ZCode.exe","3104","RegQueryValue","HKLM\SOFTWARE\Microsoft\Windows NT\CurrentVersion\AppCompatFlags\SdbUpdates\sysMerge.sdb","SUCCESS","Type: REG_SZ, Length: 58, Data: 01DBFA347540B59D.sysmain.sdb"
"15:20:11.2552229","ZCode.exe","3104","RegQueryValue","HKLM\SOFTWARE\Microsoft\Windows NT\CurrentVersion\AppCompatFlags\SdbUpdates\MergeVer_sysMerge.sdb","SUCCESS","Type: REG_DWORD, Length: 4, Data: 1"
"15:20:11.2552523","ZCode.exe","3104","RegQueryValue","HKLM\SOFTWARE\Microsoft\Windows NT\CurrentVersion\AppCompatFlags\SdbUpdates\MergeVer","SUCCESS","Type: REG_DWORD, Length: 4, Data: 1"
"15:20:11.2552779","ZCode.exe","3104","RegQueryValue","HKLM\SOFTWARE\Microsoft\Windows NT\CurrentVersion\AppCompatFlags\SdbUpdates\MinMergeVer","SUCCESS","Type: REG_DWORD, Length: 4, Data: 0"
"15:20:11.2553798","ZCode.exe","3104","RegOpenKey","HKLM\Software\Microsoft\Windows NT\CurrentVersion\AppCompatFlags\SdbUpdates","SUCCESS","Desired Access: Read"
"15:20:11.2554154","ZCode.exe","3104","RegQueryValue","HKLM\SOFTWARE\Microsoft\Windows NT\CurrentVersion\AppCompatFlags\SdbUpdates\DisableDoubleQuerySdbs","NAME NOT FOUND","Length: 20"
"15:20:11.2554487","ZCode.exe","3104","RegCloseKey","HKLM\SOFTWARE\Microsoft\Windows NT\CurrentVersion\AppCompatFlags\SdbUpdates","SUCCESS",""
"15:20:11.2554839","ZCode.exe","3104","RegOpenKey","HKLM\Software\Microsoft\Windows NT\CurrentVersion\AppCompatFlags\SdbUpdates\ManifestedMergeStubSdbs","SUCCESS","Desired Access: Read"
"15:20:11.2555342","ZCode.exe","3104","RegEnumValue","HKLM\SOFTWARE\Microsoft\Windows NT\CurrentVersion\AppCompatFlags\SdbUpdates\ManifestedMergeStubSdbs","SUCCESS","Index: 0, Type: REG_SZ, Length: 24, Data: sysmain.sdb"
"15:20:11.2555801","ZCode.exe","3104","RegEnumValue","HKLM\SOFTWARE\Microsoft\Windows NT\CurrentVersion\AppCompatFlags\SdbUpdates\ManifestedMergeStubSdbs","SUCCESS","Index: 1, Type: REG_SZ, Length: 24, Data: msimain.sdb"
"15:20:11.2556229","ZCode.exe","3104","RegEnumValue","HKLM\SOFTWARE\Microsoft\Windows NT\CurrentVersion\AppCompatFlags\SdbUpdates\ManifestedMergeStubSdbs","NO MORE ENTRIES","Index: 2, Length: 42"
"15:20:11.2556695","ZCode.exe","3104","RegCloseKey","HKLM\SOFTWARE\Microsoft\Windows NT\CurrentVersion\AppCompatFlags\SdbUpdates\ManifestedMergeStubSdbs","SUCCESS",""
"15:20:11.2557169","ZCode.exe","3104","RegCloseKey","HKLM\SOFTWARE\Microsoft\Windows NT\CurrentVersion\AppCompatFlags\SdbUpdates","SUCCESS",""
"15:20:11.2557971","ZCode.exe","3104","RegOpenKey","HKLM\Software\Microsoft\Windows NT\CurrentVersion\AppCompatFlags\SdbUpdates","SUCCESS","Desired Access: Read"
"15:20:11.2558730","ZCode.exe","3104","RegQueryValue","HKLM\SOFTWARE\Microsoft\Windows NT\CurrentVersion\AppCompatFlags\SdbUpdates\StagedDelete_sysmain.sdb","NAME NOT FOUND","Length: 0"
"15:20:11.2559424","ZCode.exe","3104","RegCloseKey","HKLM\SOFTWARE\Microsoft\Windows NT\CurrentVersion\AppCompatFlags\SdbUpdates","SUCCESS",""
"15:20:11.2559860","ZCode.exe","3104","RegOpenKey","HKLM\Software\Microsoft\Windows NT\CurrentVersion\AppCompatFlags\SdbUpdates","SUCCESS","Desired Access: Read"
"15:20:11.2560253","ZCode.exe","3104","RegQueryValue","HKLM\SOFTWARE\Microsoft\Windows NT\CurrentVersion\AppCompatFlags\SdbUpdates\sysmain.sdb","BUFFER TOO SMALL","Length: 0"
"15:20:11.2560496","ZCode.exe","3104","RegQueryValue","HKLM\SOFTWARE\Microsoft\Windows NT\CurrentVersion\AppCompatFlags\SdbUpdates\sysmain.sdb","SUCCESS","Type: REG_SZ, Length: 58, Data: 01DD03FCD47E9A81.sysmain.sdb"
"15:20:11.2560762","ZCode.exe","3104","RegQueryValue","HKLM\SOFTWARE\Microsoft\Windows NT\CurrentVersion\AppCompatFlags\SdbUpdates\MergeVer_sysmain.sdb","SUCCESS","Type: REG_DWORD, Length: 4, Data: 1"
"15:20:11.2560989","ZCode.exe","3104","RegQueryValue","HKLM\SOFTWARE\Microsoft\Windows NT\CurrentVersion\AppCompatFlags\SdbUpdates\MergeVer","SUCCESS","Type: REG_DWORD, Length: 4, Data: 1"
"15:20:11.2561173","ZCode.exe","3104","RegQueryValue","HKLM\SOFTWARE\Microsoft\Windows NT\CurrentVersion\AppCompatFlags\SdbUpdates\MinMergeVer","SUCCESS","Type: REG_DWORD, Length: 4, Data: 0"
"15:20:11.2562855","ZCode.exe","3104","RegOpenKey","HKLM\Software\Microsoft\Windows NT\CurrentVersion\AppCompatFlags\SdbUpdates","SUCCESS","Desired Access: Read"
"15:20:11.2563499","ZCode.exe","3104","RegQueryValue","HKLM\SOFTWARE\Microsoft\Windows NT\CurrentVersion\AppCompatFlags\SdbUpdates\DisableDoubleQuerySdbs","NAME NOT FOUND","Length: 20"
"15:20:11.2564056","ZCode.exe","3104","RegCloseKey","HKLM\SOFTWARE\Microsoft\Windows NT\CurrentVersion\AppCompatFlags\SdbUpdates","SUCCESS",""
"15:20:11.2564608","ZCode.exe","3104","RegOpenKey","HKLM\Software\Microsoft\Windows NT\CurrentVersion\AppCompatFlags\SdbUpdates\ManifestedMergeStubSdbs","SUCCESS","Desired Access: Read"
"15:20:11.2565155","ZCode.exe","3104","RegEnumValue","HKLM\SOFTWARE\Microsoft\Windows NT\CurrentVersion\AppCompatFlags\SdbUpdates\ManifestedMergeStubSdbs","SUCCESS","Index: 0, Type: REG_SZ, Length: 24, Data: sysmain.sdb"
"15:20:11.2565658","ZCode.exe","3104","RegEnumValue","HKLM\SOFTWARE\Microsoft\Windows NT\CurrentVersion\AppCompatFlags\SdbUpdates\ManifestedMergeStubSdbs","SUCCESS","Index: 0, Type: REG_SZ"
"15:20:11.2566254","ZCode.exe","3104","RegCloseKey","HKLM\SOFTWARE\Microsoft\Windows NT\CurrentVersion\AppCompatFlags\SdbUpdates\ManifestedMergeStubSdbs","SUCCESS",""
"15:20:11.2566869","ZCode.exe","3104","RegCloseKey","HKLM\SOFTWARE\Microsoft\Windows NT\CurrentVersion\AppCompatFlags\SdbUpdates","SUCCESS",""
"15:20:11.2567372","ZCode.exe","3104","QueryBasicInformationFile","C:\Windows\System32\WindowsPowerShell\v1.0\powershell.exe","SUCCESS","CreationTime: 24-06-2026 11:34:17, LastAccessTime: 26-06-2026 15:20:11, LastWriteTime: 24-06-2026 11:34:17, ChangeTime: 24-06-2026 21:39:51, FileAttributes: A"
"15:20:11.2568707","ZCode.exe","3104","QueryBasicInformationFile","C:\Windows\System32\WindowsPowerShell\v1.0\powershell.exe","SUCCESS","CreationTime: 24-06-2026 11:34:17, LastAccessTime: 26-06-2026 15:20:11, LastWriteTime: 24-06-2026 11:34:17, ChangeTime: 24-06-2026 21:39:51, FileAttributes: A"
"15:20:11.2569103","ZCode.exe","3104","QueryNameInformationFile","C:\Windows\System32\WindowsPowerShell\v1.0\powershell.exe","SUCCESS","Name: \Windows\System32\WindowsPowerShell\v1.0\powershell.exe"
"15:20:11.2570365","ZCode.exe","3104","RegOpenKey","HKLM\Software\Microsoft\Windows\CurrentVersion\SideBySide","SUCCESS","Desired Access: Read"
"15:20:11.2570664","ZCode.exe","3104","RegQueryValue","HKLM\SOFTWARE\Microsoft\Windows\CurrentVersion\SideBySide\PreferExternalManifest","NAME NOT FOUND","Length: 20"
"15:20:11.2570875","ZCode.exe","3104","RegCloseKey","HKLM\SOFTWARE\Microsoft\Windows\CurrentVersion\SideBySide","SUCCESS",""
"15:20:11.2586507","ZCode.exe","3104","CloseFile","C:\Windows\System32\WindowsPowerShell\v1.0\powershell.exe","SUCCESS",""
"15:20:11.2747900","ZCode.exe","9032","Thread Exit","","SUCCESS","Thread ID: 15364, User Time: 0.0000000, Kernel Time: 0.0000000"
"15:20:11.2747906","ZCode.exe","9032","Thread Exit","","SUCCESS","Thread ID: 7104, User Time: 0.0000000, Kernel Time: 0.0000000"
"15:20:11.5912528","node.exe","22012","Thread Exit","","SUCCESS","Thread ID: 11496, User Time: 0.0000000, Kernel Time: 0.0000000"
"15:20:11.5912615","node.exe","22012","Thread Exit","","SUCCESS","Thread ID: 4568, User Time: 0.0000000, Kernel Time: 0.0000000"
"15:20:11.5913983","node.exe","22012","Thread Exit","","SUCCESS","Thread ID: 25336, User Time: 0.0000000, Kernel Time: 0.0000000"
"15:20:11.7189928","ZCode.exe","10868","Thread Create","","SUCCESS","Thread ID: 2600"
"15:20:12.0994104","ZCode.exe","9032","Thread Create","","SUCCESS","Thread ID: 13108"
"15:20:12.0995259","ZCode.exe","9032","Thread Create","","SUCCESS","Thread ID: 6232"
"15:20:12.0996153","ZCode.exe","9032","Thread Create","","SUCCESS","Thread ID: 22036"
"15:20:12.0996980","ZCode.exe","9032","Thread Create","","SUCCESS","Thread ID: 15780"
"15:20:12.1000905","ZCode.exe","9032","CreateFile","C:\Users\DELL\.zcode\cli\log","SUCCESS","Desired Access: Read Data/List Directory, Read Attributes, Synchronize, Disposition: Open, Options: Synchronous IO Non-Alert, Attributes: n/a, ShareMode: Read, Write, Delete, AllocationSize: n/a, OpenResult: Opened"
"15:20:12.1001575","ZCode.exe","9032","QueryDirectory","C:\Users\DELL\.zcode\cli\log","SUCCESS","FileInformationClass: FileDirectoryInformation, 1: ., 2: .., 3: zcode-2026-06-25.jsonl, 4: zcode-2026-06-26.jsonl"
"15:20:12.1002141","ZCode.exe","9032","QueryDirectory","C:\Users\DELL\.zcode\cli\log","NO MORE FILES","FileInformationClass: FileDirectoryInformation"
"15:20:12.1002347","ZCode.exe","9032","CloseFile","C:\Users\DELL\.zcode\cli\log","SUCCESS",""
"15:20:12.5668563","ZCode.exe","25308","CreateFile","C:\Users\DELL\AppData\Roaming\ZCode\session\Network\d2ccfafb-6542-42ad-881d-e7c59d2bec20.tmp","SUCCESS","Desired Access: Generic Read/Write, Delete, Disposition: Create, Options: Synchronous IO Non-Alert, Non-Directory File, Attributes: n/a, ShareMode: None, AllocationSize: 0, OpenResult: Created"
"15:20:12.5672479","ZCode.exe","25308","QueryEAFile","C:\Users\DELL\AppData\Roaming\ZCode\session\Network\d2ccfafb-6542-42ad-881d-e7c59d2bec20.tmp","SUCCESS",""
"15:20:12.5676961","ZCode.exe","25308","CreateFile","C:\Users\DELL\AppData\Roaming\ZCode\session\Network\d2ccfafb-6542-42ad-881d-e7c59d2bec20.tmp","SUCCESS","Desired Access: Read Attributes, Disposition: Open, Options: Open Reparse Point, Attributes: n/a, ShareMode: Read, Write, Delete, AllocationSize: n/a, OpenResult: Opened"
"15:20:12.5677654","ZCode.exe","25308","QueryBasicInformationFile","C:\Users\DELL\AppData\Roaming\ZCode\session\Network\d2ccfafb-6542-42ad-881d-e7c59d2bec20.tmp","SUCCESS","CreationTime: 26-06-2026 15:20:12, LastAccessTime: 26-06-2026 15:20:12, LastWriteTime: 26-06-2026 15:20:12, ChangeTime: 26-06-2026 15:20:12, FileAttributes: A"
"15:20:12.5678095","ZCode.exe","25308","CloseFile","C:\Users\DELL\AppData\Roaming\ZCode\session\Network\d2ccfafb-6542-42ad-881d-e7c59d2bec20.tmp","SUCCESS",""
"15:20:12.5679219","ZCode.exe","25308","CreateFile","C:\","SUCCESS","Desired Access: Read Data/List Directory, Synchronize, Disposition: Open, Options: Directory, Synchronous IO Non-Alert, Attributes: n/a, ShareMode: Read, Write, Delete, AllocationSize: n/a, OpenResult: Opened"
"15:20:12.5679929","ZCode.exe","25308","QueryDirectory","C:\Users","SUCCESS","FileInformationClass: FileBothDirectoryInformation, Filter: Users, 2: Users"
"15:20:12.5680544","ZCode.exe","25308","CloseFile","C:\","SUCCESS",""
"15:20:12.5683158","ZCode.exe","25308","CreateFile","C:\Users","SUCCESS","Desired Access: Read Data/List Directory, Synchronize, Disposition: Open, Options: Directory, Synchronous IO Non-Alert, Attributes: n/a, ShareMode: Read, Write, Delete, AllocationSize: n/a, OpenResult: Opened"
"15:20:12.5683940","ZCode.exe","25308","QueryDirectory","C:\Users\DELL","SUCCESS","FileInformationClass: FileBothDirectoryInformation, Filter: DELL, 2: DELL"
"15:20:12.5684760","ZCode.exe","25308","CloseFile","C:\Users","SUCCESS",""
"15:20:12.5687204","ZCode.exe","25308","CreateFile","C:\Users\DELL","SUCCESS","Desired Access: Read Data/List Directory, Synchronize, Disposition: Open, Options: Directory, Synchronous IO Non-Alert, Attributes: n/a, ShareMode: Read, Write, Delete, AllocationSize: n/a, OpenResult: Opened"
"15:20:12.5688005","ZCode.exe","25308","QueryDirectory","C:\Users\DELL\AppData","SUCCESS","FileInformationClass: FileBothDirectoryInformation, Filter: AppData, 2: AppData"
"15:20:12.5688605","ZCode.exe","25308","CloseFile","C:\Users\DELL","SUCCESS",""
"15:20:12.5691115","ZCode.exe","25308","CreateFile","C:\Users\DELL\AppData","SUCCESS","Desired Access: Read Data/List Directory, Synchronize, Disposition: Open, Options: Directory, Synchronous IO Non-Alert, Attributes: n/a, ShareMode: Read, Write, Delete, AllocationSize: n/a, OpenResult: Opened"
"15:20:12.5691785","ZCode.exe","25308","QueryDirectory","C:\Users\DELL\AppData\Roaming","SUCCESS","FileInformationClass: FileBothDirectoryInformation, Filter: Roaming, 2: Roaming"
"15:20:12.5692205","ZCode.exe","25308","CloseFile","C:\Users\DELL\AppData","SUCCESS",""
"15:20:12.5694759","ZCode.exe","25308","CreateFile","C:\Users\DELL\AppData\Roaming","SUCCESS","Desired Access: Read Data/List Directory, Synchronize, Disposition: Open, Options: Directory, Synchronous IO Non-Alert, Attributes: n/a, ShareMode: Read, Write, Delete, AllocationSize: n/a, OpenResult: Opened"
"15:20:12.5695635","ZCode.exe","25308","QueryDirectory","C:\Users\DELL\AppData\Roaming\ZCode","SUCCESS","FileInformationClass: FileBothDirectoryInformation, Filter: ZCode, 2: ZCode"
"15:20:12.5696192","ZCode.exe","25308","CloseFile","C:\Users\DELL\AppData\Roaming","SUCCESS",""
"15:20:12.5698485","ZCode.exe","25308","CreateFile","C:\Users\DELL\AppData\Roaming\ZCode","SUCCESS","Desired Access: Read Data/List Directory, Synchronize, Disposition: Open, Options: Directory, Synchronous IO Non-Alert, Attributes: n/a, ShareMode: Read, Write, Delete, AllocationSize: n/a, OpenResult: Opened"
"15:20:12.5699235","ZCode.exe","25308","QueryDirectory","C:\Users\DELL\AppData\Roaming\ZCode\session","SUCCESS","FileInformationClass: FileBothDirectoryInformation, Filter: session, 2: session"
"15:20:12.5699728","ZCode.exe","25308","CloseFile","C:\Users\DELL\AppData\Roaming\ZCode","SUCCESS",""
"15:20:12.5702307","ZCode.exe","25308","CreateFile","C:\Users\DELL\AppData\Roaming\ZCode\session","SUCCESS","Desired Access: Read Data/List Directory, Synchronize, Disposition: Open, Options: Directory, Synchronous IO Non-Alert, Attributes: n/a, ShareMode: Read, Write, Delete, AllocationSize: n/a, OpenResult: Opened"
"15:20:12.5703174","ZCode.exe","25308","QueryDirectory","C:\Users\DELL\AppData\Roaming\ZCode\session\Network","SUCCESS","FileInformationClass: FileBothDirectoryInformation, Filter: Network, 2: Network"
"15:20:12.5703766","ZCode.exe","25308","CloseFile","C:\Users\DELL\AppData\Roaming\ZCode\session","SUCCESS",""
"15:20:12.5704765","ZCode.exe","25308","WriteFile","C:\Users\DELL\AppData\Roaming\ZCode\session\Network\d2ccfafb-6542-42ad-881d-e7c59d2bec20.tmp","SUCCESS","Offset: 0, Length: 1896, Priority: Very Low"
"15:20:12.5707926","ZCode.exe","25308","WriteFile","C:\Users\DELL\AppData\Roaming\ZCode\session\Network\d2ccfafb-6542-42ad-881d-e7c59d2bec20.tmp","SUCCESS","Offset: 0, Length: 4096, I/O Flags: Non-cached, Paging I/O, Synchronous Paging I/O, Priority: Very Low"
"15:20:12.5799871","ZCode.exe","25308","FlushBuffersFile","C:\Users\DELL\AppData\Roaming\ZCode\session\Network\d2ccfafb-6542-42ad-881d-e7c59d2bec20.tmp","SUCCESS",""
"15:20:12.5807401","ZCode.exe","25308","CloseFile","C:\Users\DELL\AppData\Roaming\ZCode\session\Network\d2ccfafb-6542-42ad-881d-e7c59d2bec20.tmp","SUCCESS",""
"15:20:12.5811929","ZCode.exe","25308","CreateFile","C:\Users\DELL\AppData\Roaming\ZCode\session\Network\Network Persistent State","PRIVILEGE NOT HELD","Desired Access: Write Data/Add File, Read EA, Read Attributes, Delete, Read Control, Synchronize, Access System Security, Disposition: Open, Options: Synchronous IO Non-Alert, Non-Directory File, Open Reparse Point, Attributes: n/a, ShareMode: Read, Write, Delete, AllocationSize: n/a"
"15:20:12.5814410","ZCode.exe","25308","CreateFile","C:\Users\DELL\AppData\Roaming\ZCode\session\Network\Network Persistent State","SUCCESS","Desired Access: Write Data/Add File, Read EA, Read Attributes, Delete, Read Control, Synchronize, Disposition: Open, Options: Synchronous IO Non-Alert, Non-Directory File, Open Reparse Point, Attributes: n/a, ShareMode: Read, Write, Delete, AllocationSize: n/a, OpenResult: Opened"
"15:20:12.5816396","ZCode.exe","25308","CreateFile","C:\Users\DELL\AppData\Roaming\ZCode\session\Network\d2ccfafb-6542-42ad-881d-e7c59d2bec20.tmp","SUCCESS","Desired Access: Generic Read/Write, Delete, Write DAC, Write Owner, Disposition: Open, Options: Synchronous IO Non-Alert, Non-Directory File, Attributes: n/a, ShareMode: None, AllocationSize: n/a, OpenResult: Opened"
"15:20:12.5816952","ZCode.exe","25308","QueryBasicInformationFile","C:\Users\DELL\AppData\Roaming\ZCode\session\Network\Network Persistent State","SUCCESS","CreationTime: 25-06-2026 15:21:45, LastAccessTime: 26-06-2026 15:19:00, LastWriteTime: 26-06-2026 15:06:15, ChangeTime: 26-06-2026 15:06:15, FileAttributes: A"
"15:20:12.5817190","ZCode.exe","25308","QueryBasicInformationFile","C:\Users\DELL\AppData\Roaming\ZCode\session\Network\d2ccfafb-6542-42ad-881d-e7c59d2bec20.tmp","SUCCESS","CreationTime: 26-06-2026 15:20:12, LastAccessTime: 26-06-2026 15:20:12, LastWriteTime: 26-06-2026 15:20:12, ChangeTime: 26-06-2026 15:20:12, FileAttributes: A"
"15:20:12.5817595","ZCode.exe","25308","SetBasicInformationFile","C:\Users\DELL\AppData\Roaming\ZCode\session\Network\d2ccfafb-6542-42ad-881d-e7c59d2bec20.tmp","SUCCESS","CreationTime: 25-06-2026 15:21:45, LastAccessTime: 01-01-1601 05:30:00, LastWriteTime: 01-01-1601 05:30:00, ChangeTime: 01-01-1601 05:30:00, FileAttributes: A"
"15:20:12.5819414","ZCode.exe","25308","QueryAttributeInformationVolume","C:\Users\DELL\AppData\Roaming\ZCode\session\Network\d2ccfafb-6542-42ad-881d-e7c59d2bec20.tmp","SUCCESS","FileSystemAttributes: Case Preserved, Case Sensitive, Unicode, ACLs, Compression, Named Streams, EFS, Object IDs, Reparse Points, Sparse Files, Quotas, Transactions, 0x3c02e00, MaximumComponentNameLength: 255, FileSystemName: NTFS"
"15:20:12.5821099","ZCode.exe","25308","QueryRemoteProtocolInformation","C:\Users\DELL\AppData\Roaming\ZCode\session\Network\Network Persistent State","INVALID PARAMETER",""
"15:20:12.5821510","ZCode.exe","25308","QuerySecurityFile","C:\Users\DELL\AppData\Roaming\ZCode\session\Network\Network Persistent State","SUCCESS","Information: Owner, DACL, Label, Attribute"
"15:20:12.5821801","ZCode.exe","25308","QueryRemoteProtocolInformation","C:\Users\DELL\AppData\Roaming\ZCode\session\Network\d2ccfafb-6542-42ad-881d-e7c59d2bec20.tmp","INVALID PARAMETER",""
"15:20:12.5822052","ZCode.exe","25308","QuerySecurityFile","C:\Users\DELL\AppData\Roaming\ZCode\session\Network\d2ccfafb-6542-42ad-881d-e7c59d2bec20.tmp","SUCCESS","Information: Attribute"
"15:20:12.5822287","ZCode.exe","25308","QueryRemoteProtocolInformation","C:\Users\DELL\AppData\Roaming\ZCode\session\Network\d2ccfafb-6542-42ad-881d-e7c59d2bec20.tmp","INVALID PARAMETER",""
"15:20:12.5822510","ZCode.exe","25308","QuerySecurityFile","C:\Users\DELL\AppData\Roaming\ZCode\session\Network\d2ccfafb-6542-42ad-881d-e7c59d2bec20.tmp","SUCCESS","Information: Owner"
"15:20:12.5822807","ZCode.exe","25308","QueryBasicInformationFile","C:\Users\DELL\AppData\Roaming\ZCode\session\Network\d2ccfafb-6542-42ad-881d-e7c59d2bec20.tmp","SUCCESS","CreationTime: 25-06-2026 15:21:45, LastAccessTime: 26-06-2026 15:20:12, LastWriteTime: 26-06-2026 15:20:12, ChangeTime: 26-06-2026 15:20:12, FileAttributes: A"
"15:20:12.5823199","ZCode.exe","25308","QueryNameInformationFile","C:\Users\DELL\AppData\Roaming\ZCode\session\Network\d2ccfafb-6542-42ad-881d-e7c59d2bec20.tmp","SUCCESS","Name: \Users\DELL\AppData\Roaming\ZCode\session\Network\d2ccfafb-6542-42ad-881d-e7c59d2bec20.tmp"
"15:20:12.5825217","ZCode.exe","25308","CreateFile","C:\Users\DELL\AppData\Roaming\ZCode\session\Network","SUCCESS","Desired Access: Read Control, Disposition: Open, Options: Open Reparse Point, Attributes: n/a, ShareMode: Read, Write, Delete, AllocationSize: n/a, OpenResult: Opened"
"15:20:12.5825571","ZCode.exe","25308","QueryRemoteProtocolInformation","C:\Users\DELL\AppData\Roaming\ZCode\session\Network","INVALID PARAMETER",""
"15:20:12.5825737","ZCode.exe","25308","QuerySecurityFile","C:\Users\DELL\AppData\Roaming\ZCode\session\Network","SUCCESS","Information: DACL, DACL Unprotected"
"15:20:12.5825880","ZCode.exe","25308","CloseFile","C:\Users\DELL\AppData\Roaming\ZCode\session\Network","SUCCESS",""
"15:20:12.5826215","ZCode.exe","25308","QueryRemoteProtocolInformation","C:\Users\DELL\AppData\Roaming\ZCode\session\Network\d2ccfafb-6542-42ad-881d-e7c59d2bec20.tmp","INVALID PARAMETER",""
"15:20:12.5826357","ZCode.exe","25308","QuerySecurityFile","C:\Users\DELL\AppData\Roaming\ZCode\session\Network\d2ccfafb-6542-42ad-881d-e7c59d2bec20.tmp","SUCCESS","Information: Owner, Group, DACL, DACL Unprotected"
"15:20:12.5826659","ZCode.exe","25308","SetSecurityFile","C:\Users\DELL\AppData\Roaming\ZCode\session\Network\d2ccfafb-6542-42ad-881d-e7c59d2bec20.tmp","SUCCESS","Information: DACL, DACL Unprotected"
"15:20:12.5827411","ZCode.exe","25308","QueryStreamInformationFile","C:\Users\DELL\AppData\Roaming\ZCode\session\Network\Network Persistent State","SUCCESS","0: ::$DATA"
"15:20:12.5827804","ZCode.exe","25308","FileSystemControl","C:\Users\DELL\AppData\Roaming\ZCode\session\Network\d2ccfafb-6542-42ad-881d-e7c59d2bec20.tmp","SUCCESS","Control: FSCTL_DELETE_OBJECT_ID"
"15:20:12.5828257","ZCode.exe","25308","FileSystemControl","C:\Users\DELL\AppData\Roaming\ZCode\session\Network\Network Persistent State","OBJECTID NOT FOUND","Control: FSCTL_GET_OBJECT_ID"
"15:20:12.5829552","ZCode.exe","25308","CreateFile","C:\Users\DELL\AppData\Roaming\ZCode\session\Network\Network Persistent State~RFca8cc8.TMP","SUCCESS","Desired Access: Generic Write, Read Attributes, Delete, Disposition: Create, Options: Synchronous IO Non-Alert, Non-Directory File, Attributes: HT, ShareMode: None, AllocationSize: 0, OpenResult: Created"
"15:20:12.5831826","ZCode.exe","25308","QueryEAFile","C:\Users\DELL\AppData\Roaming\ZCode\session\Network\Network Persistent State~RFca8cc8.TMP","SUCCESS",""
"15:20:12.5832204","ZCode.exe","25308","CloseFile","C:\Users\DELL\AppData\Roaming\ZCode\session\Network\Network Persistent State~RFca8cc8.TMP","SUCCESS",""
"15:20:12.5833147","ZCode.exe","25308","QueryBasicInformationFile","C:\Users\DELL\AppData\Roaming\ZCode\session\Network\Network Persistent State","SUCCESS","CreationTime: 25-06-2026 15:21:45, LastAccessTime: 26-06-2026 15:19:00, LastWriteTime: 26-06-2026 15:06:15, ChangeTime: 26-06-2026 15:06:15, FileAttributes: A"
"15:20:12.5834602","ZCode.exe","25308","CreateFile","C:\Users\DELL\AppData\Roaming\ZCode\session\Network","SUCCESS","Desired Access: Write Data/Add File, Synchronize, Disposition: Open, Options: , Attributes: n/a, ShareMode: Read, Write, Delete, AllocationSize: n/a, OpenResult: Opened"
"15:20:12.5835667","ZCode.exe","25308","SetRenameInformationEx","C:\Users\DELL\AppData\Roaming\ZCode\session\Network\Network Persistent State","SUCCESS","Flags: FILE_RENAME_REPLACE_IF_EXISTS, FILE_RENAME_SUPPRESS_PIN_STATE_INHERITANCE, FileName: C:\Users\DELL\AppData\Roaming\ZCode\session\Network\Network Persistent State~RFca8cc8.TMP"
"15:20:12.5838950","ZCode.exe","25308","CloseFile","C:\Users\DELL\AppData\Roaming\ZCode\session\Network","SUCCESS",""
"15:20:12.5839624","ZCode.exe","25308","QueryBasicInformationFile","C:\Users\DELL\AppData\Roaming\ZCode\session\Network\d2ccfafb-6542-42ad-881d-e7c59d2bec20.tmp","SUCCESS","CreationTime: 25-06-2026 15:21:45, LastAccessTime: 26-06-2026 15:20:12, LastWriteTime: 26-06-2026 15:20:12, ChangeTime: 26-06-2026 15:20:12, FileAttributes: A"
"15:20:12.5841130","ZCode.exe","25308","CreateFile","C:\Users\DELL\AppData\Roaming\ZCode\session\Network","SUCCESS","Desired Access: Write Data/Add File, Synchronize, Disposition: Open, Options: , Attributes: n/a, ShareMode: Read, Write, Delete, AllocationSize: n/a, OpenResult: Opened"
"15:20:12.5841998","ZCode.exe","25308","SetRenameInformationEx","C:\Users\DELL\AppData\Roaming\ZCode\session\Network\d2ccfafb-6542-42ad-881d-e7c59d2bec20.tmp","SUCCESS","Flags: FILE_RENAME_REPLACE_IF_EXISTS, FILE_RENAME_SUPPRESS_PIN_STATE_INHERITANCE, FileName: C:\Users\DELL\AppData\Roaming\ZCode\session\Network\Network Persistent State"
"15:20:12.5844532","ZCode.exe","25308","CloseFile","C:\Users\DELL\AppData\Roaming\ZCode\session\Network","SUCCESS",""
"15:20:12.5845254","ZCode.exe","25308","CloseFile","C:\Users\DELL\AppData\Roaming\ZCode\session\Network\Network Persistent State~RFca8cc8.TMP","SUCCESS",""
"15:20:12.5846265","ZCode.exe","25308","FileSystemControl","C:\Users\DELL\AppData\Roaming\ZCode\session\Network\Network Persistent State","SUCCESS","Control: FSCTL_WRITE_USN_CLOSE_RECORD"
"15:20:12.5846846","ZCode.exe","25308","CloseFile","C:\Users\DELL\AppData\Roaming\ZCode\session\Network\Network Persistent State","SUCCESS",""
"15:20:12.5848723","ZCode.exe","25308","CreateFile","C:\Users\DELL\AppData\Roaming\ZCode\session\Network\Network Persistent State~RFca8cc8.TMP","SUCCESS","Desired Access: Read Attributes, Delete, Disposition: Open, Options: Non-Directory File, Open Reparse Point, Attributes: n/a, ShareMode: Read, Write, Delete, AllocationSize: n/a, OpenResult: Opened"
"15:20:12.5849422","ZCode.exe","25308","QueryAttributeTagFile","C:\Users\DELL\AppData\Roaming\ZCode\session\Network\Network Persistent State~RFca8cc8.TMP","SUCCESS","Attributes: A, ReparseTag: 0x0"
"15:20:12.5849669","ZCode.exe","25308","SetDispositionInformationEx","C:\Users\DELL\AppData\Roaming\ZCode\session\Network\Network Persistent State~RFca8cc8.TMP","SUCCESS","Flags: FILE_DISPOSITION_DELETE, FILE_DISPOSITION_POSIX_SEMANTICS"
"15:20:12.5850054","ZCode.exe","25308","CloseFile","C:\Users\DELL\AppData\Roaming\ZCode\session\Network\Network Persistent State~RFca8cc8.TMP","SUCCESS",""
"15:20:14.2717877","ZCode.exe","10868","Thread Exit","","SUCCESS","Thread ID: 15052, User Time: 0.0000000, Kernel Time: 0.0000000"
"15:20:14.4456197","node.exe","12232","Thread Exit","","SUCCESS","Thread ID: 24080, User Time: 0.0000000, Kernel Time: 0.0000000"
"15:20:14.4456656","node.exe","12232","Thread Exit","","SUCCESS","Thread ID: 20552, User Time: 0.0000000, Kernel Time: 0.0000000"
"15:20:15.4066813","ZCode.exe","13452","Thread Create","","SUCCESS","Thread ID: 24236"
"15:20:16.4771187","node.exe","6060","Thread Exit","","SUCCESS","Thread ID: 13696, User Time: 0.0000000, Kernel Time: 0.0000000"
"15:20:16.4773014","node.exe","6060","Thread Exit","","SUCCESS","Thread ID: 2584, User Time: 0.0000000, Kernel Time: 0.0000000"
"15:20:21.2423349","ZCode.exe","3104","CreateFile","C:\Program Files\ZCode\powershell.exe","NAME NOT FOUND","Desired Access: Read Attributes, Disposition: Open, Options: Open Reparse Point, Attributes: n/a, ShareMode: Read, Write, Delete, AllocationSize: n/a"
"15:20:21.2425679","ZCode.exe","3104","CreateFile","C:\Program Files\ZCode\powershell.exe.com","NAME NOT FOUND","Desired Access: Read Attributes, Disposition: Open, Options: Open Reparse Point, Attributes: n/a, ShareMode: Read, Write, Delete, AllocationSize: n/a"
"15:20:21.2428018","ZCode.exe","3104","CreateFile","C:\Program Files\ZCode\powershell.exe.exe","NAME NOT FOUND","Desired Access: Read Attributes, Disposition: Open, Options: Open Reparse Point, Attributes: n/a, ShareMode: Read, Write, Delete, AllocationSize: n/a"
"15:20:21.2430324","ZCode.exe","3104","CreateFile","C:\Program Files (x86)\Common Files\Oracle\Java\java8path_target_64312687\powershell.exe","REPARSE","Desired Access: Read Attributes, Disposition: Open, Options: Open Reparse Point, Attributes: n/a, ShareMode: Read, Write, Delete, AllocationSize: n/a, OpenResult: <unknown>"
"15:20:21.2432235","ZCode.exe","3104","CreateFile","C:\Program Files (x86)\Common Files\Oracle\Java\java8path_target_64312687\powershell.exe","NAME NOT FOUND","Desired Access: Read Attributes, Disposition: Open, Options: Open Reparse Point, Attributes: n/a, ShareMode: Read, Write, Delete, AllocationSize: n/a"
"15:20:21.2434302","ZCode.exe","3104","CreateFile","C:\Program Files (x86)\Common Files\Oracle\Java\java8path_target_64312687\powershell.exe.com","REPARSE","Desired Access: Read Attributes, Disposition: Open, Options: Open Reparse Point, Attributes: n/a, ShareMode: Read, Write, Delete, AllocationSize: n/a, OpenResult: <unknown>"
"15:20:21.2436050","ZCode.exe","3104","CreateFile","C:\Program Files (x86)\Common Files\Oracle\Java\java8path_target_64312687\powershell.exe.com","NAME NOT FOUND","Desired Access: Read Attributes, Disposition: Open, Options: Open Reparse Point, Attributes: n/a, ShareMode: Read, Write, Delete, AllocationSize: n/a"
"15:20:21.2438116","ZCode.exe","3104","CreateFile","C:\Program Files (x86)\Common Files\Oracle\Java\java8path_target_64312687\powershell.exe.exe","REPARSE","Desired Access: Read Attributes, Disposition: Open, Options: Open Reparse Point, Attributes: n/a, ShareMode: Read, Write, Delete, AllocationSize: n/a, OpenResult: <unknown>"
"15:20:21.2439905","ZCode.exe","3104","CreateFile","C:\Program Files (x86)\Common Files\Oracle\Java\java8path_target_64312687\powershell.exe.exe","NAME NOT FOUND","Desired Access: Read Attributes, Disposition: Open, Options: Open Reparse Point, Attributes: n/a, ShareMode: Read, Write, Delete, AllocationSize: n/a"
"15:20:21.2441074","ZCode.exe","3104","CreateFile","C:\Program Files (x86)\Common Files\Oracle\Java\javapath\powershell.exe","PATH NOT FOUND","Desired Access: Read Attributes, Disposition: Open, Options: Open Reparse Point, Attributes: n/a, ShareMode: Read, Write, Delete, AllocationSize: n/a"
"15:20:21.2442182","ZCode.exe","3104","CreateFile","C:\Program Files (x86)\Common Files\Oracle\Java\javapath\powershell.exe.com","PATH NOT FOUND","Desired Access: Read Attributes, Disposition: Open, Options: Open Reparse Point, Attributes: n/a, ShareMode: Read, Write, Delete, AllocationSize: n/a"
"15:20:21.2443210","ZCode.exe","3104","CreateFile","C:\Program Files (x86)\Common Files\Oracle\Java\javapath\powershell.exe.exe","PATH NOT FOUND","Desired Access: Read Attributes, Disposition: Open, Options: Open Reparse Point, Attributes: n/a, ShareMode: Read, Write, Delete, AllocationSize: n/a"
"15:20:21.2445475","ZCode.exe","3104","CreateFile","C:\Windows\System32\powershell.exe","NAME NOT FOUND","Desired Access: Read Attributes, Disposition: Open, Options: Open Reparse Point, Attributes: n/a, ShareMode: Read, Write, Delete, AllocationSize: n/a"
"15:20:21.2447766","ZCode.exe","3104","CreateFile","C:\Windows\System32\powershell.exe.com","NAME NOT FOUND","Desired Access: Read Attributes, Disposition: Open, Options: Open Reparse Point, Attributes: n/a, ShareMode: Read, Write, Delete, AllocationSize: n/a"
"15:20:21.2449793","ZCode.exe","3104","CreateFile","C:\Windows\System32\powershell.exe.exe","NAME NOT FOUND","Desired Access: Read Attributes, Disposition: Open, Options: Open Reparse Point, Attributes: n/a, ShareMode: Read, Write, Delete, AllocationSize: n/a"
"15:20:21.2451704","ZCode.exe","3104","CreateFile","C:\Windows\powershell.exe","NAME NOT FOUND","Desired Access: Read Attributes, Disposition: Open, Options: Open Reparse Point, Attributes: n/a, ShareMode: Read, Write, Delete, AllocationSize: n/a"
"15:20:21.2453530","ZCode.exe","3104","CreateFile","C:\Windows\powershell.exe.com","NAME NOT FOUND","Desired Access: Read Attributes, Disposition: Open, Options: Open Reparse Point, Attributes: n/a, ShareMode: Read, Write, Delete, AllocationSize: n/a"
"15:20:21.2455318","ZCode.exe","3104","CreateFile","C:\Windows\powershell.exe.exe","NAME NOT FOUND","Desired Access: Read Attributes, Disposition: Open, Options: Open Reparse Point, Attributes: n/a, ShareMode: Read, Write, Delete, AllocationSize: n/a"
"15:20:21.2457306","ZCode.exe","3104","CreateFile","C:\Windows\System32\wbem\powershell.exe","NAME NOT FOUND","Desired Access: Read Attributes, Disposition: Open, Options: Open Reparse Point, Attributes: n/a, ShareMode: Read, Write, Delete, AllocationSize: n/a"
"15:20:21.2459570","ZCode.exe","3104","CreateFile","C:\Windows\System32\wbem\powershell.exe.com","NAME NOT FOUND","Desired Access: Read Attributes, Disposition: Open, Options: Open Reparse Point, Attributes: n/a, ShareMode: Read, Write, Delete, AllocationSize: n/a"
"15:20:21.2461406","ZCode.exe","3104","CreateFile","C:\Windows\System32\wbem\powershell.exe.exe","NAME NOT FOUND","Desired Access: Read Attributes, Disposition: Open, Options: Open Reparse Point, Attributes: n/a, ShareMode: Read, Write, Delete, AllocationSize: n/a"
"15:20:21.2463366","ZCode.exe","3104","CreateFile","C:\Windows\System32\WindowsPowerShell\v1.0\powershell.exe","SUCCESS","Desired Access: Read Attributes, Disposition: Open, Options: Open Reparse Point, Attributes: n/a, ShareMode: Read, Write, Delete, AllocationSize: n/a, OpenResult: Opened"
"15:20:21.2463849","ZCode.exe","3104","QueryBasicInformationFile","C:\Windows\System32\WindowsPowerShell\v1.0\powershell.exe","SUCCESS","CreationTime: 24-06-2026 11:34:17, LastAccessTime: 26-06-2026 15:20:12, LastWriteTime: 24-06-2026 11:34:17, ChangeTime: 24-06-2026 21:39:51, FileAttributes: A"
"15:20:21.2464033","ZCode.exe","3104","CloseFile","C:\Windows\System32\WindowsPowerShell\v1.0\powershell.exe","SUCCESS",""
"15:20:21.2466258","ZCode.exe","3104","CreateFile","C:\Program Files\ZCode","SUCCESS","Desired Access: Read Attributes, Disposition: Open, Options: Open Reparse Point, Attributes: n/a, ShareMode: Read, Write, Delete, AllocationSize: n/a, OpenResult: Opened"
"15:20:21.2466737","ZCode.exe","3104","QueryBasicInformationFile","C:\Program Files\ZCode","SUCCESS","CreationTime: 25-06-2026 15:21:19, LastAccessTime: 26-06-2026 15:20:21, LastWriteTime: 26-06-2026 12:58:00, ChangeTime: 26-06-2026 12:58:00, FileAttributes: D"
"15:20:21.2466907","ZCode.exe","3104","CloseFile","C:\Program Files\ZCode","SUCCESS",""
"15:20:21.2467595","ZCode.exe","3104","RegOpenKey","HKLM\System\CurrentControlSet\Control\Session Manager\Memory Management","REPARSE","Desired Access: Query Value"
"15:20:21.2467933","ZCode.exe","3104","RegOpenKey","HKLM\System\CurrentControlSet\Control\Session Manager\Memory Management","SUCCESS","Desired Access: Query Value"
"15:20:21.2468210","ZCode.exe","3104","RegQueryValue","HKLM\System\CurrentControlSet\Control\Session Manager\Memory Management\HotPatchRestrictions","NAME NOT FOUND","Length: 20"
"15:20:21.2468461","ZCode.exe","3104","RegCloseKey","HKLM\System\CurrentControlSet\Control\Session Manager\Memory Management","SUCCESS",""
"15:20:21.2468710","ZCode.exe","3104","RegOpenKey","HKLM\SOFTWARE\Microsoft\Windows NT\CurrentVersion\Image File Execution Options\powershell.exe","NAME NOT FOUND","Desired Access: Query Value, Enumerate Sub Keys"
"15:20:21.2469053","ZCode.exe","3104","RegOpenKey","HKLM\Software\Microsoft\Wow64\x86\xtajit","NAME NOT FOUND","Desired Access: Query Value"
"15:20:21.2470409","ZCode.exe","3104","CreateFile","C:\Windows\System32\WindowsPowerShell\v1.0\powershell.exe","SUCCESS","Desired Access: Read Data/List Directory, Execute/Traverse, Read Attributes, Synchronize, Disposition: Open, Options: Synchronous IO Non-Alert, Non-Directory File, Attributes: N, ShareMode: Read, Delete, AllocationSize: n/a, OpenResult: Opened"
"15:20:21.2470835","ZCode.exe","3104","CreateFileMapping","C:\Windows\System32\WindowsPowerShell\v1.0\powershell.exe","FILE LOCKED WITH ONLY READERS","SyncType: SyncTypeCreateSection, PageProtection: PAGE_EXECUTE"
"15:20:21.2471259","ZCode.exe","3104","CreateFileMapping","C:\Windows\System32\WindowsPowerShell\v1.0\powershell.exe","SUCCESS","SyncType: SyncTypeOther"
"15:20:21.2471831","ZCode.exe","3104","RegOpenKey","HKLM\SOFTWARE\Microsoft\Windows NT\CurrentVersion\Image File Execution Options\powershell.exe","NAME NOT FOUND","Desired Access: Query Value, Enumerate Sub Keys"
"15:20:21.2472384","ZCode.exe","3104","QuerySecurityFile","C:\Windows\System32\WindowsPowerShell\v1.0\powershell.exe","SUCCESS","Information: Label"
"15:20:21.2474586","ZCode.exe","3104","QueryNameInformationFile","C:\Windows\System32\WindowsPowerShell\v1.0\powershell.exe","SUCCESS","Name: \Windows\System32\WindowsPowerShell\v1.0\powershell.exe"
"15:20:21.2576317","ZCode.exe","3104","RegOpenKey","HKLM\System\CurrentControlSet\Services\bam\State\UserSettings\S-1-5-21-3723388597-1227904235-2670526452-1001","SUCCESS","Desired Access: All Access"
"15:20:21.2576907","ZCode.exe","3104","RegQueryValue","HKLM\System\CurrentControlSet\Services\bam\State\UserSettings\S-1-5-21-3723388597-1227904235-2670526452-1001\\Device\HarddiskVolume3\Windows\System32\WindowsPowerShell\v1.0\powershell.exe","SUCCESS","Type: REG_BINARY, Length: 24, Data: E4 23 6C 2E 51 05 DD 01 00 00 00 00 00 00 00 00"
"15:20:21.2577317","ZCode.exe","3104","RegSetValue","HKLM\System\CurrentControlSet\Services\bam\State\UserSettings\S-1-5-21-3723388597-1227904235-2670526452-1001\\Device\HarddiskVolume3\Windows\System32\WindowsPowerShell\v1.0\powershell.exe","SUCCESS","Type: REG_BINARY, Length: 24, Data: 30 F0 EB 33 51 05 DD 01 00 00 00 00 00 00 00 00"
"15:20:21.2579779","ZCode.exe","3104","RegCloseKey","HKLM\System\CurrentControlSet\Services\bam\State\UserSettings\S-1-5-21-3723388597-1227904235-2670526452-1001","SUCCESS",""
"15:20:21.2580146","ZCode.exe","3104","RegOpenKey","HKLM\SYSTEM\CurrentControlSet\Control\Session Manager\BAM","REPARSE","Desired Access: Query Value"
"15:20:21.2580324","ZCode.exe","3104","RegOpenKey","HKLM\System\CurrentControlSet\Control\Session Manager\BAM","NAME NOT FOUND","Desired Access: Query Value"
"15:20:21.2580950","ZCode.exe","3104","Process Create","C:\WINDOWS\System32\WindowsPowerShell\v1.0\powershell.exe","SUCCESS","PID: 20792, Command line: powershell.exe -NoProfile -NonInteractive -Command ""$ErrorActionPreference = 'SilentlyContinue';;$ids = @(3104,7900,25308,10868,2068,25096,13452,24260,16624);;$processRows = @();;if ($ids.Count -gt 0) {;  $processRows = @(Get-Process -Id $ids -ErrorAction SilentlyContinue | Select-Object Id, @{n='ReadBytes';e={$_.IOReadBytes}}, @{n='WriteBytes';e={$_.IOWriteBytes}});;};$main = $null;;$p = Get-Process -Id 3104 -ErrorAction SilentlyContinue;;if ($p) {;  $gdi = -1;;  try {;    Add-Type -TypeDefinition @';using System;;using System.Runtime.InteropServices;;using System.Diagnostics;;public class ZCodeGuiStats {;  [DllImport(\""user32.dll\"")] public static extern uint GetGuiResources(IntPtr h, uint f);;  public static int Gdi(int pid) {;    var pr = Process.GetProcessById(pid);;    return (int)GetGuiResources(pr.Handle, 0);;  };};'@ -ErrorAction SilentlyContinue;;    $gdi = [ZCodeGuiStats]::Gdi(3104);;  } catch {};  $main = [pscustomobject]@{ Handles = $p.HandleCount; Threads = $p.Threads.Count; Gdi = $gdi };;};[pscustomobject]@{ processes = $processRows; main = $main } | ConvertTo-Json -Depth 4 -Compress"""
"15:20:21.2581940","ZCode.exe","3104","RegOpenKey","HKCU\Software\Microsoft\Windows\CurrentVersion\Explorer\Shell Folders","SUCCESS","Desired Access: Query Value"
"15:20:21.2582166","ZCode.exe","3104","RegQueryValue","HKCU\Software\Microsoft\Windows\CurrentVersion\Explorer\Shell Folders\Cache","SUCCESS","Type: REG_SZ, Length: 112, Data: C:\Users\DELL\AppData\Local\Microsoft\Windows\INetCache"
"15:20:21.2582338","ZCode.exe","3104","RegCloseKey","HKCU\Software\Microsoft\Windows\CurrentVersion\Explorer\Shell Folders","SUCCESS",""
"15:20:21.2582459","ZCode.exe","3104","RegOpenKey","HKCU\Software\Microsoft\Windows NT\CurrentVersion\AppCompatFlags\Layers","SUCCESS","Desired Access: Query Value"
"15:20:21.2582582","ZCode.exe","3104","RegQueryValue","HKCU\Software\Microsoft\Windows NT\CurrentVersion\AppCompatFlags\Layers\C:\WINDOWS\System32\WindowsPowerShell\v1.0\powershell.exe","NAME NOT FOUND","Length: 16"
"15:20:21.2583045","ZCode.exe","3104","RegCloseKey","HKCU\Software\Microsoft\Windows NT\CurrentVersion\AppCompatFlags\Layers","SUCCESS",""
"15:20:21.2583513","ZCode.exe","3104","QuerySecurityFile","C:\Windows\System32\WindowsPowerShell\v1.0\powershell.exe","SUCCESS","Information: Owner, Group, DACL, SACL, Label, Attribute, Process Trust Label, 0x100"
"15:20:21.2584160","ZCode.exe","3104","RegOpenKey","HKLM\Software\Microsoft\Windows NT\CurrentVersion\AppCompatFlags\SdbUpdates","SUCCESS","Desired Access: Read"
"15:20:21.2585259","ZCode.exe","3104","RegQueryValue","HKLM\SOFTWARE\Microsoft\Windows NT\CurrentVersion\AppCompatFlags\SdbUpdates\DisableDoubleQuerySdbs","NAME NOT FOUND","Length: 20"
"15:20:21.2586108","ZCode.exe","3104","RegCloseKey","HKLM\SOFTWARE\Microsoft\Windows NT\CurrentVersion\AppCompatFlags\SdbUpdates","SUCCESS",""
"15:20:21.2586641","ZCode.exe","3104","RegOpenKey","HKLM\Software\Microsoft\Windows NT\CurrentVersion\AppCompatFlags\SdbUpdates\ManifestedMergeStubSdbs","SUCCESS","Desired Access: Read"
"15:20:21.2587172","ZCode.exe","3104","RegEnumValue","HKLM\SOFTWARE\Microsoft\Windows NT\CurrentVersion\AppCompatFlags\SdbUpdates\ManifestedMergeStubSdbs","SUCCESS","Index: 0, Type: REG_SZ, Length: 24, Data: sysmain.sdb"
"15:20:21.2587502","ZCode.exe","3104","RegEnumValue","HKLM\SOFTWARE\Microsoft\Windows NT\CurrentVersion\AppCompatFlags\SdbUpdates\ManifestedMergeStubSdbs","SUCCESS","Index: 0, Type: REG_SZ"
"15:20:21.2587972","ZCode.exe","3104","RegCloseKey","HKLM\SOFTWARE\Microsoft\Windows NT\CurrentVersion\AppCompatFlags\SdbUpdates\ManifestedMergeStubSdbs","SUCCESS",""
"15:20:21.2588380","ZCode.exe","3104","RegOpenKey","HKLM\Software\Microsoft\Windows NT\CurrentVersion\AppCompatFlags\SdbUpdates","SUCCESS","Desired Access: Read"
"15:20:21.2588787","ZCode.exe","3104","RegQueryValue","HKLM\SOFTWARE\Microsoft\Windows NT\CurrentVersion\AppCompatFlags\SdbUpdates\StagedDelete_sysMerge.sdb","NAME NOT FOUND","Length: 0"
"15:20:21.2589315","ZCode.exe","3104","RegCloseKey","HKLM\SOFTWARE\Microsoft\Windows NT\CurrentVersion\AppCompatFlags\SdbUpdates","SUCCESS",""
"15:20:21.2589651","ZCode.exe","3104","RegOpenKey","HKLM\Software\Microsoft\Windows NT\CurrentVersion\AppCompatFlags\SdbUpdates","SUCCESS","Desired Access: Read"
"15:20:21.2589918","ZCode.exe","3104","RegQueryValue","HKLM\SOFTWARE\Microsoft\Windows NT\CurrentVersion\AppCompatFlags\SdbUpdates\sysMerge.sdb","BUFFER TOO SMALL","Length: 0"
"15:20:21.2590069","ZCode.exe","3104","RegQueryValue","HKLM\SOFTWARE\Microsoft\Windows NT\CurrentVersion\AppCompatFlags\SdbUpdates\sysMerge.sdb","SUCCESS","Type: REG_SZ, Length: 58, Data: 01DBFA347540B59D.sysmain.sdb"
"15:20:21.2590183","ZCode.exe","3104","RegQueryValue","HKLM\SOFTWARE\Microsoft\Windows NT\CurrentVersion\AppCompatFlags\SdbUpdates\MergeVer_sysMerge.sdb","SUCCESS","Type: REG_DWORD, Length: 4, Data: 1"
"15:20:21.2590311","ZCode.exe","3104","RegQueryValue","HKLM\SOFTWARE\Microsoft\Windows NT\CurrentVersion\AppCompatFlags\SdbUpdates\MergeVer","SUCCESS","Type: REG_DWORD, Length: 4, Data: 1"
"15:20:21.2590497","ZCode.exe","3104","RegQueryValue","HKLM\SOFTWARE\Microsoft\Windows NT\CurrentVersion\AppCompatFlags\SdbUpdates\MinMergeVer","SUCCESS","Type: REG_DWORD, Length: 4, Data: 0"
"15:20:21.2591465","ZCode.exe","3104","RegOpenKey","HKLM\Software\Microsoft\Windows NT\CurrentVersion\AppCompatFlags\SdbUpdates","SUCCESS","Desired Access: Read"
"15:20:21.2591707","ZCode.exe","3104","RegQueryValue","HKLM\SOFTWARE\Microsoft\Windows NT\CurrentVersion\AppCompatFlags\SdbUpdates\DisableDoubleQuerySdbs","NAME NOT FOUND","Length: 20"
"15:20:21.2591935","ZCode.exe","3104","RegCloseKey","HKLM\SOFTWARE\Microsoft\Windows NT\CurrentVersion\AppCompatFlags\SdbUpdates","SUCCESS",""
"15:20:21.2592159","ZCode.exe","3104","RegOpenKey","HKLM\Software\Microsoft\Windows NT\CurrentVersion\AppCompatFlags\SdbUpdates\ManifestedMergeStubSdbs","SUCCESS","Desired Access: Read"
"15:20:21.2592396","ZCode.exe","3104","RegEnumValue","HKLM\SOFTWARE\Microsoft\Windows NT\CurrentVersion\AppCompatFlags\SdbUpdates\ManifestedMergeStubSdbs","SUCCESS","Index: 0, Type: REG_SZ, Length: 24, Data: sysmain.sdb"
"15:20:21.2592590","ZCode.exe","3104","RegEnumValue","HKLM\SOFTWARE\Microsoft\Windows NT\CurrentVersion\AppCompatFlags\SdbUpdates\ManifestedMergeStubSdbs","SUCCESS","Index: 1, Type: REG_SZ, Length: 24, Data: msimain.sdb"
"15:20:21.2592773","ZCode.exe","3104","RegEnumValue","HKLM\SOFTWARE\Microsoft\Windows NT\CurrentVersion\AppCompatFlags\SdbUpdates\ManifestedMergeStubSdbs","NO MORE ENTRIES","Index: 2, Length: 42"
"15:20:21.2593033","ZCode.exe","3104","RegCloseKey","HKLM\SOFTWARE\Microsoft\Windows NT\CurrentVersion\AppCompatFlags\SdbUpdates\ManifestedMergeStubSdbs","SUCCESS",""
"15:20:21.2593234","ZCode.exe","3104","RegCloseKey","HKLM\SOFTWARE\Microsoft\Windows NT\CurrentVersion\AppCompatFlags\SdbUpdates","SUCCESS",""
"15:20:21.2593644","ZCode.exe","3104","RegOpenKey","HKLM\Software\Microsoft\Windows NT\CurrentVersion\AppCompatFlags\SdbUpdates","SUCCESS","Desired Access: Read"
"15:20:21.2593858","ZCode.exe","3104","RegQueryValue","HKLM\SOFTWARE\Microsoft\Windows NT\CurrentVersion\AppCompatFlags\SdbUpdates\StagedDelete_sysmain.sdb","NAME NOT FOUND","Length: 0"
"15:20:21.2594069","ZCode.exe","3104","RegCloseKey","HKLM\SOFTWARE\Microsoft\Windows NT\CurrentVersion\AppCompatFlags\SdbUpdates","SUCCESS",""
"15:20:21.2594286","ZCode.exe","3104","RegOpenKey","HKLM\Software\Microsoft\Windows NT\CurrentVersion\AppCompatFlags\SdbUpdates","SUCCESS","Desired Access: Read"
"15:20:21.2594487","ZCode.exe","3104","RegQueryValue","HKLM\SOFTWARE\Microsoft\Windows NT\CurrentVersion\AppCompatFlags\SdbUpdates\sysmain.sdb","BUFFER TOO SMALL","Length: 0"
"15:20:21.2594885","ZCode.exe","3104","RegQueryValue","HKLM\SOFTWARE\Microsoft\Windows NT\CurrentVersion\AppCompatFlags\SdbUpdates\sysmain.sdb","SUCCESS","Type: REG_SZ, Length: 58, Data: 01DD03FCD47E9A81.sysmain.sdb"
"15:20:21.2595159","ZCode.exe","3104","RegQueryValue","HKLM\SOFTWARE\Microsoft\Windows NT\CurrentVersion\AppCompatFlags\SdbUpdates\MergeVer_sysmain.sdb","SUCCESS","Type: REG_DWORD, Length: 4, Data: 1"
"15:20:21.2595325","ZCode.exe","3104","RegQueryValue","HKLM\SOFTWARE\Microsoft\Windows NT\CurrentVersion\AppCompatFlags\SdbUpdates\MergeVer","SUCCESS","Type: REG_DWORD, Length: 4, Data: 1"
"15:20:21.2595476","ZCode.exe","3104","RegQueryValue","HKLM\SOFTWARE\Microsoft\Windows NT\CurrentVersion\AppCompatFlags\SdbUpdates\MinMergeVer","SUCCESS","Type: REG_DWORD, Length: 4, Data: 0"
"15:20:21.2595980","ZCode.exe","3104","RegOpenKey","HKLM\Software\Microsoft\Windows NT\CurrentVersion\AppCompatFlags\SdbUpdates","SUCCESS","Desired Access: Read"
"15:20:21.2596203","ZCode.exe","3104","RegQueryValue","HKLM\SOFTWARE\Microsoft\Windows NT\CurrentVersion\AppCompatFlags\SdbUpdates\DisableDoubleQuerySdbs","NAME NOT FOUND","Length: 20"
"15:20:21.2596379","ZCode.exe","3104","RegCloseKey","HKLM\SOFTWARE\Microsoft\Windows NT\CurrentVersion\AppCompatFlags\SdbUpdates","SUCCESS",""
"15:20:21.2596563","ZCode.exe","3104","RegOpenKey","HKLM\Software\Microsoft\Windows NT\CurrentVersion\AppCompatFlags\SdbUpdates\ManifestedMergeStubSdbs","SUCCESS","Desired Access: Read"
"15:20:21.2596764","ZCode.exe","3104","RegEnumValue","HKLM\SOFTWARE\Microsoft\Windows NT\CurrentVersion\AppCompatFlags\SdbUpdates\ManifestedMergeStubSdbs","SUCCESS","Index: 0, Type: REG_SZ, Length: 24, Data: sysmain.sdb"
"15:20:21.2596917","ZCode.exe","3104","RegEnumValue","HKLM\SOFTWARE\Microsoft\Windows NT\CurrentVersion\AppCompatFlags\SdbUpdates\ManifestedMergeStubSdbs","SUCCESS","Index: 0, Type: REG_SZ"
"15:20:21.2597084","ZCode.exe","3104","RegCloseKey","HKLM\SOFTWARE\Microsoft\Windows NT\CurrentVersion\AppCompatFlags\SdbUpdates\ManifestedMergeStubSdbs","SUCCESS",""
"15:20:21.2597357","ZCode.exe","3104","RegCloseKey","HKLM\SOFTWARE\Microsoft\Windows NT\CurrentVersion\AppCompatFlags\SdbUpdates","SUCCESS",""
"15:20:21.2597621","ZCode.exe","3104","QueryBasicInformationFile","C:\Windows\System32\WindowsPowerShell\v1.0\powershell.exe","SUCCESS","CreationTime: 24-06-2026 11:34:17, LastAccessTime: 26-06-2026 15:20:21, LastWriteTime: 24-06-2026 11:34:17, ChangeTime: 24-06-2026 21:39:51, FileAttributes: A"
"15:20:21.2598329","ZCode.exe","3104","QueryBasicInformationFile","C:\Windows\System32\WindowsPowerShell\v1.0\powershell.exe","SUCCESS","CreationTime: 24-06-2026 11:34:17, LastAccessTime: 26-06-2026 15:20:21, LastWriteTime: 24-06-2026 11:34:17, ChangeTime: 24-06-2026 21:39:51, FileAttributes: A"
"15:20:21.2598580","ZCode.exe","3104","QueryNameInformationFile","C:\Windows\System32\WindowsPowerShell\v1.0\powershell.exe","SUCCESS","Name: \Windows\System32\WindowsPowerShell\v1.0\powershell.exe"
"15:20:21.2599288","ZCode.exe","3104","RegOpenKey","HKLM\Software\Microsoft\Windows\CurrentVersion\SideBySide","SUCCESS","Desired Access: Read"
"15:20:21.2599500","ZCode.exe","3104","RegQueryValue","HKLM\SOFTWARE\Microsoft\Windows\CurrentVersion\SideBySide\PreferExternalManifest","NAME NOT FOUND","Length: 20"
"15:20:21.2599663","ZCode.exe","3104","RegCloseKey","HKLM\SOFTWARE\Microsoft\Windows\CurrentVersion\SideBySide","SUCCESS",""
"15:20:21.2613704","ZCode.exe","3104","CloseFile","C:\Windows\System32\WindowsPowerShell\v1.0\powershell.exe","SUCCESS",""
"15:20:31.2528278","ZCode.exe","3104","CreateFile","C:\Program Files\ZCode\powershell.exe","NAME NOT FOUND","Desired Access: Read Attributes, Disposition: Open, Options: Open Reparse Point, Attributes: n/a, ShareMode: Read, Write, Delete, AllocationSize: n/a"
"15:20:31.2531108","ZCode.exe","3104","CreateFile","C:\Program Files\ZCode\powershell.exe.com","NAME NOT FOUND","Desired Access: Read Attributes, Disposition: Open, Options: Open Reparse Point, Attributes: n/a, ShareMode: Read, Write, Delete, AllocationSize: n/a"
"15:20:31.2534144","ZCode.exe","3104","CreateFile","C:\Program Files\ZCode\powershell.exe.exe","NAME NOT FOUND","Desired Access: Read Attributes, Disposition: Open, Options: Open Reparse Point, Attributes: n/a, ShareMode: Read, Write, Delete, AllocationSize: n/a"
"15:20:31.2536960","ZCode.exe","3104","CreateFile","C:\Program Files (x86)\Common Files\Oracle\Java\java8path_target_64312687\powershell.exe","REPARSE","Desired Access: Read Attributes, Disposition: Open, Options: Open Reparse Point, Attributes: n/a, ShareMode: Read, Write, Delete, AllocationSize: n/a, OpenResult: <unknown>"
"15:20:31.2538918","ZCode.exe","3104","CreateFile","C:\Program Files (x86)\Common Files\Oracle\Java\java8path_target_64312687\powershell.exe","NAME NOT FOUND","Desired Access: Read Attributes, Disposition: Open, Options: Open Reparse Point, Attributes: n/a, ShareMode: Read, Write, Delete, AllocationSize: n/a"
"15:20:31.2541077","ZCode.exe","3104","CreateFile","C:\Program Files (x86)\Common Files\Oracle\Java\java8path_target_64312687\powershell.exe.com","REPARSE","Desired Access: Read Attributes, Disposition: Open, Options: Open Reparse Point, Attributes: n/a, ShareMode: Read, Write, Delete, AllocationSize: n/a, OpenResult: <unknown>"
"15:20:31.2542956","ZCode.exe","3104","CreateFile","C:\Program Files (x86)\Common Files\Oracle\Java\java8path_target_64312687\powershell.exe.com","NAME NOT FOUND","Desired Access: Read Attributes, Disposition: Open, Options: Open Reparse Point, Attributes: n/a, ShareMode: Read, Write, Delete, AllocationSize: n/a"
"15:20:31.2545323","ZCode.exe","3104","CreateFile","C:\Program Files (x86)\Common Files\Oracle\Java\java8path_target_64312687\powershell.exe.exe","REPARSE","Desired Access: Read Attributes, Disposition: Open, Options: Open Reparse Point, Attributes: n/a, ShareMode: Read, Write, Delete, AllocationSize: n/a, OpenResult: <unknown>"
"15:20:31.2547143","ZCode.exe","3104","CreateFile","C:\Program Files (x86)\Common Files\Oracle\Java\java8path_target_64312687\powershell.exe.exe","NAME NOT FOUND","Desired Access: Read Attributes, Disposition: Open, Options: Open Reparse Point, Attributes: n/a, ShareMode: Read, Write, Delete, AllocationSize: n/a"
"15:20:31.2548334","ZCode.exe","3104","CreateFile","C:\Program Files (x86)\Common Files\Oracle\Java\javapath\powershell.exe","PATH NOT FOUND","Desired Access: Read Attributes, Disposition: Open, Options: Open Reparse Point, Attributes: n/a, ShareMode: Read, Write, Delete, AllocationSize: n/a"
"15:20:31.2549440","ZCode.exe","3104","CreateFile","C:\Program Files (x86)\Common Files\Oracle\Java\javapath\powershell.exe.com","PATH NOT FOUND","Desired Access: Read Attributes, Disposition: Open, Options: Open Reparse Point, Attributes: n/a, ShareMode: Read, Write, Delete, AllocationSize: n/a"
"15:20:31.2550503","ZCode.exe","3104","CreateFile","C:\Program Files (x86)\Common Files\Oracle\Java\javapath\powershell.exe.exe","PATH NOT FOUND","Desired Access: Read Attributes, Disposition: Open, Options: Open Reparse Point, Attributes: n/a, ShareMode: Read, Write, Delete, AllocationSize: n/a"
"15:20:31.2553251","ZCode.exe","3104","CreateFile","C:\Windows\System32\powershell.exe","NAME NOT FOUND","Desired Access: Read Attributes, Disposition: Open, Options: Open Reparse Point, Attributes: n/a, ShareMode: Read, Write, Delete, AllocationSize: n/a"
"15:20:31.2555654","ZCode.exe","3104","CreateFile","C:\Windows\System32\powershell.exe.com","NAME NOT FOUND","Desired Access: Read Attributes, Disposition: Open, Options: Open Reparse Point, Attributes: n/a, ShareMode: Read, Write, Delete, AllocationSize: n/a"
"15:20:31.2557702","ZCode.exe","3104","CreateFile","C:\Windows\System32\powershell.exe.exe","NAME NOT FOUND","Desired Access: Read Attributes, Disposition: Open, Options: Open Reparse Point, Attributes: n/a, ShareMode: Read, Write, Delete, AllocationSize: n/a"
"15:20:31.2559754","ZCode.exe","3104","CreateFile","C:\Windows\powershell.exe","NAME NOT FOUND","Desired Access: Read Attributes, Disposition: Open, Options: Open Reparse Point, Attributes: n/a, ShareMode: Read, Write, Delete, AllocationSize: n/a"
"15:20:31.2561691","ZCode.exe","3104","CreateFile","C:\Windows\powershell.exe.com","NAME NOT FOUND","Desired Access: Read Attributes, Disposition: Open, Options: Open Reparse Point, Attributes: n/a, ShareMode: Read, Write, Delete, AllocationSize: n/a"
"15:20:31.2563626","ZCode.exe","3104","CreateFile","C:\Windows\powershell.exe.exe","NAME NOT FOUND","Desired Access: Read Attributes, Disposition: Open, Options: Open Reparse Point, Attributes: n/a, ShareMode: Read, Write, Delete, AllocationSize: n/a"
"15:20:31.2565880","ZCode.exe","3104","CreateFile","C:\Windows\System32\wbem\powershell.exe","NAME NOT FOUND","Desired Access: Read Attributes, Disposition: Open, Options: Open Reparse Point, Attributes: n/a, ShareMode: Read, Write, Delete, AllocationSize: n/a"
"15:20:31.2567848","ZCode.exe","3104","CreateFile","C:\Windows\System32\wbem\powershell.exe.com","NAME NOT FOUND","Desired Access: Read Attributes, Disposition: Open, Options: Open Reparse Point, Attributes: n/a, ShareMode: Read, Write, Delete, AllocationSize: n/a"
"15:20:31.2569774","ZCode.exe","3104","CreateFile","C:\Windows\System32\wbem\powershell.exe.exe","NAME NOT FOUND","Desired Access: Read Attributes, Disposition: Open, Options: Open Reparse Point, Attributes: n/a, ShareMode: Read, Write, Delete, AllocationSize: n/a"
"15:20:31.2571780","ZCode.exe","3104","CreateFile","C:\Windows\System32\WindowsPowerShell\v1.0\powershell.exe","SUCCESS","Desired Access: Read Attributes, Disposition: Open, Options: Open Reparse Point, Attributes: n/a, ShareMode: Read, Write, Delete, AllocationSize: n/a, OpenResult: Opened"
"15:20:31.2572289","ZCode.exe","3104","QueryBasicInformationFile","C:\Windows\System32\WindowsPowerShell\v1.0\powershell.exe","SUCCESS","CreationTime: 24-06-2026 11:34:17, LastAccessTime: 26-06-2026 15:20:22, LastWriteTime: 24-06-2026 11:34:17, ChangeTime: 24-06-2026 21:39:51, FileAttributes: A"
"15:20:31.2572473","ZCode.exe","3104","CloseFile","C:\Windows\System32\WindowsPowerShell\v1.0\powershell.exe","SUCCESS",""
"15:20:31.2575002","ZCode.exe","3104","CreateFile","C:\Program Files\ZCode","SUCCESS","Desired Access: Read Attributes, Disposition: Open, Options: Open Reparse Point, Attributes: n/a, ShareMode: Read, Write, Delete, AllocationSize: n/a, OpenResult: Opened"
"15:20:31.2575330","ZCode.exe","3104","QueryBasicInformationFile","C:\Program Files\ZCode","SUCCESS","CreationTime: 25-06-2026 15:21:19, LastAccessTime: 26-06-2026 15:20:31, LastWriteTime: 26-06-2026 12:58:00, ChangeTime: 26-06-2026 12:58:00, FileAttributes: D"
"15:20:31.2575500","ZCode.exe","3104","CloseFile","C:\Program Files\ZCode","SUCCESS",""
"15:20:31.2576242","ZCode.exe","3104","RegOpenKey","HKLM\System\CurrentControlSet\Control\Session Manager\Memory Management","REPARSE","Desired Access: Query Value"
"15:20:31.2576622","ZCode.exe","3104","RegOpenKey","HKLM\System\CurrentControlSet\Control\Session Manager\Memory Management","SUCCESS","Desired Access: Query Value"
"15:20:31.2576934","ZCode.exe","3104","RegQueryValue","HKLM\System\CurrentControlSet\Control\Session Manager\Memory Management\HotPatchRestrictions","NAME NOT FOUND","Length: 20"
"15:20:31.2577212","ZCode.exe","3104","RegCloseKey","HKLM\System\CurrentControlSet\Control\Session Manager\Memory Management","SUCCESS",""
"15:20:31.2577443","ZCode.exe","3104","RegOpenKey","HKLM\SOFTWARE\Microsoft\Windows NT\CurrentVersion\Image File Execution Options\powershell.exe","NAME NOT FOUND","Desired Access: Query Value, Enumerate Sub Keys"
"15:20:31.2577718","ZCode.exe","3104","RegOpenKey","HKLM\Software\Microsoft\Wow64\x86\xtajit","NAME NOT FOUND","Desired Access: Query Value"
"15:20:31.2579118","ZCode.exe","3104","CreateFile","C:\Windows\System32\WindowsPowerShell\v1.0\powershell.exe","SUCCESS","Desired Access: Read Data/List Directory, Execute/Traverse, Read Attributes, Synchronize, Disposition: Open, Options: Synchronous IO Non-Alert, Non-Directory File, Attributes: N, ShareMode: Read, Delete, AllocationSize: n/a, OpenResult: Opened"
"15:20:31.2579651","ZCode.exe","3104","CreateFileMapping","C:\Windows\System32\WindowsPowerShell\v1.0\powershell.exe","FILE LOCKED WITH ONLY READERS","SyncType: SyncTypeCreateSection, PageProtection: PAGE_EXECUTE"
"15:20:31.2580155","ZCode.exe","3104","CreateFileMapping","C:\Windows\System32\WindowsPowerShell\v1.0\powershell.exe","SUCCESS","SyncType: SyncTypeOther"
"15:20:31.2580731","ZCode.exe","3104","RegOpenKey","HKLM\SOFTWARE\Microsoft\Windows NT\CurrentVersion\Image File Execution Options\powershell.exe","NAME NOT FOUND","Desired Access: Query Value, Enumerate Sub Keys"
"15:20:31.2581379","ZCode.exe","3104","QuerySecurityFile","C:\Windows\System32\WindowsPowerShell\v1.0\powershell.exe","SUCCESS","Information: Label"
"15:20:31.2582530","ZCode.exe","3104","QueryNameInformationFile","C:\Windows\System32\WindowsPowerShell\v1.0\powershell.exe","SUCCESS","Name: \Windows\System32\WindowsPowerShell\v1.0\powershell.exe"
"15:20:31.2663757","ZCode.exe","3104","RegOpenKey","HKLM\System\CurrentControlSet\Services\bam\State\UserSettings\S-1-5-21-3723388597-1227904235-2670526452-1001","SUCCESS","Desired Access: All Access"
"15:20:31.2664350","ZCode.exe","3104","RegQueryValue","HKLM\System\CurrentControlSet\Services\bam\State\UserSettings\S-1-5-21-3723388597-1227904235-2670526452-1001\\Device\HarddiskVolume3\Windows\System32\WindowsPowerShell\v1.0\powershell.exe","SUCCESS","Type: REG_BINARY, Length: 24, Data: FC D7 62 34 51 05 DD 01 00 00 00 00 00 00 00 00"
"15:20:31.2664752","ZCode.exe","3104","RegSetValue","HKLM\System\CurrentControlSet\Services\bam\State\UserSettings\S-1-5-21-3723388597-1227904235-2670526452-1001\\Device\HarddiskVolume3\Windows\System32\WindowsPowerShell\v1.0\powershell.exe","SUCCESS","Type: REG_BINARY, Length: 24, Data: 3A 28 E3 39 51 05 DD 01 00 00 00 00 00 00 00 00"
"15:20:31.2666409","ZCode.exe","3104","RegCloseKey","HKLM\System\CurrentControlSet\Services\bam\State\UserSettings\S-1-5-21-3723388597-1227904235-2670526452-1001","SUCCESS",""
"15:20:31.2666779","ZCode.exe","3104","RegOpenKey","HKLM\SYSTEM\CurrentControlSet\Control\Session Manager\BAM","REPARSE","Desired Access: Query Value"
"15:20:31.2667136","ZCode.exe","3104","RegOpenKey","HKLM\System\CurrentControlSet\Control\Session Manager\BAM","NAME NOT FOUND","Desired Access: Query Value"
"15:20:31.2667889","ZCode.exe","3104","Process Create","C:\WINDOWS\System32\WindowsPowerShell\v1.0\powershell.exe","SUCCESS","PID: 23644, Command line: powershell.exe -NoProfile -NonInteractive -Command ""$ErrorActionPreference = 'SilentlyContinue';;$ids = @(3104,7900,25308,10868,2068,25096,13452,24260,16624);;$processRows = @();;if ($ids.Count -gt 0) {;  $processRows = @(Get-Process -Id $ids -ErrorAction SilentlyContinue | Select-Object Id, @{n='ReadBytes';e={$_.IOReadBytes}}, @{n='WriteBytes';e={$_.IOWriteBytes}});;};$main = $null;;$p = Get-Process -Id 3104 -ErrorAction SilentlyContinue;;if ($p) {;  $gdi = -1;;  try {;    Add-Type -TypeDefinition @';using System;;using System.Runtime.InteropServices;;using System.Diagnostics;;public class ZCodeGuiStats {;  [DllImport(\""user32.dll\"")] public static extern uint GetGuiResources(IntPtr h, uint f);;  public static int Gdi(int pid) {;    var pr = Process.GetProcessById(pid);;    return (int)GetGuiResources(pr.Handle, 0);;  };};'@ -ErrorAction SilentlyContinue;;    $gdi = [ZCodeGuiStats]::Gdi(3104);;  } catch {};  $main = [pscustomobject]@{ Handles = $p.HandleCount; Threads = $p.Threads.Count; Gdi = $gdi };;};[pscustomobject]@{ processes = $processRows; main = $main } | ConvertTo-Json -Depth 4 -Compress"""
"15:20:31.2669650","ZCode.exe","3104","RegOpenKey","HKCU\Software\Microsoft\Windows\CurrentVersion\Explorer\Shell Folders","SUCCESS","Desired Access: Query Value"
"15:20:31.2670110","ZCode.exe","3104","RegQueryValue","HKCU\Software\Microsoft\Windows\CurrentVersion\Explorer\Shell Folders\Cache","SUCCESS","Type: REG_SZ, Length: 112, Data: C:\Users\DELL\AppData\Local\Microsoft\Windows\INetCache"
"15:20:31.2670481","ZCode.exe","3104","RegCloseKey","HKCU\Software\Microsoft\Windows\CurrentVersion\Explorer\Shell Folders","SUCCESS",""
"15:20:31.2670774","ZCode.exe","3104","RegOpenKey","HKCU\Software\Microsoft\Windows NT\CurrentVersion\AppCompatFlags\Layers","SUCCESS","Desired Access: Query Value"
"15:20:31.2671102","ZCode.exe","3104","RegQueryValue","HKCU\Software\Microsoft\Windows NT\CurrentVersion\AppCompatFlags\Layers\C:\WINDOWS\System32\WindowsPowerShell\v1.0\powershell.exe","NAME NOT FOUND","Length: 16"
"15:20:31.2671391","ZCode.exe","3104","RegCloseKey","HKCU\Software\Microsoft\Windows NT\CurrentVersion\AppCompatFlags\Layers","SUCCESS",""
"15:20:31.2671991","ZCode.exe","3104","QuerySecurityFile","C:\Windows\System32\WindowsPowerShell\v1.0\powershell.exe","SUCCESS","Information: Owner, Group, DACL, SACL, Label, Attribute, Process Trust Label, 0x100"
"15:20:31.2673043","ZCode.exe","3104","RegOpenKey","HKLM\Software\Microsoft\Windows NT\CurrentVersion\AppCompatFlags\SdbUpdates","SUCCESS","Desired Access: Read"
"15:20:31.2673501","ZCode.exe","3104","RegQueryValue","HKLM\SOFTWARE\Microsoft\Windows NT\CurrentVersion\AppCompatFlags\SdbUpdates\DisableDoubleQuerySdbs","NAME NOT FOUND","Length: 20"
"15:20:31.2673888","ZCode.exe","3104","RegCloseKey","HKLM\SOFTWARE\Microsoft\Windows NT\CurrentVersion\AppCompatFlags\SdbUpdates","SUCCESS",""
"15:20:31.2674218","ZCode.exe","3104","RegOpenKey","HKLM\Software\Microsoft\Windows NT\CurrentVersion\AppCompatFlags\SdbUpdates\ManifestedMergeStubSdbs","SUCCESS","Desired Access: Read"
"15:20:31.2674584","ZCode.exe","3104","RegEnumValue","HKLM\SOFTWARE\Microsoft\Windows NT\CurrentVersion\AppCompatFlags\SdbUpdates\ManifestedMergeStubSdbs","SUCCESS","Index: 0, Type: REG_SZ, Length: 24, Data: sysmain.sdb"
"15:20:31.2674882","ZCode.exe","3104","RegEnumValue","HKLM\SOFTWARE\Microsoft\Windows NT\CurrentVersion\AppCompatFlags\SdbUpdates\ManifestedMergeStubSdbs","SUCCESS","Index: 0, Type: REG_SZ"
"15:20:31.2675206","ZCode.exe","3104","RegCloseKey","HKLM\SOFTWARE\Microsoft\Windows NT\CurrentVersion\AppCompatFlags\SdbUpdates\ManifestedMergeStubSdbs","SUCCESS",""
"15:20:31.2675566","ZCode.exe","3104","RegOpenKey","HKLM\Software\Microsoft\Windows NT\CurrentVersion\AppCompatFlags\SdbUpdates","SUCCESS","Desired Access: Read"
"15:20:31.2675890","ZCode.exe","3104","RegQueryValue","HKLM\SOFTWARE\Microsoft\Windows NT\CurrentVersion\AppCompatFlags\SdbUpdates\StagedDelete_sysMerge.sdb","NAME NOT FOUND","Length: 0"
"15:20:31.2676220","ZCode.exe","3104","RegCloseKey","HKLM\SOFTWARE\Microsoft\Windows NT\CurrentVersion\AppCompatFlags\SdbUpdates","SUCCESS",""
"15:20:31.2676536","ZCode.exe","3104","RegOpenKey","HKLM\Software\Microsoft\Windows NT\CurrentVersion\AppCompatFlags\SdbUpdates","SUCCESS","Desired Access: Read"
"15:20:31.2676836","ZCode.exe","3104","RegQueryValue","HKLM\SOFTWARE\Microsoft\Windows NT\CurrentVersion\AppCompatFlags\SdbUpdates\sysMerge.sdb","BUFFER TOO SMALL","Length: 0"
"15:20:31.2677114","ZCode.exe","3104","RegQueryValue","HKLM\SOFTWARE\Microsoft\Windows NT\CurrentVersion\AppCompatFlags\SdbUpdates\sysMerge.sdb","SUCCESS","Type: REG_SZ, Length: 58, Data: 01DBFA347540B59D.sysmain.sdb"
"15:20:31.2677421","ZCode.exe","3104","RegQueryValue","HKLM\SOFTWARE\Microsoft\Windows NT\CurrentVersion\AppCompatFlags\SdbUpdates\MergeVer_sysMerge.sdb","SUCCESS","Type: REG_DWORD, Length: 4, Data: 1"
"15:20:31.2677720","ZCode.exe","3104","RegQueryValue","HKLM\SOFTWARE\Microsoft\Windows NT\CurrentVersion\AppCompatFlags\SdbUpdates\MergeVer","SUCCESS","Type: REG_DWORD, Length: 4, Data: 1"
"15:20:31.2678008","ZCode.exe","3104","RegQueryValue","HKLM\SOFTWARE\Microsoft\Windows NT\CurrentVersion\AppCompatFlags\SdbUpdates\MinMergeVer","SUCCESS","Type: REG_DWORD, Length: 4, Data: 0"
"15:20:31.2679244","ZCode.exe","3104","RegOpenKey","HKLM\Software\Microsoft\Windows NT\CurrentVersion\AppCompatFlags\SdbUpdates","SUCCESS","Desired Access: Read"
"15:20:31.2679619","ZCode.exe","3104","RegQueryValue","HKLM\SOFTWARE\Microsoft\Windows NT\CurrentVersion\AppCompatFlags\SdbUpdates\DisableDoubleQuerySdbs","NAME NOT FOUND","Length: 20"
"15:20:31.2679945","ZCode.exe","3104","RegCloseKey","HKLM\SOFTWARE\Microsoft\Windows NT\CurrentVersion\AppCompatFlags\SdbUpdates","SUCCESS",""
"15:20:31.2680255","ZCode.exe","3104","RegOpenKey","HKLM\Software\Microsoft\Windows NT\CurrentVersion\AppCompatFlags\SdbUpdates\ManifestedMergeStubSdbs","SUCCESS","Desired Access: Read"
"15:20:31.2680572","ZCode.exe","3104","RegEnumValue","HKLM\SOFTWARE\Microsoft\Windows NT\CurrentVersion\AppCompatFlags\SdbUpdates\ManifestedMergeStubSdbs","SUCCESS","Index: 0, Type: REG_SZ, Length: 24, Data: sysmain.sdb"
"15:20:31.2680831","ZCode.exe","3104","RegEnumValue","HKLM\SOFTWARE\Microsoft\Windows NT\CurrentVersion\AppCompatFlags\SdbUpdates\ManifestedMergeStubSdbs","SUCCESS","Index: 1, Type: REG_SZ, Length: 24, Data: msimain.sdb"
"15:20:31.2681078","ZCode.exe","3104","RegEnumValue","HKLM\SOFTWARE\Microsoft\Windows NT\CurrentVersion\AppCompatFlags\SdbUpdates\ManifestedMergeStubSdbs","NO MORE ENTRIES","Index: 2, Length: 42"
"15:20:31.2681356","ZCode.exe","3104","RegCloseKey","HKLM\SOFTWARE\Microsoft\Windows NT\CurrentVersion\AppCompatFlags\SdbUpdates\ManifestedMergeStubSdbs","SUCCESS",""
"15:20:31.2681624","ZCode.exe","3104","RegCloseKey","HKLM\SOFTWARE\Microsoft\Windows NT\CurrentVersion\AppCompatFlags\SdbUpdates","SUCCESS",""
"15:20:31.2682120","ZCode.exe","3104","RegOpenKey","HKLM\Software\Microsoft\Windows NT\CurrentVersion\AppCompatFlags\SdbUpdates","SUCCESS","Desired Access: Read"
"15:20:31.2682403","ZCode.exe","3104","RegQueryValue","HKLM\SOFTWARE\Microsoft\Windows NT\CurrentVersion\AppCompatFlags\SdbUpdates\StagedDelete_sysmain.sdb","NAME NOT FOUND","Length: 0"
"15:20:31.2682690","ZCode.exe","3104","RegCloseKey","HKLM\SOFTWARE\Microsoft\Windows NT\CurrentVersion\AppCompatFlags\SdbUpdates","SUCCESS",""
"15:20:31.2682976","ZCode.exe","3104","RegOpenKey","HKLM\Software\Microsoft\Windows NT\CurrentVersion\AppCompatFlags\SdbUpdates","SUCCESS","Desired Access: Read"
"15:20:31.2683254","ZCode.exe","3104","RegQueryValue","HKLM\SOFTWARE\Microsoft\Windows NT\CurrentVersion\AppCompatFlags\SdbUpdates\sysmain.sdb","BUFFER TOO SMALL","Length: 0"
"15:20:31.2683506","ZCode.exe","3104","RegQueryValue","HKLM\SOFTWARE\Microsoft\Windows NT\CurrentVersion\AppCompatFlags\SdbUpdates\sysmain.sdb","SUCCESS","Type: REG_SZ, Length: 58, Data: 01DD03FCD47E9A81.sysmain.sdb"
"15:20:31.2683773","ZCode.exe","3104","RegQueryValue","HKLM\SOFTWARE\Microsoft\Windows NT\CurrentVersion\AppCompatFlags\SdbUpdates\MergeVer_sysmain.sdb","SUCCESS","Type: REG_DWORD, Length: 4, Data: 1"
"15:20:31.2684037","ZCode.exe","3104","RegQueryValue","HKLM\SOFTWARE\Microsoft\Windows NT\CurrentVersion\AppCompatFlags\SdbUpdates\MergeVer","SUCCESS","Type: REG_DWORD, Length: 4, Data: 1"
"15:20:31.2684286","ZCode.exe","3104","RegQueryValue","HKLM\SOFTWARE\Microsoft\Windows NT\CurrentVersion\AppCompatFlags\SdbUpdates\MinMergeVer","SUCCESS","Type: REG_DWORD, Length: 4, Data: 0"
"15:20:31.2684903","ZCode.exe","3104","RegOpenKey","HKLM\Software\Microsoft\Windows NT\CurrentVersion\AppCompatFlags\SdbUpdates","SUCCESS","Desired Access: Read"
"15:20:31.2685188","ZCode.exe","3104","RegQueryValue","HKLM\SOFTWARE\Microsoft\Windows NT\CurrentVersion\AppCompatFlags\SdbUpdates\DisableDoubleQuerySdbs","NAME NOT FOUND","Length: 20"
"15:20:31.2685477","ZCode.exe","3104","RegCloseKey","HKLM\SOFTWARE\Microsoft\Windows NT\CurrentVersion\AppCompatFlags\SdbUpdates","SUCCESS",""
"15:20:31.2685839","ZCode.exe","3104","RegOpenKey","HKLM\Software\Microsoft\Windows NT\CurrentVersion\AppCompatFlags\SdbUpdates\ManifestedMergeStubSdbs","SUCCESS","Desired Access: Read"
"15:20:31.2686301","ZCode.exe","3104","RegEnumValue","HKLM\SOFTWARE\Microsoft\Windows NT\CurrentVersion\AppCompatFlags\SdbUpdates\ManifestedMergeStubSdbs","SUCCESS","Index: 0, Type: REG_SZ, Length: 24, Data: sysmain.sdb"
"15:20:31.2686747","ZCode.exe","3104","RegEnumValue","HKLM\SOFTWARE\Microsoft\Windows NT\CurrentVersion\AppCompatFlags\SdbUpdates\ManifestedMergeStubSdbs","SUCCESS","Index: 0, Type: REG_SZ"
"15:20:31.2688524","ZCode.exe","3104","RegCloseKey","HKLM\SOFTWARE\Microsoft\Windows NT\CurrentVersion\AppCompatFlags\SdbUpdates\ManifestedMergeStubSdbs","SUCCESS",""
"15:20:31.2689437","ZCode.exe","3104","RegCloseKey","HKLM\SOFTWARE\Microsoft\Windows NT\CurrentVersion\AppCompatFlags\SdbUpdates","SUCCESS",""
"15:20:31.2690210","ZCode.exe","3104","QueryBasicInformationFile","C:\Windows\System32\WindowsPowerShell\v1.0\powershell.exe","SUCCESS","CreationTime: 24-06-2026 11:34:17, LastAccessTime: 26-06-2026 15:20:31, LastWriteTime: 24-06-2026 11:34:17, ChangeTime: 24-06-2026 21:39:51, FileAttributes: A"
"15:20:31.2691615","ZCode.exe","3104","QueryBasicInformationFile","C:\Windows\System32\WindowsPowerShell\v1.0\powershell.exe","SUCCESS","CreationTime: 24-06-2026 11:34:17, LastAccessTime: 26-06-2026 15:20:31, LastWriteTime: 24-06-2026 11:34:17, ChangeTime: 24-06-2026 21:39:51, FileAttributes: A"
"15:20:31.2692138","ZCode.exe","3104","QueryNameInformationFile","C:\Windows\System32\WindowsPowerShell\v1.0\powershell.exe","SUCCESS","Name: \Windows\System32\WindowsPowerShell\v1.0\powershell.exe"
"15:20:31.2694382","ZCode.exe","3104","RegOpenKey","HKLM\Software\Microsoft\Windows\CurrentVersion\SideBySide","SUCCESS","Desired Access: Read"
"15:20:31.2694967","ZCode.exe","3104","RegQueryValue","HKLM\SOFTWARE\Microsoft\Windows\CurrentVersion\SideBySide\PreferExternalManifest","NAME NOT FOUND","Length: 20"
"15:20:31.2695392","ZCode.exe","3104","RegCloseKey","HKLM\SOFTWARE\Microsoft\Windows\CurrentVersion\SideBySide","SUCCESS",""
"15:20:31.2709311","ZCode.exe","3104","CloseFile","C:\Windows\System32\WindowsPowerShell\v1.0\powershell.exe","SUCCESS",""
"15:20:31.7383822","ZCode.exe","10868","WriteFile","C:\Users\DELL\AppData\Local\Temp\25ddcb77-bf70-47f7-99de-4aad93dbeb8c.tmp","SUCCESS","Offset: 28967, Length: 221547, Priority: Normal"
"15:20:31.7384818","ZCode.exe","10868","ReadFile","C:\Users\DELL\AppData\Local\Temp\25ddcb77-bf70-47f7-99de-4aad93dbeb8c.tmp","END OF FILE","Offset: 28672, Length: 65536, I/O Flags: Non-cached, Paging I/O, Synchronous Paging I/O, Priority: Normal"
"15:20:31.7386943","ZCode.exe","10868","WriteFile","C:\Users\DELL\AppData\Local\Temp\25ddcb77-bf70-47f7-99de-4aad93dbeb8c.tmp","SUCCESS","Offset: 19975, Length: 8992, Priority: Normal"
"15:20:31.7388386","ZCode.exe","10868","WriteFile","C:\Users\DELL\AppData\Local\Temp\25ddcb77-bf70-47f7-99de-4aad93dbeb8c.tmp","SUCCESS","Offset: 250514, Length: 4277"
"15:20:31.7389052","ZCode.exe","10868","WriteFile","C:\Users\DELL\AppData\Local\Temp\25ddcb77-bf70-47f7-99de-4aad93dbeb8c.tmp","SUCCESS","Offset: 1400, Length: 18575"
"15:20:31.7389617","ZCode.exe","10868","WriteFile","C:\Users\DELL\AppData\Local\Temp\25ddcb77-bf70-47f7-99de-4aad93dbeb8c.tmp","SUCCESS","Offset: 254791, Length: 7987"
"15:20:31.7390086","ZCode.exe","10868","ReadFile","C:\Users\DELL\AppData\Local\Temp\25ddcb77-bf70-47f7-99de-4aad93dbeb8c.tmp","END OF FILE","Offset: 262144, Length: 65536, I/O Flags: Non-cached, Paging I/O, Synchronous Paging I/O, Priority: Normal"
"15:20:31.7390810","ZCode.exe","10868","WriteFile","C:\Users\DELL\AppData\Local\Temp\25ddcb77-bf70-47f7-99de-4aad93dbeb8c.tmp","SUCCESS","Offset: 442225, Length: 26225, Priority: Normal"
"15:20:31.7391666","ZCode.exe","10868","WriteFile","C:\Users\DELL\AppData\Local\Temp\25ddcb77-bf70-47f7-99de-4aad93dbeb8c.tmp","SUCCESS","Offset: 265553, Length: 13622"
"15:20:31.7392003","ZCode.exe","10868","WriteFile","C:\Users\DELL\AppData\Local\Temp\25ddcb77-bf70-47f7-99de-4aad93dbeb8c.tmp","SUCCESS","Offset: 279175, Length: 35125"
"15:20:31.7392388","ZCode.exe","10868","WriteFile","C:\Users\DELL\AppData\Local\Temp\25ddcb77-bf70-47f7-99de-4aad93dbeb8c.tmp","SUCCESS","Offset: 529494, Length: 1401918, Priority: Normal"
"15:20:31.7393305","ZCode.exe","10868","ReadFile","C:\Users\DELL\AppData\Local\Temp\25ddcb77-bf70-47f7-99de-4aad93dbeb8c.tmp","END OF FILE","Offset: 520192, Length: 65536, I/O Flags: Non-cached, Paging I/O, Synchronous Paging I/O, Priority: Normal"
"15:20:31.7399658","ZCode.exe","10868","WriteFile","C:\Users\DELL\AppData\Local\Temp\25ddcb77-bf70-47f7-99de-4aad93dbeb8c.tmp","SUCCESS","Offset: 2136977, Length: 9108, Priority: Normal"
"15:20:31.7400564","ZCode.exe","10868","ReadFile","C:\Users\DELL\AppData\Local\Temp\25ddcb77-bf70-47f7-99de-4aad93dbeb8c.tmp","END OF FILE","Offset: 2093056, Length: 65536, I/O Flags: Non-cached, Paging I/O, Synchronous Paging I/O, Priority: Normal"
"15:20:31.7402634","ZCode.exe","10868","WriteFile","C:\Users\DELL\AppData\Local\Temp\25ddcb77-bf70-47f7-99de-4aad93dbeb8c.tmp","SUCCESS","Offset: 2146085, Length: 2729"
"15:20:31.7403212","ZCode.exe","10868","WriteFile","C:\Users\DELL\AppData\Local\Temp\25ddcb77-bf70-47f7-99de-4aad93dbeb8c.tmp","SUCCESS","Offset: 2148814, Length: 99142"
"15:20:31.7404507","ZCode.exe","10868","WriteFile","C:\Users\DELL\AppData\Local\Temp\25ddcb77-bf70-47f7-99de-4aad93dbeb8c.tmp","SUCCESS","Offset: 2247956, Length: 43037"
"15:20:31.7405485","ZCode.exe","10868","WriteFile","C:\Users\DELL\AppData\Local\Temp\25ddcb77-bf70-47f7-99de-4aad93dbeb8c.tmp","SUCCESS","Offset: 1931412, Length: 205565"
"15:20:31.7407185","ZCode.exe","10868","WriteFile","C:\Users\DELL\AppData\Local\Temp\25ddcb77-bf70-47f7-99de-4aad93dbeb8c.tmp","SUCCESS","Offset: 314300, Length: 9699"
"15:20:31.7408007","ZCode.exe","10868","WriteFile","C:\Users\DELL\AppData\Local\Temp\25ddcb77-bf70-47f7-99de-4aad93dbeb8c.tmp","SUCCESS","Offset: 323999, Length: 99167"
"15:20:31.7409173","ZCode.exe","10868","WriteFile","C:\Users\DELL\AppData\Local\Temp\25ddcb77-bf70-47f7-99de-4aad93dbeb8c.tmp","SUCCESS","Offset: 423166, Length: 19059"
"15:20:31.7410187","ZCode.exe","10868","WriteFile","C:\Users\DELL\AppData\Local\Temp\25ddcb77-bf70-47f7-99de-4aad93dbeb8c.tmp","SUCCESS","Offset: 262778, Length: 2775"
"15:20:31.7411250","ZCode.exe","10868","WriteFile","C:\Users\DELL\AppData\Local\Temp\25ddcb77-bf70-47f7-99de-4aad93dbeb8c.tmp","SUCCESS","Offset: 468450, Length: 61044"
"15:20:31.7412558","ZCode.exe","10868","WriteFile","C:\Users\DELL\AppData\Local\Temp\25ddcb77-bf70-47f7-99de-4aad93dbeb8c.tmp","SUCCESS","Offset: 2290993, Length: 352303"
"15:20:31.7415490","ZCode.exe","10868","WriteFile","C:\Users\DELL\AppData\Local\Temp\25ddcb77-bf70-47f7-99de-4aad93dbeb8c.tmp","SUCCESS","Offset: 2643296, Length: 172305"
"15:20:35.4546463","ZCode.exe","13452","WriteFile","C:\Users\DELL\AppData\Local\Temp\7f9323a6-a746-489b-8760-bb98e650645f.tmp","SUCCESS","Offset: 0, Length: 20646, Priority: Normal"
"15:20:41.2542628","ZCode.exe","3104","CreateFile","C:\Program Files\ZCode\powershell.exe","NAME NOT FOUND","Desired Access: Read Attributes, Disposition: Open, Options: Open Reparse Point, Attributes: n/a, ShareMode: Read, Write, Delete, AllocationSize: n/a"
"15:20:41.2547225","ZCode.exe","3104","CreateFile","C:\Program Files\ZCode\powershell.exe.com","NAME NOT FOUND","Desired Access: Read Attributes, Disposition: Open, Options: Open Reparse Point, Attributes: n/a, ShareMode: Read, Write, Delete, AllocationSize: n/a"
"15:20:41.2550232","ZCode.exe","3104","CreateFile","C:\Program Files\ZCode\powershell.exe.exe","NAME NOT FOUND","Desired Access: Read Attributes, Disposition: Open, Options: Open Reparse Point, Attributes: n/a, ShareMode: Read, Write, Delete, AllocationSize: n/a"
"15:20:41.2553479","ZCode.exe","3104","CreateFile","C:\Program Files (x86)\Common Files\Oracle\Java\java8path_target_64312687\powershell.exe","REPARSE","Desired Access: Read Attributes, Disposition: Open, Options: Open Reparse Point, Attributes: n/a, ShareMode: Read, Write, Delete, AllocationSize: n/a, OpenResult: <unknown>"
"15:20:41.2556034","ZCode.exe","3104","CreateFile","C:\Program Files (x86)\Common Files\Oracle\Java\java8path_target_64312687\powershell.exe","NAME NOT FOUND","Desired Access: Read Attributes, Disposition: Open, Options: Open Reparse Point, Attributes: n/a, ShareMode: Read, Write, Delete, AllocationSize: n/a"
"15:20:41.2559388","ZCode.exe","3104","CreateFile","C:\Program Files (x86)\Common Files\Oracle\Java\java8path_target_64312687\powershell.exe.com","REPARSE","Desired Access: Read Attributes, Disposition: Open, Options: Open Reparse Point, Attributes: n/a, ShareMode: Read, Write, Delete, AllocationSize: n/a, OpenResult: <unknown>"
"15:20:41.2561882","ZCode.exe","3104","CreateFile","C:\Program Files (x86)\Common Files\Oracle\Java\java8path_target_64312687\powershell.exe.com","NAME NOT FOUND","Desired Access: Read Attributes, Disposition: Open, Options: Open Reparse Point, Attributes: n/a, ShareMode: Read, Write, Delete, AllocationSize: n/a"
"15:20:41.2564685","ZCode.exe","3104","CreateFile","C:\Program Files (x86)\Common Files\Oracle\Java\java8path_target_64312687\powershell.exe.exe","REPARSE","Desired Access: Read Attributes, Disposition: Open, Options: Open Reparse Point, Attributes: n/a, ShareMode: Read, Write, Delete, AllocationSize: n/a, OpenResult: <unknown>"
"15:20:41.2567164","ZCode.exe","3104","CreateFile","C:\Program Files (x86)\Common Files\Oracle\Java\java8path_target_64312687\powershell.exe.exe","NAME NOT FOUND","Desired Access: Read Attributes, Disposition: Open, Options: Open Reparse Point, Attributes: n/a, ShareMode: Read, Write, Delete, AllocationSize: n/a"
"15:20:41.2569012","ZCode.exe","3104","CreateFile","C:\Program Files (x86)\Common Files\Oracle\Java\javapath\powershell.exe","PATH NOT FOUND","Desired Access: Read Attributes, Disposition: Open, Options: Open Reparse Point, Attributes: n/a, ShareMode: Read, Write, Delete, AllocationSize: n/a"
"15:20:41.2570668","ZCode.exe","3104","CreateFile","C:\Program Files (x86)\Common Files\Oracle\Java\javapath\powershell.exe.com","PATH NOT FOUND","Desired Access: Read Attributes, Disposition: Open, Options: Open Reparse Point, Attributes: n/a, ShareMode: Read, Write, Delete, AllocationSize: n/a"
"15:20:41.2572178","ZCode.exe","3104","CreateFile","C:\Program Files (x86)\Common Files\Oracle\Java\javapath\powershell.exe.exe","PATH NOT FOUND","Desired Access: Read Attributes, Disposition: Open, Options: Open Reparse Point, Attributes: n/a, ShareMode: Read, Write, Delete, AllocationSize: n/a"
"15:20:41.2575589","ZCode.exe","3104","CreateFile","C:\Windows\System32\powershell.exe","NAME NOT FOUND","Desired Access: Read Attributes, Disposition: Open, Options: Open Reparse Point, Attributes: n/a, ShareMode: Read, Write, Delete, AllocationSize: n/a"
"15:20:41.2579238","ZCode.exe","3104","CreateFile","C:\Windows\System32\powershell.exe.com","NAME NOT FOUND","Desired Access: Read Attributes, Disposition: Open, Options: Open Reparse Point, Attributes: n/a, ShareMode: Read, Write, Delete, AllocationSize: n/a"
"15:20:41.2582260","ZCode.exe","3104","CreateFile","C:\Windows\System32\powershell.exe.exe","NAME NOT FOUND","Desired Access: Read Attributes, Disposition: Open, Options: Open Reparse Point, Attributes: n/a, ShareMode: Read, Write, Delete, AllocationSize: n/a"
"15:20:41.2585068","ZCode.exe","3104","CreateFile","C:\Windows\powershell.exe","NAME NOT FOUND","Desired Access: Read Attributes, Disposition: Open, Options: Open Reparse Point, Attributes: n/a, ShareMode: Read, Write, Delete, AllocationSize: n/a"
"15:20:41.2587689","ZCode.exe","3104","CreateFile","C:\Windows\powershell.exe.com","NAME NOT FOUND","Desired Access: Read Attributes, Disposition: Open, Options: Open Reparse Point, Attributes: n/a, ShareMode: Read, Write, Delete, AllocationSize: n/a"
"15:20:41.2590257","ZCode.exe","3104","CreateFile","C:\Windows\powershell.exe.exe","NAME NOT FOUND","Desired Access: Read Attributes, Disposition: Open, Options: Open Reparse Point, Attributes: n/a, ShareMode: Read, Write, Delete, AllocationSize: n/a"
"15:20:41.2592943","ZCode.exe","3104","CreateFile","C:\Windows\System32\wbem\powershell.exe","NAME NOT FOUND","Desired Access: Read Attributes, Disposition: Open, Options: Open Reparse Point, Attributes: n/a, ShareMode: Read, Write, Delete, AllocationSize: n/a"
"15:20:41.2595591","ZCode.exe","3104","CreateFile","C:\Windows\System32\wbem\powershell.exe.com","NAME NOT FOUND","Desired Access: Read Attributes, Disposition: Open, Options: Open Reparse Point, Attributes: n/a, ShareMode: Read, Write, Delete, AllocationSize: n/a"
"15:20:41.2598703","ZCode.exe","3104","CreateFile","C:\Windows\System32\wbem\powershell.exe.exe","NAME NOT FOUND","Desired Access: Read Attributes, Disposition: Open, Options: Open Reparse Point, Attributes: n/a, ShareMode: Read, Write, Delete, AllocationSize: n/a"
"15:20:41.2601719","ZCode.exe","3104","CreateFile","C:\Windows\System32\WindowsPowerShell\v1.0\powershell.exe","SUCCESS","Desired Access: Read Attributes, Disposition: Open, Options: Open Reparse Point, Attributes: n/a, ShareMode: Read, Write, Delete, AllocationSize: n/a, OpenResult: Opened"
"15:20:41.2602432","ZCode.exe","3104","QueryBasicInformationFile","C:\Windows\System32\WindowsPowerShell\v1.0\powershell.exe","SUCCESS","CreationTime: 24-06-2026 11:34:17, LastAccessTime: 26-06-2026 15:20:31, LastWriteTime: 24-06-2026 11:34:17, ChangeTime: 24-06-2026 21:39:51, FileAttributes: A"
"15:20:41.2602682","ZCode.exe","3104","CloseFile","C:\Windows\System32\WindowsPowerShell\v1.0\powershell.exe","SUCCESS",""
"15:20:41.2605850","ZCode.exe","3104","CreateFile","C:\Program Files\ZCode","SUCCESS","Desired Access: Read Attributes, Disposition: Open, Options: Open Reparse Point, Attributes: n/a, ShareMode: Read, Write, Delete, AllocationSize: n/a, OpenResult: Opened"
"15:20:41.2606287","ZCode.exe","3104","QueryBasicInformationFile","C:\Program Files\ZCode","SUCCESS","CreationTime: 25-06-2026 15:21:19, LastAccessTime: 26-06-2026 15:20:41, LastWriteTime: 26-06-2026 12:58:00, ChangeTime: 26-06-2026 12:58:00, FileAttributes: D"
"15:20:41.2606516","ZCode.exe","3104","CloseFile","C:\Program Files\ZCode","SUCCESS",""
"15:20:41.2607595","ZCode.exe","3104","RegOpenKey","HKLM\System\CurrentControlSet\Control\Session Manager\Memory Management","REPARSE","Desired Access: Query Value"
"15:20:41.2608082","ZCode.exe","3104","RegOpenKey","HKLM\System\CurrentControlSet\Control\Session Manager\Memory Management","SUCCESS","Desired Access: Query Value"
"15:20:41.2608559","ZCode.exe","3104","RegQueryValue","HKLM\System\CurrentControlSet\Control\Session Manager\Memory Management\HotPatchRestrictions","NAME NOT FOUND","Length: 20"
"15:20:41.2608914","ZCode.exe","3104","RegCloseKey","HKLM\System\CurrentControlSet\Control\Session Manager\Memory Management","SUCCESS",""
"15:20:41.2609232","ZCode.exe","3104","RegOpenKey","HKLM\SOFTWARE\Microsoft\Windows NT\CurrentVersion\Image File Execution Options\powershell.exe","NAME NOT FOUND","Desired Access: Query Value, Enumerate Sub Keys"
"15:20:41.2609583","ZCode.exe","3104","RegOpenKey","HKLM\Software\Microsoft\Wow64\x86\xtajit","NAME NOT FOUND","Desired Access: Query Value"
"15:20:41.2611387","ZCode.exe","3104","CreateFile","C:\Windows\System32\WindowsPowerShell\v1.0\powershell.exe","SUCCESS","Desired Access: Read Data/List Directory, Execute/Traverse, Read Attributes, Synchronize, Disposition: Open, Options: Synchronous IO Non-Alert, Non-Directory File, Attributes: N, ShareMode: Read, Delete, AllocationSize: n/a, OpenResult: Opened"
"15:20:41.2611967","ZCode.exe","3104","CreateFileMapping","C:\Windows\System32\WindowsPowerShell\v1.0\powershell.exe","FILE LOCKED WITH ONLY READERS","SyncType: SyncTypeCreateSection, PageProtection: PAGE_EXECUTE"
"15:20:41.2612585","ZCode.exe","3104","CreateFileMapping","C:\Windows\System32\WindowsPowerShell\v1.0\powershell.exe","SUCCESS","SyncType: SyncTypeOther"
"15:20:41.2613517","ZCode.exe","3104","RegOpenKey","HKLM\SOFTWARE\Microsoft\Windows NT\CurrentVersion\Image File Execution Options\powershell.exe","NAME NOT FOUND","Desired Access: Query Value, Enumerate Sub Keys"
"15:20:41.2614322","ZCode.exe","3104","QuerySecurityFile","C:\Windows\System32\WindowsPowerShell\v1.0\powershell.exe","SUCCESS","Information: Label"
"15:20:41.2615853","ZCode.exe","3104","QueryNameInformationFile","C:\Windows\System32\WindowsPowerShell\v1.0\powershell.exe","SUCCESS","Name: \Windows\System32\WindowsPowerShell\v1.0\powershell.exe"
"15:20:41.2761632","ZCode.exe","3104","RegOpenKey","HKLM\System\CurrentControlSet\Services\bam\State\UserSettings\S-1-5-21-3723388597-1227904235-2670526452-1001","SUCCESS","Desired Access: All Access"
"15:20:41.2762323","ZCode.exe","3104","RegQueryValue","HKLM\System\CurrentControlSet\Services\bam\State\UserSettings\S-1-5-21-3723388597-1227904235-2670526452-1001\\Device\HarddiskVolume3\Windows\System32\WindowsPowerShell\v1.0\powershell.exe","SUCCESS","Type: REG_BINARY, Length: 24, Data: D0 AE 4C 3A 51 05 DD 01 00 00 00 00 00 00 00 00"
"15:20:41.2762729","ZCode.exe","3104","RegSetValue","HKLM\System\CurrentControlSet\Services\bam\State\UserSettings\S-1-5-21-3723388597-1227904235-2670526452-1001\\Device\HarddiskVolume3\Windows\System32\WindowsPowerShell\v1.0\powershell.exe","SUCCESS","Type: REG_BINARY, Length: 24, Data: F3 87 DA 3F 51 05 DD 01 00 00 00 00 00 00 00 00"
"15:20:41.2764412","ZCode.exe","3104","RegCloseKey","HKLM\System\CurrentControlSet\Services\bam\State\UserSettings\S-1-5-21-3723388597-1227904235-2670526452-1001","SUCCESS",""
"15:20:41.2764870","ZCode.exe","3104","RegOpenKey","HKLM\SYSTEM\CurrentControlSet\Control\Session Manager\BAM","REPARSE","Desired Access: Query Value"
"15:20:41.2765224","ZCode.exe","3104","RegOpenKey","HKLM\System\CurrentControlSet\Control\Session Manager\BAM","NAME NOT FOUND","Desired Access: Query Value"
"15:20:41.2766158","ZCode.exe","3104","Process Create","C:\WINDOWS\System32\WindowsPowerShell\v1.0\powershell.exe","SUCCESS","PID: 23836, Command line: powershell.exe -NoProfile -NonInteractive -Command ""$ErrorActionPreference = 'SilentlyContinue';;$ids = @(3104,7900,25308,10868,2068,25096,13452,24260,16624);;$processRows = @();;if ($ids.Count -gt 0) {;  $processRows = @(Get-Process -Id $ids -ErrorAction SilentlyContinue | Select-Object Id, @{n='ReadBytes';e={$_.IOReadBytes}}, @{n='WriteBytes';e={$_.IOWriteBytes}});;};$main = $null;;$p = Get-Process -Id 3104 -ErrorAction SilentlyContinue;;if ($p) {;  $gdi = -1;;  try {;    Add-Type -TypeDefinition @';using System;;using System.Runtime.InteropServices;;using System.Diagnostics;;public class ZCodeGuiStats {;  [DllImport(\""user32.dll\"")] public static extern uint GetGuiResources(IntPtr h, uint f);;  public static int Gdi(int pid) {;    var pr = Process.GetProcessById(pid);;    return (int)GetGuiResources(pr.Handle, 0);;  };};'@ -ErrorAction SilentlyContinue;;    $gdi = [ZCodeGuiStats]::Gdi(3104);;  } catch {};  $main = [pscustomobject]@{ Handles = $p.HandleCount; Threads = $p.Threads.Count; Gdi = $gdi };;};[pscustomobject]@{ processes = $processRows; main = $main } | ConvertTo-Json -Depth 4 -Compress"""
"15:20:41.2768129","ZCode.exe","3104","RegOpenKey","HKCU\Software\Microsoft\Windows\CurrentVersion\Explorer\Shell Folders","SUCCESS","Desired Access: Query Value"
"15:20:41.2768560","ZCode.exe","3104","RegQueryValue","HKCU\Software\Microsoft\Windows\CurrentVersion\Explorer\Shell Folders\Cache","SUCCESS","Type: REG_SZ, Length: 112, Data: C:\Users\DELL\AppData\Local\Microsoft\Windows\INetCache"
"15:20:41.2768982","ZCode.exe","3104","RegCloseKey","HKCU\Software\Microsoft\Windows\CurrentVersion\Explorer\Shell Folders","SUCCESS",""
"15:20:41.2769279","ZCode.exe","3104","RegOpenKey","HKCU\Software\Microsoft\Windows NT\CurrentVersion\AppCompatFlags\Layers","SUCCESS","Desired Access: Query Value"
"15:20:41.2769643","ZCode.exe","3104","RegQueryValue","HKCU\Software\Microsoft\Windows NT\CurrentVersion\AppCompatFlags\Layers\C:\WINDOWS\System32\WindowsPowerShell\v1.0\powershell.exe","NAME NOT FOUND","Length: 16"
"15:20:41.2769915","ZCode.exe","3104","RegCloseKey","HKCU\Software\Microsoft\Windows NT\CurrentVersion\AppCompatFlags\Layers","SUCCESS",""
"15:20:41.2770424","ZCode.exe","3104","QuerySecurityFile","C:\Windows\System32\WindowsPowerShell\v1.0\powershell.exe","SUCCESS","Information: Owner, Group, DACL, SACL, Label, Attribute, Process Trust Label, 0x100"
"15:20:41.2771482","ZCode.exe","3104","RegOpenKey","HKLM\Software\Microsoft\Windows NT\CurrentVersion\AppCompatFlags\SdbUpdates","SUCCESS","Desired Access: Read"
"15:20:41.2771904","ZCode.exe","3104","RegQueryValue","HKLM\SOFTWARE\Microsoft\Windows NT\CurrentVersion\AppCompatFlags\SdbUpdates\DisableDoubleQuerySdbs","NAME NOT FOUND","Length: 20"
"15:20:41.2772254","ZCode.exe","3104","RegCloseKey","HKLM\SOFTWARE\Microsoft\Windows NT\CurrentVersion\AppCompatFlags\SdbUpdates","SUCCESS",""
"15:20:41.2772564","ZCode.exe","3104","RegOpenKey","HKLM\Software\Microsoft\Windows NT\CurrentVersion\AppCompatFlags\SdbUpdates\ManifestedMergeStubSdbs","SUCCESS","Desired Access: Read"
"15:20:41.2772917","ZCode.exe","3104","RegEnumValue","HKLM\SOFTWARE\Microsoft\Windows NT\CurrentVersion\AppCompatFlags\SdbUpdates\ManifestedMergeStubSdbs","SUCCESS","Index: 0, Type: REG_SZ, Length: 24, Data: sysmain.sdb"
"15:20:41.2773218","ZCode.exe","3104","RegEnumValue","HKLM\SOFTWARE\Microsoft\Windows NT\CurrentVersion\AppCompatFlags\SdbUpdates\ManifestedMergeStubSdbs","SUCCESS","Index: 0, Type: REG_SZ"
"15:20:41.2773518","ZCode.exe","3104","RegCloseKey","HKLM\SOFTWARE\Microsoft\Windows NT\CurrentVersion\AppCompatFlags\SdbUpdates\ManifestedMergeStubSdbs","SUCCESS",""
"15:20:41.2773864","ZCode.exe","3104","RegOpenKey","HKLM\Software\Microsoft\Windows NT\CurrentVersion\AppCompatFlags\SdbUpdates","SUCCESS","Desired Access: Read"
"15:20:41.2774161","ZCode.exe","3104","RegQueryValue","HKLM\SOFTWARE\Microsoft\Windows NT\CurrentVersion\AppCompatFlags\SdbUpdates\StagedDelete_sysMerge.sdb","NAME NOT FOUND","Length: 0"
"15:20:41.2774454","ZCode.exe","3104","RegCloseKey","HKLM\SOFTWARE\Microsoft\Windows NT\CurrentVersion\AppCompatFlags\SdbUpdates","SUCCESS",""
"15:20:41.2774751","ZCode.exe","3104","RegOpenKey","HKLM\Software\Microsoft\Windows NT\CurrentVersion\AppCompatFlags\SdbUpdates","SUCCESS","Desired Access: Read"
"15:20:41.2775033","ZCode.exe","3104","RegQueryValue","HKLM\SOFTWARE\Microsoft\Windows NT\CurrentVersion\AppCompatFlags\SdbUpdates\sysMerge.sdb","BUFFER TOO SMALL","Length: 0"
"15:20:41.2775287","ZCode.exe","3104","RegQueryValue","HKLM\SOFTWARE\Microsoft\Windows NT\CurrentVersion\AppCompatFlags\SdbUpdates\sysMerge.sdb","SUCCESS","Type: REG_SZ, Length: 58, Data: 01DBFA347540B59D.sysmain.sdb"
"15:20:41.2775567","ZCode.exe","3104","RegQueryValue","HKLM\SOFTWARE\Microsoft\Windows NT\CurrentVersion\AppCompatFlags\SdbUpdates\MergeVer_sysMerge.sdb","SUCCESS","Type: REG_DWORD, Length: 4, Data: 1"
"15:20:41.2775831","ZCode.exe","3104","RegQueryValue","HKLM\SOFTWARE\Microsoft\Windows NT\CurrentVersion\AppCompatFlags\SdbUpdates\MergeVer","SUCCESS","Type: REG_DWORD, Length: 4, Data: 1"
"15:20:41.2776082","ZCode.exe","3104","RegQueryValue","HKLM\SOFTWARE\Microsoft\Windows NT\CurrentVersion\AppCompatFlags\SdbUpdates\MinMergeVer","SUCCESS","Type: REG_DWORD, Length: 4, Data: 0"
"15:20:41.2777315","ZCode.exe","3104","RegOpenKey","HKLM\Software\Microsoft\Windows NT\CurrentVersion\AppCompatFlags\SdbUpdates","SUCCESS","Desired Access: Read"
"15:20:41.2777674","ZCode.exe","3104","RegQueryValue","HKLM\SOFTWARE\Microsoft\Windows NT\CurrentVersion\AppCompatFlags\SdbUpdates\DisableDoubleQuerySdbs","NAME NOT FOUND","Length: 20"
"15:20:41.2778001","ZCode.exe","3104","RegCloseKey","HKLM\SOFTWARE\Microsoft\Windows NT\CurrentVersion\AppCompatFlags\SdbUpdates","SUCCESS",""
"15:20:41.2778306","ZCode.exe","3104","RegOpenKey","HKLM\Software\Microsoft\Windows NT\CurrentVersion\AppCompatFlags\SdbUpdates\ManifestedMergeStubSdbs","SUCCESS","Desired Access: Read"
"15:20:41.2778617","ZCode.exe","3104","RegEnumValue","HKLM\SOFTWARE\Microsoft\Windows NT\CurrentVersion\AppCompatFlags\SdbUpdates\ManifestedMergeStubSdbs","SUCCESS","Index: 0, Type: REG_SZ, Length: 24, Data: sysmain.sdb"
"15:20:41.2778885","ZCode.exe","3104","RegEnumValue","HKLM\SOFTWARE\Microsoft\Windows NT\CurrentVersion\AppCompatFlags\SdbUpdates\ManifestedMergeStubSdbs","SUCCESS","Index: 1, Type: REG_SZ, Length: 24, Data: msimain.sdb"
"15:20:41.2779132","ZCode.exe","3104","RegEnumValue","HKLM\SOFTWARE\Microsoft\Windows NT\CurrentVersion\AppCompatFlags\SdbUpdates\ManifestedMergeStubSdbs","NO MORE ENTRIES","Index: 2, Length: 42"
"15:20:41.2779410","ZCode.exe","3104","RegCloseKey","HKLM\SOFTWARE\Microsoft\Windows NT\CurrentVersion\AppCompatFlags\SdbUpdates\ManifestedMergeStubSdbs","SUCCESS",""
"15:20:41.2779680","ZCode.exe","3104","RegCloseKey","HKLM\SOFTWARE\Microsoft\Windows NT\CurrentVersion\AppCompatFlags\SdbUpdates","SUCCESS",""
"15:20:41.2780158","ZCode.exe","3104","RegOpenKey","HKLM\Software\Microsoft\Windows NT\CurrentVersion\AppCompatFlags\SdbUpdates","SUCCESS","Desired Access: Read"
"15:20:41.2780449","ZCode.exe","3104","RegQueryValue","HKLM\SOFTWARE\Microsoft\Windows NT\CurrentVersion\AppCompatFlags\SdbUpdates\StagedDelete_sysmain.sdb","NAME NOT FOUND","Length: 0"
"15:20:41.2780733","ZCode.exe","3104","RegCloseKey","HKLM\SOFTWARE\Microsoft\Windows NT\CurrentVersion\AppCompatFlags\SdbUpdates","SUCCESS",""
"15:20:41.2781018","ZCode.exe","3104","RegOpenKey","HKLM\Software\Microsoft\Windows NT\CurrentVersion\AppCompatFlags\SdbUpdates","SUCCESS","Desired Access: Read"
"15:20:41.2781298","ZCode.exe","3104","RegQueryValue","HKLM\SOFTWARE\Microsoft\Windows NT\CurrentVersion\AppCompatFlags\SdbUpdates\sysmain.sdb","BUFFER TOO SMALL","Length: 0"
"15:20:41.2781546","ZCode.exe","3104","RegQueryValue","HKLM\SOFTWARE\Microsoft\Windows NT\CurrentVersion\AppCompatFlags\SdbUpdates\sysmain.sdb","SUCCESS","Type: REG_SZ, Length: 58, Data: 01DD03FCD47E9A81.sysmain.sdb"
"15:20:41.2781817","ZCode.exe","3104","RegQueryValue","HKLM\SOFTWARE\Microsoft\Windows NT\CurrentVersion\AppCompatFlags\SdbUpdates\MergeVer_sysmain.sdb","SUCCESS","Type: REG_DWORD, Length: 4, Data: 1"
"15:20:41.2782073","ZCode.exe","3104","RegQueryValue","HKLM\SOFTWARE\Microsoft\Windows NT\CurrentVersion\AppCompatFlags\SdbUpdates\MergeVer","SUCCESS","Type: REG_DWORD, Length: 4, Data: 1"
"15:20:41.2782319","ZCode.exe","3104","RegQueryValue","HKLM\SOFTWARE\Microsoft\Windows NT\CurrentVersion\AppCompatFlags\SdbUpdates\MinMergeVer","SUCCESS","Type: REG_DWORD, Length: 4, Data: 0"
"15:20:41.2783054","ZCode.exe","3104","RegOpenKey","HKLM\Software\Microsoft\Windows NT\CurrentVersion\AppCompatFlags\SdbUpdates","SUCCESS","Desired Access: Read"
"15:20:41.2783349","ZCode.exe","3104","RegQueryValue","HKLM\SOFTWARE\Microsoft\Windows NT\CurrentVersion\AppCompatFlags\SdbUpdates\DisableDoubleQuerySdbs","NAME NOT FOUND","Length: 20"
"15:20:41.2783642","ZCode.exe","3104","RegCloseKey","HKLM\SOFTWARE\Microsoft\Windows NT\CurrentVersion\AppCompatFlags\SdbUpdates","SUCCESS",""
"15:20:41.2783944","ZCode.exe","3104","RegOpenKey","HKLM\Software\Microsoft\Windows NT\CurrentVersion\AppCompatFlags\SdbUpdates\ManifestedMergeStubSdbs","SUCCESS","Desired Access: Read"
"15:20:41.2784241","ZCode.exe","3104","RegEnumValue","HKLM\SOFTWARE\Microsoft\Windows NT\CurrentVersion\AppCompatFlags\SdbUpdates\ManifestedMergeStubSdbs","SUCCESS","Index: 0, Type: REG_SZ, Length: 24, Data: sysmain.sdb"
"15:20:41.2784507","ZCode.exe","3104","RegEnumValue","HKLM\SOFTWARE\Microsoft\Windows NT\CurrentVersion\AppCompatFlags\SdbUpdates\ManifestedMergeStubSdbs","SUCCESS","Index: 0, Type: REG_SZ"
"15:20:41.2784936","ZCode.exe","3104","RegCloseKey","HKLM\SOFTWARE\Microsoft\Windows NT\CurrentVersion\AppCompatFlags\SdbUpdates\ManifestedMergeStubSdbs","SUCCESS",""
"15:20:41.2785514","ZCode.exe","3104","RegCloseKey","HKLM\SOFTWARE\Microsoft\Windows NT\CurrentVersion\AppCompatFlags\SdbUpdates","SUCCESS",""
"15:20:41.2786002","ZCode.exe","3104","QueryBasicInformationFile","C:\Windows\System32\WindowsPowerShell\v1.0\powershell.exe","SUCCESS","CreationTime: 24-06-2026 11:34:17, LastAccessTime: 26-06-2026 15:20:41, LastWriteTime: 24-06-2026 11:34:17, ChangeTime: 24-06-2026 21:39:51, FileAttributes: A"
"15:20:41.2787113","ZCode.exe","3104","QueryBasicInformationFile","C:\Windows\System32\WindowsPowerShell\v1.0\powershell.exe","SUCCESS","CreationTime: 24-06-2026 11:34:17, LastAccessTime: 26-06-2026 15:20:41, LastWriteTime: 24-06-2026 11:34:17, ChangeTime: 24-06-2026 21:39:51, FileAttributes: A"
"15:20:41.2787447","ZCode.exe","3104","QueryNameInformationFile","C:\Windows\System32\WindowsPowerShell\v1.0\powershell.exe","SUCCESS","Name: \Windows\System32\WindowsPowerShell\v1.0\powershell.exe"
"15:20:41.2788689","ZCode.exe","3104","RegOpenKey","HKLM\Software\Microsoft\Windows\CurrentVersion\SideBySide","SUCCESS","Desired Access: Read"
"15:20:41.2789045","ZCode.exe","3104","RegQueryValue","HKLM\SOFTWARE\Microsoft\Windows\CurrentVersion\SideBySide\PreferExternalManifest","NAME NOT FOUND","Length: 20"
"15:20:41.2789330","ZCode.exe","3104","RegCloseKey","HKLM\SOFTWARE\Microsoft\Windows\CurrentVersion\SideBySide","SUCCESS",""
"15:20:41.2818415","ZCode.exe","3104","CloseFile","C:\Windows\System32\WindowsPowerShell\v1.0\powershell.exe","SUCCESS",""
"15:20:51.2595385","ZCode.exe","3104","CreateFile","C:\Program Files\ZCode\powershell.exe","NAME NOT FOUND","Desired Access: Read Attributes, Disposition: Open, Options: Open Reparse Point, Attributes: n/a, ShareMode: Read, Write, Delete, AllocationSize: n/a"
"15:20:51.2597507","ZCode.exe","3104","CreateFile","C:\Program Files\ZCode\powershell.exe.com","NAME NOT FOUND","Desired Access: Read Attributes, Disposition: Open, Options: Open Reparse Point, Attributes: n/a, ShareMode: Read, Write, Delete, AllocationSize: n/a"
"15:20:51.2600387","ZCode.exe","3104","CreateFile","C:\Program Files\ZCode\powershell.exe.exe","NAME NOT FOUND","Desired Access: Read Attributes, Disposition: Open, Options: Open Reparse Point, Attributes: n/a, ShareMode: Read, Write, Delete, AllocationSize: n/a"
"15:20:51.2602328","ZCode.exe","3104","CreateFile","C:\Program Files (x86)\Common Files\Oracle\Java\java8path_target_64312687\powershell.exe","REPARSE","Desired Access: Read Attributes, Disposition: Open, Options: Open Reparse Point, Attributes: n/a, ShareMode: Read, Write, Delete, AllocationSize: n/a, OpenResult: <unknown>"
"15:20:51.2609049","ZCode.exe","3104","CreateFile","C:\Program Files (x86)\Common Files\Oracle\Java\java8path_target_64312687\powershell.exe","NAME NOT FOUND","Desired Access: Read Attributes, Disposition: Open, Options: Open Reparse Point, Attributes: n/a, ShareMode: Read, Write, Delete, AllocationSize: n/a"
"15:20:51.2612098","ZCode.exe","3104","CreateFile","C:\Program Files (x86)\Common Files\Oracle\Java\java8path_target_64312687\powershell.exe.com","REPARSE","Desired Access: Read Attributes, Disposition: Open, Options: Open Reparse Point, Attributes: n/a, ShareMode: Read, Write, Delete, AllocationSize: n/a, OpenResult: <unknown>"
"15:20:51.2614346","ZCode.exe","3104","CreateFile","C:\Program Files (x86)\Common Files\Oracle\Java\java8path_target_64312687\powershell.exe.com","NAME NOT FOUND","Desired Access: Read Attributes, Disposition: Open, Options: Open Reparse Point, Attributes: n/a, ShareMode: Read, Write, Delete, AllocationSize: n/a"
"15:20:51.2617015","ZCode.exe","3104","CreateFile","C:\Program Files (x86)\Common Files\Oracle\Java\java8path_target_64312687\powershell.exe.exe","REPARSE","Desired Access: Read Attributes, Disposition: Open, Options: Open Reparse Point, Attributes: n/a, ShareMode: Read, Write, Delete, AllocationSize: n/a, OpenResult: <unknown>"
"15:20:51.2618644","ZCode.exe","3104","CreateFile","C:\Program Files (x86)\Common Files\Oracle\Java\java8path_target_64312687\powershell.exe.exe","NAME NOT FOUND","Desired Access: Read Attributes, Disposition: Open, Options: Open Reparse Point, Attributes: n/a, ShareMode: Read, Write, Delete, AllocationSize: n/a"
"15:20:51.2620667","ZCode.exe","3104","CreateFile","C:\Program Files (x86)\Common Files\Oracle\Java\javapath\powershell.exe","PATH NOT FOUND","Desired Access: Read Attributes, Disposition: Open, Options: Open Reparse Point, Attributes: n/a, ShareMode: Read, Write, Delete, AllocationSize: n/a"
"15:20:51.2622150","ZCode.exe","3104","CreateFile","C:\Program Files (x86)\Common Files\Oracle\Java\javapath\powershell.exe.com","PATH NOT FOUND","Desired Access: Read Attributes, Disposition: Open, Options: Open Reparse Point, Attributes: n/a, ShareMode: Read, Write, Delete, AllocationSize: n/a"
"15:20:51.2624292","ZCode.exe","3104","CreateFile","C:\Program Files (x86)\Common Files\Oracle\Java\javapath\powershell.exe.exe","PATH NOT FOUND","Desired Access: Read Attributes, Disposition: Open, Options: Open Reparse Point, Attributes: n/a, ShareMode: Read, Write, Delete, AllocationSize: n/a"
"15:20:51.2627988","ZCode.exe","3104","CreateFile","C:\Windows\System32\powershell.exe","NAME NOT FOUND","Desired Access: Read Attributes, Disposition: Open, Options: Open Reparse Point, Attributes: n/a, ShareMode: Read, Write, Delete, AllocationSize: n/a"
"15:20:51.2629966","ZCode.exe","3104","CreateFile","C:\Windows\System32\powershell.exe.com","NAME NOT FOUND","Desired Access: Read Attributes, Disposition: Open, Options: Open Reparse Point, Attributes: n/a, ShareMode: Read, Write, Delete, AllocationSize: n/a"
"15:20:51.2631267","ZCode.exe","3104","CreateFile","C:\Windows\System32\powershell.exe.exe","NAME NOT FOUND","Desired Access: Read Attributes, Disposition: Open, Options: Open Reparse Point, Attributes: n/a, ShareMode: Read, Write, Delete, AllocationSize: n/a"
"15:20:51.2633967","ZCode.exe","3104","CreateFile","C:\Windows\powershell.exe","NAME NOT FOUND","Desired Access: Read Attributes, Disposition: Open, Options: Open Reparse Point, Attributes: n/a, ShareMode: Read, Write, Delete, AllocationSize: n/a"
"15:20:51.2636711","ZCode.exe","3104","CreateFile","C:\Windows\powershell.exe.com","NAME NOT FOUND","Desired Access: Read Attributes, Disposition: Open, Options: Open Reparse Point, Attributes: n/a, ShareMode: Read, Write, Delete, AllocationSize: n/a"
"15:20:51.2640304","ZCode.exe","3104","CreateFile","C:\Windows\powershell.exe.exe","NAME NOT FOUND","Desired Access: Read Attributes, Disposition: Open, Options: Open Reparse Point, Attributes: n/a, ShareMode: Read, Write, Delete, AllocationSize: n/a"
"15:20:51.2643952","ZCode.exe","3104","CreateFile","C:\Windows\System32\wbem\powershell.exe","NAME NOT FOUND","Desired Access: Read Attributes, Disposition: Open, Options: Open Reparse Point, Attributes: n/a, ShareMode: Read, Write, Delete, AllocationSize: n/a"
"15:20:51.2647172","ZCode.exe","3104","CreateFile","C:\Windows\System32\wbem\powershell.exe.com","NAME NOT FOUND","Desired Access: Read Attributes, Disposition: Open, Options: Open Reparse Point, Attributes: n/a, ShareMode: Read, Write, Delete, AllocationSize: n/a"
"15:20:51.2650351","ZCode.exe","3104","CreateFile","C:\Windows\System32\wbem\powershell.exe.exe","NAME NOT FOUND","Desired Access: Read Attributes, Disposition: Open, Options: Open Reparse Point, Attributes: n/a, ShareMode: Read, Write, Delete, AllocationSize: n/a"
"15:20:51.2653582","ZCode.exe","3104","CreateFile","C:\Windows\System32\WindowsPowerShell\v1.0\powershell.exe","SUCCESS","Desired Access: Read Attributes, Disposition: Open, Options: Open Reparse Point, Attributes: n/a, ShareMode: Read, Write, Delete, AllocationSize: n/a, OpenResult: Opened"
"15:20:51.2654250","ZCode.exe","3104","QueryBasicInformationFile","C:\Windows\System32\WindowsPowerShell\v1.0\powershell.exe","SUCCESS","CreationTime: 24-06-2026 11:34:17, LastAccessTime: 26-06-2026 15:20:42, LastWriteTime: 24-06-2026 11:34:17, ChangeTime: 24-06-2026 21:39:51, FileAttributes: A"
"15:20:51.2654546","ZCode.exe","3104","CloseFile","C:\Windows\System32\WindowsPowerShell\v1.0\powershell.exe","SUCCESS",""
"15:20:51.2657425","ZCode.exe","3104","CreateFile","C:\Program Files\ZCode","SUCCESS","Desired Access: Read Attributes, Disposition: Open, Options: Open Reparse Point, Attributes: n/a, ShareMode: Read, Write, Delete, AllocationSize: n/a, OpenResult: Opened"
"15:20:51.2657789","ZCode.exe","3104","QueryBasicInformationFile","C:\Program Files\ZCode","SUCCESS","CreationTime: 25-06-2026 15:21:19, LastAccessTime: 26-06-2026 15:20:51, LastWriteTime: 26-06-2026 12:58:00, ChangeTime: 26-06-2026 12:58:00, FileAttributes: D"
"15:20:51.2657953","ZCode.exe","3104","CloseFile","C:\Program Files\ZCode","SUCCESS",""
"15:20:51.2658724","ZCode.exe","3104","RegOpenKey","HKLM\System\CurrentControlSet\Control\Session Manager\Memory Management","REPARSE","Desired Access: Query Value"
"15:20:51.2658955","ZCode.exe","3104","RegOpenKey","HKLM\System\CurrentControlSet\Control\Session Manager\Memory Management","SUCCESS","Desired Access: Query Value"
"15:20:51.2659926","ZCode.exe","3104","RegQueryValue","HKLM\System\CurrentControlSet\Control\Session Manager\Memory Management\HotPatchRestrictions","NAME NOT FOUND","Length: 20"
"15:20:51.2660316","ZCode.exe","3104","RegCloseKey","HKLM\System\CurrentControlSet\Control\Session Manager\Memory Management","SUCCESS",""
"15:20:51.2660689","ZCode.exe","3104","RegOpenKey","HKLM\SOFTWARE\Microsoft\Windows NT\CurrentVersion\Image File Execution Options\powershell.exe","NAME NOT FOUND","Desired Access: Query Value, Enumerate Sub Keys"
"15:20:51.2661089","ZCode.exe","3104","RegOpenKey","HKLM\Software\Microsoft\Wow64\x86\xtajit","NAME NOT FOUND","Desired Access: Query Value"
"15:20:51.2662521","ZCode.exe","3104","CreateFile","C:\Windows\System32\WindowsPowerShell\v1.0\powershell.exe","SUCCESS","Desired Access: Read Data/List Directory, Execute/Traverse, Read Attributes, Synchronize, Disposition: Open, Options: Synchronous IO Non-Alert, Non-Directory File, Attributes: N, ShareMode: Read, Delete, AllocationSize: n/a, OpenResult: Opened"
"15:20:51.2662972","ZCode.exe","3104","CreateFileMapping","C:\Windows\System32\WindowsPowerShell\v1.0\powershell.exe","FILE LOCKED WITH ONLY READERS","SyncType: SyncTypeCreateSection, PageProtection: PAGE_EXECUTE"
"15:20:51.2663432","ZCode.exe","3104","CreateFileMapping","C:\Windows\System32\WindowsPowerShell\v1.0\powershell.exe","SUCCESS","SyncType: SyncTypeOther"
"15:20:51.2663988","ZCode.exe","3104","RegOpenKey","HKLM\SOFTWARE\Microsoft\Windows NT\CurrentVersion\Image File Execution Options\powershell.exe","NAME NOT FOUND","Desired Access: Query Value, Enumerate Sub Keys"
"15:20:51.2664546","ZCode.exe","3104","QuerySecurityFile","C:\Windows\System32\WindowsPowerShell\v1.0\powershell.exe","SUCCESS","Information: Label"
"15:20:51.2665812","ZCode.exe","3104","QueryNameInformationFile","C:\Windows\System32\WindowsPowerShell\v1.0\powershell.exe","SUCCESS","Name: \Windows\System32\WindowsPowerShell\v1.0\powershell.exe"
"15:20:51.2760338","ZCode.exe","3104","RegOpenKey","HKLM\System\CurrentControlSet\Services\bam\State\UserSettings\S-1-5-21-3723388597-1227904235-2670526452-1001","SUCCESS","Desired Access: All Access"
"15:20:51.2760808","ZCode.exe","3104","RegQueryValue","HKLM\System\CurrentControlSet\Services\bam\State\UserSettings\S-1-5-21-3723388597-1227904235-2670526452-1001\\Device\HarddiskVolume3\Windows\System32\WindowsPowerShell\v1.0\powershell.exe","SUCCESS","Type: REG_BINARY, Length: 24, Data: 21 C6 5A 40 51 05 DD 01 00 00 00 00 00 00 00 00"
"15:20:51.2761066","ZCode.exe","3104","RegSetValue","HKLM\System\CurrentControlSet\Services\bam\State\UserSettings\S-1-5-21-3723388597-1227904235-2670526452-1001\\Device\HarddiskVolume3\Windows\System32\WindowsPowerShell\v1.0\powershell.exe","SUCCESS","Type: REG_BINARY, Length: 24, Data: 4A 69 D0 45 51 05 DD 01 00 00 00 00 00 00 00 00"
"15:20:51.2762527","ZCode.exe","3104","RegCloseKey","HKLM\System\CurrentControlSet\Services\bam\State\UserSettings\S-1-5-21-3723388597-1227904235-2670526452-1001","SUCCESS",""
"15:20:51.2762859","ZCode.exe","3104","RegOpenKey","HKLM\SYSTEM\CurrentControlSet\Control\Session Manager\BAM","REPARSE","Desired Access: Query Value"
"15:20:51.2763162","ZCode.exe","3104","RegOpenKey","HKLM\System\CurrentControlSet\Control\Session Manager\BAM","NAME NOT FOUND","Desired Access: Query Value"
"15:20:51.2763889","ZCode.exe","3104","Process Create","C:\WINDOWS\System32\WindowsPowerShell\v1.0\powershell.exe","SUCCESS","PID: 18784, Command line: powershell.exe -NoProfile -NonInteractive -Command ""$ErrorActionPreference = 'SilentlyContinue';;$ids = @(3104,7900,25308,10868,2068,25096,13452,24260,16624);;$processRows = @();;if ($ids.Count -gt 0) {;  $processRows = @(Get-Process -Id $ids -ErrorAction SilentlyContinue | Select-Object Id, @{n='ReadBytes';e={$_.IOReadBytes}}, @{n='WriteBytes';e={$_.IOWriteBytes}});;};$main = $null;;$p = Get-Process -Id 3104 -ErrorAction SilentlyContinue;;if ($p) {;  $gdi = -1;;  try {;    Add-Type -TypeDefinition @';using System;;using System.Runtime.InteropServices;;using System.Diagnostics;;public class ZCodeGuiStats {;  [DllImport(\""user32.dll\"")] public static extern uint GetGuiResources(IntPtr h, uint f);;  public static int Gdi(int pid) {;    var pr = Process.GetProcessById(pid);;    return (int)GetGuiResources(pr.Handle, 0);;  };};'@ -ErrorAction SilentlyContinue;;    $gdi = [ZCodeGuiStats]::Gdi(3104);;  } catch {};  $main = [pscustomobject]@{ Handles = $p.HandleCount; Threads = $p.Threads.Count; Gdi = $gdi };;};[pscustomobject]@{ processes = $processRows; main = $main } | ConvertTo-Json -Depth 4 -Compress"""
"15:20:51.2765277","ZCode.exe","3104","RegOpenKey","HKCU\Software\Microsoft\Windows\CurrentVersion\Explorer\Shell Folders","SUCCESS","Desired Access: Query Value"
"15:20:51.2765689","ZCode.exe","3104","RegQueryValue","HKCU\Software\Microsoft\Windows\CurrentVersion\Explorer\Shell Folders\Cache","SUCCESS","Type: REG_SZ, Length: 112, Data: C:\Users\DELL\AppData\Local\Microsoft\Windows\INetCache"
"15:20:51.2765964","ZCode.exe","3104","RegCloseKey","HKCU\Software\Microsoft\Windows\CurrentVersion\Explorer\Shell Folders","SUCCESS",""
"15:20:51.2766258","ZCode.exe","3104","RegOpenKey","HKCU\Software\Microsoft\Windows NT\CurrentVersion\AppCompatFlags\Layers","SUCCESS","Desired Access: Query Value"
"15:20:51.2766559","ZCode.exe","3104","RegQueryValue","HKCU\Software\Microsoft\Windows NT\CurrentVersion\AppCompatFlags\Layers\C:\WINDOWS\System32\WindowsPowerShell\v1.0\powershell.exe","NAME NOT FOUND","Length: 16"
"15:20:51.2766726","ZCode.exe","3104","RegCloseKey","HKCU\Software\Microsoft\Windows NT\CurrentVersion\AppCompatFlags\Layers","SUCCESS",""
"15:20:51.2767055","ZCode.exe","3104","QuerySecurityFile","C:\Windows\System32\WindowsPowerShell\v1.0\powershell.exe","SUCCESS","Information: Owner, Group, DACL, SACL, Label, Attribute, Process Trust Label, 0x100"
"15:20:51.2767829","ZCode.exe","3104","RegOpenKey","HKLM\Software\Microsoft\Windows NT\CurrentVersion\AppCompatFlags\SdbUpdates","SUCCESS","Desired Access: Read"
"15:20:51.2768133","ZCode.exe","3104","RegQueryValue","HKLM\SOFTWARE\Microsoft\Windows NT\CurrentVersion\AppCompatFlags\SdbUpdates\DisableDoubleQuerySdbs","NAME NOT FOUND","Length: 20"
"15:20:51.2768398","ZCode.exe","3104","RegCloseKey","HKLM\SOFTWARE\Microsoft\Windows NT\CurrentVersion\AppCompatFlags\SdbUpdates","SUCCESS",""
"15:20:51.2768640","ZCode.exe","3104","RegOpenKey","HKLM\Software\Microsoft\Windows NT\CurrentVersion\AppCompatFlags\SdbUpdates\ManifestedMergeStubSdbs","SUCCESS","Desired Access: Read"
"15:20:51.2768891","ZCode.exe","3104","RegEnumValue","HKLM\SOFTWARE\Microsoft\Windows NT\CurrentVersion\AppCompatFlags\SdbUpdates\ManifestedMergeStubSdbs","SUCCESS","Index: 0, Type: REG_SZ, Length: 24, Data: sysmain.sdb"
"15:20:51.2769143","ZCode.exe","3104","RegEnumValue","HKLM\SOFTWARE\Microsoft\Windows NT\CurrentVersion\AppCompatFlags\SdbUpdates\ManifestedMergeStubSdbs","SUCCESS","Index: 0, Type: REG_SZ"
"15:20:51.2769378","ZCode.exe","3104","RegCloseKey","HKLM\SOFTWARE\Microsoft\Windows NT\CurrentVersion\AppCompatFlags\SdbUpdates\ManifestedMergeStubSdbs","SUCCESS",""
"15:20:51.2769635","ZCode.exe","3104","RegOpenKey","HKLM\Software\Microsoft\Windows NT\CurrentVersion\AppCompatFlags\SdbUpdates","SUCCESS","Desired Access: Read"
"15:20:51.2769843","ZCode.exe","3104","RegQueryValue","HKLM\SOFTWARE\Microsoft\Windows NT\CurrentVersion\AppCompatFlags\SdbUpdates\StagedDelete_sysMerge.sdb","NAME NOT FOUND","Length: 0"
"15:20:51.2770143","ZCode.exe","3104","RegCloseKey","HKLM\SOFTWARE\Microsoft\Windows NT\CurrentVersion\AppCompatFlags\SdbUpdates","SUCCESS",""
"15:20:51.2770411","ZCode.exe","3104","RegOpenKey","HKLM\Software\Microsoft\Windows NT\CurrentVersion\AppCompatFlags\SdbUpdates","SUCCESS","Desired Access: Read"
"15:20:51.2770613","ZCode.exe","3104","RegQueryValue","HKLM\SOFTWARE\Microsoft\Windows NT\CurrentVersion\AppCompatFlags\SdbUpdates\sysMerge.sdb","BUFFER TOO SMALL","Length: 0"
"15:20:51.2770811","ZCode.exe","3104","RegQueryValue","HKLM\SOFTWARE\Microsoft\Windows NT\CurrentVersion\AppCompatFlags\SdbUpdates\sysMerge.sdb","SUCCESS","Type: REG_SZ, Length: 58, Data: 01DBFA347540B59D.sysmain.sdb"
"15:20:51.2771266","ZCode.exe","3104","RegQueryValue","HKLM\SOFTWARE\Microsoft\Windows NT\CurrentVersion\AppCompatFlags\SdbUpdates\MergeVer_sysMerge.sdb","SUCCESS","Type: REG_DWORD, Length: 4, Data: 1"
"15:20:51.2771548","ZCode.exe","3104","RegQueryValue","HKLM\SOFTWARE\Microsoft\Windows NT\CurrentVersion\AppCompatFlags\SdbUpdates\MergeVer","SUCCESS","Type: REG_DWORD, Length: 4, Data: 1"
"15:20:51.2771797","ZCode.exe","3104","RegQueryValue","HKLM\SOFTWARE\Microsoft\Windows NT\CurrentVersion\AppCompatFlags\SdbUpdates\MinMergeVer","SUCCESS","Type: REG_DWORD, Length: 4, Data: 0"
"15:20:51.2772764","ZCode.exe","3104","RegOpenKey","HKLM\Software\Microsoft\Windows NT\CurrentVersion\AppCompatFlags\SdbUpdates","SUCCESS","Desired Access: Read"
"15:20:51.2773062","ZCode.exe","3104","RegQueryValue","HKLM\SOFTWARE\Microsoft\Windows NT\CurrentVersion\AppCompatFlags\SdbUpdates\DisableDoubleQuerySdbs","NAME NOT FOUND","Length: 20"
"15:20:51.2773329","ZCode.exe","3104","RegCloseKey","HKLM\SOFTWARE\Microsoft\Windows NT\CurrentVersion\AppCompatFlags\SdbUpdates","SUCCESS",""
"15:20:51.2774074","ZCode.exe","3104","RegOpenKey","HKLM\Software\Microsoft\Windows NT\CurrentVersion\AppCompatFlags\SdbUpdates\ManifestedMergeStubSdbs","SUCCESS","Desired Access: Read"
"15:20:51.2774343","ZCode.exe","3104","RegEnumValue","HKLM\SOFTWARE\Microsoft\Windows NT\CurrentVersion\AppCompatFlags\SdbUpdates\ManifestedMergeStubSdbs","SUCCESS","Index: 0, Type: REG_SZ, Length: 24, Data: sysmain.sdb"
"15:20:51.2775239","ZCode.exe","3104","RegEnumValue","HKLM\SOFTWARE\Microsoft\Windows NT\CurrentVersion\AppCompatFlags\SdbUpdates\ManifestedMergeStubSdbs","SUCCESS","Index: 1, Type: REG_SZ, Length: 24, Data: msimain.sdb"
"15:20:51.2775652","ZCode.exe","3104","RegEnumValue","HKLM\SOFTWARE\Microsoft\Windows NT\CurrentVersion\AppCompatFlags\SdbUpdates\ManifestedMergeStubSdbs","NO MORE ENTRIES","Index: 2, Length: 42"
"15:20:51.2776024","ZCode.exe","3104","RegCloseKey","HKLM\SOFTWARE\Microsoft\Windows NT\CurrentVersion\AppCompatFlags\SdbUpdates\ManifestedMergeStubSdbs","SUCCESS",""
"15:20:51.2776408","ZCode.exe","3104","RegCloseKey","HKLM\SOFTWARE\Microsoft\Windows NT\CurrentVersion\AppCompatFlags\SdbUpdates","SUCCESS",""
"15:20:51.2777235","ZCode.exe","3104","RegOpenKey","HKLM\Software\Microsoft\Windows NT\CurrentVersion\AppCompatFlags\SdbUpdates","SUCCESS","Desired Access: Read"
"15:20:51.2777708","ZCode.exe","3104","RegQueryValue","HKLM\SOFTWARE\Microsoft\Windows NT\CurrentVersion\AppCompatFlags\SdbUpdates\StagedDelete_sysmain.sdb","NAME NOT FOUND","Length: 0"
"15:20:51.2778036","ZCode.exe","3104","RegCloseKey","HKLM\SOFTWARE\Microsoft\Windows NT\CurrentVersion\AppCompatFlags\SdbUpdates","SUCCESS",""
"15:20:51.2778865","ZCode.exe","3104","RegOpenKey","HKLM\Software\Microsoft\Windows NT\CurrentVersion\AppCompatFlags\SdbUpdates","SUCCESS","Desired Access: Read"
"15:20:51.2779235","ZCode.exe","3104","RegQueryValue","HKLM\SOFTWARE\Microsoft\Windows NT\CurrentVersion\AppCompatFlags\SdbUpdates\sysmain.sdb","BUFFER TOO SMALL","Length: 0"
"15:20:51.2779549","ZCode.exe","3104","RegQueryValue","HKLM\SOFTWARE\Microsoft\Windows NT\CurrentVersion\AppCompatFlags\SdbUpdates\sysmain.sdb","SUCCESS","Type: REG_SZ, Length: 58, Data: 01DD03FCD47E9A81.sysmain.sdb"
"15:20:51.2779882","ZCode.exe","3104","RegQueryValue","HKLM\SOFTWARE\Microsoft\Windows NT\CurrentVersion\AppCompatFlags\SdbUpdates\MergeVer_sysmain.sdb","SUCCESS","Type: REG_DWORD, Length: 4, Data: 1"
"15:20:51.2780087","ZCode.exe","3104","RegQueryValue","HKLM\SOFTWARE\Microsoft\Windows NT\CurrentVersion\AppCompatFlags\SdbUpdates\MergeVer","SUCCESS","Type: REG_DWORD, Length: 4, Data: 1"
"15:20:51.2780268","ZCode.exe","3104","RegQueryValue","HKLM\SOFTWARE\Microsoft\Windows NT\CurrentVersion\AppCompatFlags\SdbUpdates\MinMergeVer","SUCCESS","Type: REG_DWORD, Length: 4, Data: 0"
"15:20:51.2780848","ZCode.exe","3104","RegOpenKey","HKLM\Software\Microsoft\Windows NT\CurrentVersion\AppCompatFlags\SdbUpdates","SUCCESS","Desired Access: Read"
"15:20:51.2781074","ZCode.exe","3104","RegQueryValue","HKLM\SOFTWARE\Microsoft\Windows NT\CurrentVersion\AppCompatFlags\SdbUpdates\DisableDoubleQuerySdbs","NAME NOT FOUND","Length: 20"
"15:20:51.2781294","ZCode.exe","3104","RegCloseKey","HKLM\SOFTWARE\Microsoft\Windows NT\CurrentVersion\AppCompatFlags\SdbUpdates","SUCCESS",""
"15:20:51.2781524","ZCode.exe","3104","RegOpenKey","HKLM\Software\Microsoft\Windows NT\CurrentVersion\AppCompatFlags\SdbUpdates\ManifestedMergeStubSdbs","SUCCESS","Desired Access: Read"
"15:20:51.2781762","ZCode.exe","3104","RegEnumValue","HKLM\SOFTWARE\Microsoft\Windows NT\CurrentVersion\AppCompatFlags\SdbUpdates\ManifestedMergeStubSdbs","SUCCESS","Index: 0, Type: REG_SZ, Length: 24, Data: sysmain.sdb"
"15:20:51.2781967","ZCode.exe","3104","RegEnumValue","HKLM\SOFTWARE\Microsoft\Windows NT\CurrentVersion\AppCompatFlags\SdbUpdates\ManifestedMergeStubSdbs","SUCCESS","Index: 0, Type: REG_SZ"
"15:20:51.2782184","ZCode.exe","3104","RegCloseKey","HKLM\SOFTWARE\Microsoft\Windows NT\CurrentVersion\AppCompatFlags\SdbUpdates\ManifestedMergeStubSdbs","SUCCESS",""
"15:20:51.2782495","ZCode.exe","3104","RegCloseKey","HKLM\SOFTWARE\Microsoft\Windows NT\CurrentVersion\AppCompatFlags\SdbUpdates","SUCCESS",""
"15:20:51.2782818","ZCode.exe","3104","QueryBasicInformationFile","C:\Windows\System32\WindowsPowerShell\v1.0\powershell.exe","SUCCESS","CreationTime: 24-06-2026 11:34:17, LastAccessTime: 26-06-2026 15:20:51, LastWriteTime: 24-06-2026 11:34:17, ChangeTime: 24-06-2026 21:39:51, FileAttributes: A"
"15:20:51.2783443","ZCode.exe","3104","QueryBasicInformationFile","C:\Windows\System32\WindowsPowerShell\v1.0\powershell.exe","SUCCESS","CreationTime: 24-06-2026 11:34:17, LastAccessTime: 26-06-2026 15:20:51, LastWriteTime: 24-06-2026 11:34:17, ChangeTime: 24-06-2026 21:39:51, FileAttributes: A"
"15:20:51.2783718","ZCode.exe","3104","QueryNameInformationFile","C:\Windows\System32\WindowsPowerShell\v1.0\powershell.exe","SUCCESS","Name: \Windows\System32\WindowsPowerShell\v1.0\powershell.exe"
"15:20:51.2784669","ZCode.exe","3104","RegOpenKey","HKLM\Software\Microsoft\Windows\CurrentVersion\SideBySide","SUCCESS","Desired Access: Read"
"15:20:51.2785000","ZCode.exe","3104","RegQueryValue","HKLM\SOFTWARE\Microsoft\Windows\CurrentVersion\SideBySide\PreferExternalManifest","NAME NOT FOUND","Length: 20"
"15:20:51.2785225","ZCode.exe","3104","RegCloseKey","HKLM\SOFTWARE\Microsoft\Windows\CurrentVersion\SideBySide","SUCCESS",""
"15:20:51.2795748","ZCode.exe","3104","CloseFile","C:\Windows\System32\WindowsPowerShell\v1.0\powershell.exe","SUCCESS",""
"15:20:54.2461653","ZCode.exe","25096","Thread Create","","SUCCESS","Thread ID: 7264"
"15:20:54.2461673","ZCode.exe","25096","Thread Create","","SUCCESS","Thread ID: 14184"
"15:20:54.2462112","ZCode.exe","25096","Thread Create","","SUCCESS","Thread ID: 20260"
"15:21:00.3830847","ZCode.exe","3104","CreateFile","C:\Program Files\ZCode\ZCode.exe","SUCCESS","Desired Access: Read Attributes, Disposition: Open, Options: Open Reparse Point, Attributes: n/a, ShareMode: Read, Write, Delete, AllocationSize: n/a, OpenResult: Opened"
"15:21:00.3831260","ZCode.exe","3104","QueryBasicInformationFile","C:\Program Files\ZCode\ZCode.exe","SUCCESS","CreationTime: 25-06-2026 15:21:23, LastAccessTime: 26-06-2026 15:19:41, LastWriteTime: 26-06-2026 09:49:34, ChangeTime: 26-06-2026 12:57:58, FileAttributes: A"
"15:21:00.3831456","ZCode.exe","3104","CloseFile","C:\Program Files\ZCode\ZCode.exe","SUCCESS",""
"15:21:00.3835724","ZCode.exe","3104","CreateFile","C:\Program Files\ZCode\ZCode.exe","SUCCESS","Desired Access: Read Attributes, Disposition: Open, Options: Open Reparse Point, Attributes: n/a, ShareMode: Read, Write, Delete, AllocationSize: n/a, OpenResult: Opened"
"15:21:00.3836409","ZCode.exe","3104","QueryBasicInformationFile","C:\Program Files\ZCode\ZCode.exe","SUCCESS","CreationTime: 25-06-2026 15:21:23, LastAccessTime: 26-06-2026 15:19:41, LastWriteTime: 26-06-2026 09:49:34, ChangeTime: 26-06-2026 12:57:58, FileAttributes: A"
"15:21:00.3836627","ZCode.exe","3104","CloseFile","C:\Program Files\ZCode\ZCode.exe","SUCCESS",""
"15:21:00.3837511","ZCode.exe","3104","RegOpenKey","HKLM\System\CurrentControlSet\Control\Session Manager\Memory Management","REPARSE","Desired Access: Query Value"
"15:21:00.3837820","ZCode.exe","3104","RegOpenKey","HKLM\System\CurrentControlSet\Control\Session Manager\Memory Management","SUCCESS","Desired Access: Query Value"
"15:21:00.3838028","ZCode.exe","3104","RegQueryValue","HKLM\System\CurrentControlSet\Control\Session Manager\Memory Management\HotPatchRestrictions","NAME NOT FOUND","Length: 20"
"15:21:00.3838386","ZCode.exe","3104","RegCloseKey","HKLM\System\CurrentControlSet\Control\Session Manager\Memory Management","SUCCESS",""
"15:21:00.3838536","ZCode.exe","3104","RegOpenKey","HKLM\SOFTWARE\Microsoft\Windows NT\CurrentVersion\Image File Execution Options\ZCode.exe","NAME NOT FOUND","Desired Access: Query Value, Enumerate Sub Keys"
"15:21:00.3838726","ZCode.exe","3104","RegOpenKey","HKLM\Software\Microsoft\Wow64\x86\xtajit","NAME NOT FOUND","Desired Access: Query Value"
"15:21:00.3840103","ZCode.exe","3104","CreateFile","C:\Program Files\ZCode\ZCode.exe","SUCCESS","Desired Access: Read Data/List Directory, Execute/Traverse, Read Attributes, Synchronize, Disposition: Open, Options: Synchronous IO Non-Alert, Non-Directory File, Attributes: N, ShareMode: Read, Delete, AllocationSize: n/a, OpenResult: Opened"
"15:21:00.3840544","ZCode.exe","3104","CreateFileMapping","C:\Program Files\ZCode\ZCode.exe","FILE LOCKED WITH ONLY READERS","SyncType: SyncTypeCreateSection, PageProtection: PAGE_EXECUTE"
"15:21:00.3842820","ZCode.exe","3104","CreateFileMapping","C:\Program Files\ZCode\ZCode.exe","SUCCESS","SyncType: SyncTypeOther"
"15:21:00.3843321","ZCode.exe","3104","RegOpenKey","HKLM\SOFTWARE\Microsoft\Windows NT\CurrentVersion\Image File Execution Options\ZCode.exe","NAME NOT FOUND","Desired Access: Query Value, Enumerate Sub Keys"
"15:21:00.3843833","ZCode.exe","3104","QuerySecurityFile","C:\Program Files\ZCode\ZCode.exe","SUCCESS","Information: Label"
"15:21:00.3844594","ZCode.exe","3104","QueryNameInformationFile","C:\Program Files\ZCode\ZCode.exe","SUCCESS","Name: \Program Files\ZCode\ZCode.exe"
"15:21:00.3970439","ZCode.exe","3104","CreateFile","C:\Users\DELL\AppData\Roaming\ZCode\session\SharedStorage","SUCCESS","Desired Access: Generic Read, Disposition: Open, Options: Synchronous IO Non-Alert, Non-Directory File, Attributes: n/a, ShareMode: Read, Write, AllocationSize: n/a, OpenResult: Opened"
"15:21:00.3971542","ZCode.exe","3104","CreateFileMapping","C:\Users\DELL\AppData\Roaming\ZCode\session\SharedStorage","FILE LOCKED WITH ONLY READERS","SyncType: SyncTypeCreateSection, PageProtection: PAGE_READONLY"
"15:21:00.3971768","ZCode.exe","3104","QueryStandardInformationFile","C:\Users\DELL\AppData\Roaming\ZCode\session\SharedStorage","SUCCESS","AllocationSize: 4096, EndOfFile: 4096, NumberOfLinks: 1, DeletePending: False, Directory: False"
"15:21:00.3972272","ZCode.exe","3104","CreateFileMapping","C:\Users\DELL\AppData\Roaming\ZCode\session\SharedStorage","SUCCESS","SyncType: SyncTypeOther"
"15:21:00.3972550","ZCode.exe","3104","QueryStandardInformationFile","C:\Users\DELL\AppData\Roaming\ZCode\session\SharedStorage","SUCCESS","AllocationSize: 4096, EndOfFile: 4096, NumberOfLinks: 1, DeletePending: False, Directory: False"
"15:21:00.3972942","ZCode.exe","3104","CloseFile","C:\Users\DELL\AppData\Roaming\ZCode\session\SharedStorage","SUCCESS",""
"15:21:00.3976216","ZCode.exe","3104","CreateFile","C:\Users\DELL\AppData\Roaming\ZCode\session\SharedStorage","SUCCESS","Desired Access: Read Attributes, Disposition: Open, Options: Open Reparse Point, Attributes: n/a, ShareMode: Read, Write, Delete, AllocationSize: n/a, OpenResult: Opened"
"15:21:00.3976569","ZCode.exe","3104","QueryNetworkOpenInformationFile","C:\Users\DELL\AppData\Roaming\ZCode\session\SharedStorage","SUCCESS","CreationTime: 25-06-2026 15:23:35, LastAccessTime: 26-06-2026 15:21:00, LastWriteTime: 25-06-2026 15:23:35, ChangeTime: 25-06-2026 15:23:35, AllocationSize: 01-01-1601 05:30:00, EndOfFile: 01-01-1601 05:30:00, FileAttributes: A"
"15:21:00.3976711","ZCode.exe","3104","CloseFile","C:\Users\DELL\AppData\Roaming\ZCode\session\SharedStorage","SUCCESS",""
"15:21:00.3978188","ZCode.exe","3104","CreateFile","C:\Users\DELL\AppData\Roaming\ZCode\session\SharedStorage","SUCCESS","Desired Access: Generic Read/Write, Disposition: OpenIf, Options: Synchronous IO Non-Alert, Non-Directory File, Attributes: N, ShareMode: Read, Write, AllocationSize: 0, OpenResult: Opened"
"15:21:00.3978838","ZCode.exe","3104","ReadFile","C:\Users\DELL\AppData\Roaming\ZCode\session\SharedStorage","SUCCESS","Offset: 0, Length: 100, Priority: Normal"
"15:21:00.3981549","ZCode.exe","3104","LockFile","C:\Users\DELL\AppData\Roaming\ZCode\session\SharedStorage","SUCCESS","Exclusive: False, Offset: 1073741824, Length: 1, Fail Immediately: True"
"15:21:00.3981691","ZCode.exe","3104","LockFile","C:\Users\DELL\AppData\Roaming\ZCode\session\SharedStorage","SUCCESS","Exclusive: False, Offset: 1073741826, Length: 510, Fail Immediately: True"
"15:21:00.3981817","ZCode.exe","3104","UnlockFileSingle","C:\Users\DELL\AppData\Roaming\ZCode\session\SharedStorage","SUCCESS","Offset: 1073741824, Length: 1"
"15:21:00.3984895","ZCode.exe","3104","CreateFile","C:\Users\DELL\AppData\Roaming\ZCode\session\SharedStorage-journal","NAME NOT FOUND","Desired Access: Read Attributes, Disposition: Open, Options: Open Reparse Point, Attributes: n/a, ShareMode: Read, Write, Delete, AllocationSize: n/a"
"15:21:00.3986794","ZCode.exe","3104","CreateFile","C:\Users\DELL\AppData\Roaming\ZCode\session\SharedStorage-wal","NAME NOT FOUND","Desired Access: Read Attributes, Disposition: Open, Options: Open Reparse Point, Attributes: n/a, ShareMode: Read, Write, Delete, AllocationSize: n/a"
"15:21:00.3987116","ZCode.exe","3104","QueryStandardInformationFile","C:\Users\DELL\AppData\Roaming\ZCode\session\SharedStorage","SUCCESS","AllocationSize: 4096, EndOfFile: 4096, NumberOfLinks: 1, DeletePending: False, Directory: False"
"15:21:00.3987291","ZCode.exe","3104","ReadFile","C:\Users\DELL\AppData\Roaming\ZCode\session\SharedStorage","SUCCESS","Offset: 0, Length: 4096"
"15:21:00.3987474","ZCode.exe","3104","UnlockFileSingle","C:\Users\DELL\AppData\Roaming\ZCode\session\SharedStorage","SUCCESS","Offset: 1073741826, Length: 510"
"15:21:00.3987597","ZCode.exe","3104","LockFile","C:\Users\DELL\AppData\Roaming\ZCode\session\SharedStorage","SUCCESS","Exclusive: True, Offset: 1073741826, Length: 510, Fail Immediately: True"
"15:21:00.3991028","ZCode.exe","3104","CreateFile","C:\Users\DELL\AppData\Roaming\ZCode\session\SharedStorage-wal","NAME NOT FOUND","Desired Access: Read Attributes, Disposition: Open, Options: Open Reparse Point, Attributes: n/a, ShareMode: Read, Write, Delete, AllocationSize: n/a"
"15:21:00.4004571","ZCode.exe","3104","CreateFile","C:\Users\DELL\AppData\Roaming\ZCode\session\SharedStorage-wal","SUCCESS","Desired Access: Generic Read/Write, Disposition: OpenIf, Options: Synchronous IO Non-Alert, Non-Directory File, Attributes: N, ShareMode: Read, Write, AllocationSize: 0, OpenResult: Created"
"15:21:00.4009867","ZCode.exe","3104","QueryEAFile","C:\Users\DELL\AppData\Roaming\ZCode\session\SharedStorage-wal","SUCCESS",""
"15:21:00.4011078","ZCode.exe","3104","QueryStandardInformationFile","C:\Users\DELL\AppData\Roaming\ZCode\session\SharedStorage-wal","SUCCESS","AllocationSize: 0, EndOfFile: 0, NumberOfLinks: 1, DeletePending: False, Directory: False"
"15:21:00.4011283","ZCode.exe","3104","QueryStandardInformationFile","C:\Users\DELL\AppData\Roaming\ZCode\session\SharedStorage","SUCCESS","AllocationSize: 4096, EndOfFile: 4096, NumberOfLinks: 1, DeletePending: False, Directory: False"
"15:21:00.4011460","ZCode.exe","3104","ReadFile","C:\Users\DELL\AppData\Roaming\ZCode\session\SharedStorage","SUCCESS","Offset: 0, Length: 4096"
"15:21:00.4012622","ZCode.exe","3104","QueryStandardInformationFile","C:\Users\DELL\AppData\Roaming\ZCode\session\SharedStorage","SUCCESS","AllocationSize: 4096, EndOfFile: 4096, NumberOfLinks: 1, DeletePending: False, Directory: False"
"15:21:00.4028570","ZCode.exe","3104","QueryStandardInformationFile","C:\Users\DELL\AppData\Roaming\ZCode\session\SharedStorage","SUCCESS","AllocationSize: 4096, EndOfFile: 4096, NumberOfLinks: 1, DeletePending: False, Directory: False"
"15:21:00.4343796","ZCode.exe","3104","RegOpenKey","HKLM\System\CurrentControlSet\Services\bam\State\UserSettings\S-1-5-21-3723388597-1227904235-2670526452-1001","SUCCESS","Desired Access: All Access"
"15:21:00.4343996","ZCode.exe","3104","RegQueryValue","HKLM\System\CurrentControlSet\Services\bam\State\UserSettings\S-1-5-21-3723388597-1227904235-2670526452-1001\\Device\HarddiskVolume3\Program Files\ZCode\ZCode.exe","SUCCESS","Type: REG_BINARY, Length: 24, Data: A3 F3 32 0A 51 05 DD 01 00 00 00 00 00 00 00 00"
"15:21:00.4366885","ZCode.exe","3104","RegSetValue","HKLM\System\CurrentControlSet\Services\bam\State\UserSettings\S-1-5-21-3723388597-1227904235-2670526452-1001\\Device\HarddiskVolume3\Program Files\ZCode\ZCode.exe","SUCCESS","Type: REG_BINARY, Length: 24, Data: 01 FA 45 4B 51 05 DD 01 00 00 00 00 00 00 00 00"
"15:21:00.4373820","ZCode.exe","3104","RegCloseKey","HKLM\System\CurrentControlSet\Services\bam\State\UserSettings\S-1-5-21-3723388597-1227904235-2670526452-1001","SUCCESS",""
"15:21:00.4374555","ZCode.exe","3104","RegOpenKey","HKLM\SYSTEM\CurrentControlSet\Control\Session Manager\BAM","REPARSE","Desired Access: Query Value"
"15:21:00.4374811","ZCode.exe","3104","RegOpenKey","HKLM\System\CurrentControlSet\Control\Session Manager\BAM","NAME NOT FOUND","Desired Access: Query Value"
"15:21:00.4376092","ZCode.exe","3104","Process Create","C:\Program Files\ZCode\ZCode.exe","SUCCESS","PID: 23548, Command line: ""C:\Program Files\ZCode\ZCode.exe"" --type=gpu-process --disable-gpu-sandbox --use-gl=disabled --gpu-vendor-id=32902 --gpu-device-id=39497 --gpu-sub-system-id=169873448 --gpu-revision=1 --gpu-driver-version=32.0.101.7084 --user-data-dir=""C:\Users\DELL\AppData\Roaming\ZCode"" --gpu-preferences=SAAAAAAAAADoAAAEAAAAAAAAAAAAAGAAAQAAAAAAAAAAAAAAAAAAAEIAAAAAAAAAAAAAAAAAAAAQAAAAAAAAABAAAAAAAAAACAAAAAAAAAAIAAAAAAAAAA== --field-trial-handle=1784,i,6128475339558050661,6662620688750274270,262144 --enable-features=EnableTransparentHwndEnlargement,PdfUseShowSaveFilePicker --disable-features=DropInputEventsWhilePaintHolding,LocalNetworkAccessChecks,NetworkServiceSandbox,ScreenAIOCREnabled,SpareRendererForSitePerProcess,TraceSiteInstanceGetProcessCreation --variations-seed-version --pseudonymization-salt-handle=1796,i,9444142923446614715,1727625042449433546,4 --trace-process-track-uuid=3190708996619331833 --mojo-platform-channel-handle=2484 /prefetch:10"
"15:21:00.4376218","ZCode.exe","23548","Process Start","","SUCCESS","Parent PID: 3104, Command line: ""C:\Program Files\ZCode\ZCode.exe"" --type=gpu-process --disable-gpu-sandbox --use-gl=disabled --gpu-vendor-id=32902 --gpu-device-id=39497 --gpu-sub-system-id=169873448 --gpu-revision=1 --gpu-driver-version=32.0.101.7084 --user-data-dir=""C:\Users\DELL\AppData\Roaming\ZCode"" --gpu-preferences=SAAAAAAAAADoAAAEAAAAAAAAAAAAAGAAAQAAAAAAAAAAAAAAAAAAAEIAAAAAAAAAAAAAAAAAAAAQAAAAAAAAABAAAAAAAAAACAAAAAAAAAAIAAAAAAAAAA== --field-trial-handle=1784,i,6128475339558050661,6662620688750274270,262144 --enable-features=EnableTransparentHwndEnlargement,PdfUseShowSaveFilePicker --disable-features=DropInputEventsWhilePaintHolding,LocalNetworkAccessChecks,NetworkServiceSandbox,ScreenAIOCREnabled,SpareRendererForSitePerProcess,TraceSiteInstanceGetProcessCreation --variations-seed-version --pseudonymization-salt-handle=1796,i,9444142923446614715,1727625042449433546,4 --trace-process-track-uuid=3190708996619331833 --mojo-platform-channel-handle=2484 /prefetch:10, Current directory: C:\Program Files\ZCode\, Environment: ;	=::=::\;	ALLUSERSPROFILE=C:\ProgramData;	APPDATA=C:\Users\DELL\AppData\Roaming;	CHROME_CRASHPAD_PIPE_NAME=\\.\pipe\crashpad_3104_UQJFTKWIWSWOYEUE;	CODEX_RELAY_API_KEY=ELhR+R+ntq8bUQ9eVpy2DoVkeKOjB+vrcs1e85I8iErzFui66WSM9wWU34/N4VMz3WXTAym7fZ3OQutR/xsUU4PvR5ESJIAVxzQkB3AbCkBNonwSy8mKCOUwoir5h7NXOQw3sjGSt85nN0ISpAgS;	CommonProgramFiles=C:\Program Files\Common Files;	CommonProgramFiles(x86)=C:\Program Files (x86)\Common Files;	CommonProgramW6432=C:\Program Files\Common Files;	COMPUTERNAME=ATHARV;	ComSpec=C:\WINDOWS\system32\cmd.exe;	DriverData=C:\Windows\System32\Drivers\DriverData;	EFC_9820_1262719628=1;	EFC_9820_1592913036=1;	EFC_9820_2283032206=1;	EFC_9820_2775293581=1;	EFC_9820_344590478=1;	EFC_9820_3789132940=1;	EFC_9820_4126798990=1;	FPS_BROWSER_APP_PROFILE_STRING=Internet Explorer;	FPS_BROWSER_USER_PROFILE_STRING=Default;	HOMEDRIVE=C:;	HOMEPATH=\Users\DELL;	LLM7_API_KEY=ELhR+R+ntq8bUQ9eVpy2DoVkeKOjB+vrcs1e85I8iErzFui66WSM9wWU34/N4VMz3WXTAym7fZ3OQutR/xsUU4PvR5ESJIAVxzQkB3AbCkBNonwSy8mKCOUwoir5h7NXOQw3sjGSt85nN0ISpAgS;	LOCALAPPDATA=C:\Users\DELL\AppData\Local;	LOGONSERVER=\\ATHARV;	NUMBER_OF_PROCESSORS=8;	NVM_HOME=D:\nvm;	NVM_SYMLINK=D:\nodejs;	OLLAMA_MODELS=D:\Ollama\Models;	OneDrive=C:\Users\DELL\OneDrive;	OS=Windows_NT;	Path=C:\Program Files (x86)\Common Files\Oracle\Java\java8path;C:\Program Files (x86)\Common Files\Oracle\Java\javapath;C:\WINDOWS\system32;C:\WINDOWS;C:\WINDOWS\System32\Wbem;C:\WINDOWS\System32\WindowsPowerShell\v1.0\;C:\WINDOWS\System32\OpenSSH\;C:\Program Files\dotnet\;C:\Program Files\Git\cmd;C:\Program Files\Docker\Docker\resources\bin;C:\Program Files\Tailscale\;C:\Users\DELL\.local\bin;D:\nvm;D:\nodejs;C:\Users\DELL\AppData\Local\Programs\Python\Python312\Scripts\;C:\Users\DELL\AppData\Local\Programs\Python\Python312\;C:\Users\DELL\AppData\Local\Programs\Python\Python311\Scripts\;C:\Users\DELL\AppData\Local\Programs\Python\Python311\;C:\Users\DELL\AppData\Local\Programs\Python\Launcher\;C:\Users\DELL\AppData\Local\Microsoft\WindowsApps;C:\Users\DELL\AppData\Roaming\npm;C:\Users\DELL\AppData\Local\Programs\Ollama;C:\Users\DELL\AppData\Local\Programs\Microsoft VS Code\bin;C:\Users\DELL\.bun\bin;D:\nvm;D:\nodejs;C:\Users\DELL\AppData\Local\Programs\Antigravity IDE\bin;C:\Users\DELL\AppData\Local\Microsoft\WinGet\Packages\BurntSushi.ripgrep.MSVC_Microsoft.Winget.Source_8wekyb3d8bbwe\ripgrep-15.1.0-x86_64-pc-windows-msvc;C:\Users\DELL\AppData\Local\Microsoft\WinGet\Packages\OpenAI.Codex_Microsoft.Winget.Source_8wekyb3d8bbwe;C:\Tools\ripgrep;;	PATHEXT=.COM;.EXE;.BAT;.CMD;.VBS;.VBE;.JS;.JSE;.WSF;.WSH;.MSC;	PROCESSOR_ARCHITECTURE=AMD64;	PROCESSOR_IDENTIFIER=Intel64 Family 6 Model 140 Stepping 1, GenuineIntel;	PROCESSOR_LEVEL=6;	PROCESSOR_REVISION=8c01;	ProgramData=C:\ProgramData;	ProgramFiles=C:\Program Files;	ProgramFiles(x86)=C:\Program Files (x86);	ProgramW6432=C:\Program Files;	PSModulePath=C:\Program Files\WindowsPowerShell\Modules;C:\WINDOWS\system32\WindowsPowerShell\v1.0\Modules;	PUBLIC=C:\Users\Public;	ROO CODE=C:\Tools\ripg"
"15:21:00.4376371","ZCode.exe","23548","Thread Create","","SUCCESS","Thread ID: 19024"
"15:21:00.4377763","ZCode.exe","3104","RegOpenKey","HKCU\Software\Microsoft\Windows\CurrentVersion\Explorer\Shell Folders","SUCCESS","Desired Access: Query Value"
"15:21:00.4378036","ZCode.exe","3104","RegQueryValue","HKCU\Software\Microsoft\Windows\CurrentVersion\Explorer\Shell Folders\Cache","SUCCESS","Type: REG_SZ, Length: 112, Data: C:\Users\DELL\AppData\Local\Microsoft\Windows\INetCache"
"15:21:00.4378213","ZCode.exe","3104","RegCloseKey","HKCU\Software\Microsoft\Windows\CurrentVersion\Explorer\Shell Folders","SUCCESS",""
"15:21:00.4378376","ZCode.exe","3104","RegOpenKey","HKCU\Software\Microsoft\Windows NT\CurrentVersion\AppCompatFlags\Layers","SUCCESS","Desired Access: Query Value"
"15:21:00.4379683","ZCode.exe","3104","RegQueryValue","HKCU\Software\Microsoft\Windows NT\CurrentVersion\AppCompatFlags\Layers\C:\Program Files\ZCode\ZCode.exe","NAME NOT FOUND","Length: 16"
"15:21:00.4379861","ZCode.exe","3104","RegCloseKey","HKCU\Software\Microsoft\Windows NT\CurrentVersion\AppCompatFlags\Layers","SUCCESS",""
"15:21:00.4380599","ZCode.exe","3104","QuerySecurityFile","C:\Program Files\ZCode\ZCode.exe","SUCCESS","Information: Owner, Group, DACL, SACL, Label, Attribute, Process Trust Label, 0x100"
"15:21:00.4381894","ZCode.exe","3104","RegOpenKey","HKLM\Software\Microsoft\Windows NT\CurrentVersion\AppCompatFlags\SdbUpdates","SUCCESS","Desired Access: Read"
"15:21:00.4382449","ZCode.exe","3104","RegQueryValue","HKLM\SOFTWARE\Microsoft\Windows NT\CurrentVersion\AppCompatFlags\SdbUpdates\DisableDoubleQuerySdbs","NAME NOT FOUND","Length: 20"
"15:21:00.4382858","ZCode.exe","3104","RegCloseKey","HKLM\SOFTWARE\Microsoft\Windows NT\CurrentVersion\AppCompatFlags\SdbUpdates","SUCCESS",""
"15:21:00.4383168","ZCode.exe","3104","RegOpenKey","HKLM\Software\Microsoft\Windows NT\CurrentVersion\AppCompatFlags\SdbUpdates\ManifestedMergeStubSdbs","SUCCESS","Desired Access: Read"
"15:21:00.4383559","ZCode.exe","3104","RegEnumValue","HKLM\SOFTWARE\Microsoft\Windows NT\CurrentVersion\AppCompatFlags\SdbUpdates\ManifestedMergeStubSdbs","SUCCESS","Index: 0, Type: REG_SZ, Length: 24, Data: sysmain.sdb"
"15:21:00.4383880","ZCode.exe","3104","RegEnumValue","HKLM\SOFTWARE\Microsoft\Windows NT\CurrentVersion\AppCompatFlags\SdbUpdates\ManifestedMergeStubSdbs","SUCCESS","Index: 0, Type: REG_SZ"
"15:21:00.4384151","ZCode.exe","3104","RegCloseKey","HKLM\SOFTWARE\Microsoft\Windows NT\CurrentVersion\AppCompatFlags\SdbUpdates\ManifestedMergeStubSdbs","SUCCESS",""
"15:21:00.4384409","ZCode.exe","3104","RegOpenKey","HKLM\Software\Microsoft\Windows NT\CurrentVersion\AppCompatFlags\SdbUpdates","SUCCESS","Desired Access: Read"
"15:21:00.4384965","ZCode.exe","3104","RegQueryValue","HKLM\SOFTWARE\Microsoft\Windows NT\CurrentVersion\AppCompatFlags\SdbUpdates\StagedDelete_sysMerge.sdb","NAME NOT FOUND","Length: 0"
"15:21:00.4385451","ZCode.exe","3104","RegCloseKey","HKLM\SOFTWARE\Microsoft\Windows NT\CurrentVersion\AppCompatFlags\SdbUpdates","SUCCESS",""
"15:21:00.4385738","ZCode.exe","3104","RegOpenKey","HKLM\Software\Microsoft\Windows NT\CurrentVersion\AppCompatFlags\SdbUpdates","SUCCESS","Desired Access: Read"
"15:21:00.4385962","ZCode.exe","3104","RegQueryValue","HKLM\SOFTWARE\Microsoft\Windows NT\CurrentVersion\AppCompatFlags\SdbUpdates\sysMerge.sdb","BUFFER TOO SMALL","Length: 0"
"15:21:00.4386142","ZCode.exe","3104","RegQueryValue","HKLM\SOFTWARE\Microsoft\Windows NT\CurrentVersion\AppCompatFlags\SdbUpdates\sysMerge.sdb","SUCCESS","Type: REG_SZ, Length: 58, Data: 01DBFA347540B59D.sysmain.sdb"
"15:21:00.4386759","ZCode.exe","3104","RegQueryValue","HKLM\SOFTWARE\Microsoft\Windows NT\CurrentVersion\AppCompatFlags\SdbUpdates\MergeVer_sysMerge.sdb","SUCCESS","Type: REG_DWORD, Length: 4, Data: 1"
"15:21:00.4387075","ZCode.exe","3104","RegQueryValue","HKLM\SOFTWARE\Microsoft\Windows NT\CurrentVersion\AppCompatFlags\SdbUpdates\MergeVer","SUCCESS","Type: REG_DWORD, Length: 4, Data: 1"
"15:21:00.4387359","ZCode.exe","3104","RegQueryValue","HKLM\SOFTWARE\Microsoft\Windows NT\CurrentVersion\AppCompatFlags\SdbUpdates\MinMergeVer","SUCCESS","Type: REG_DWORD, Length: 4, Data: 0"
"15:21:00.4388273","ZCode.exe","3104","RegOpenKey","HKLM\Software\Microsoft\Windows NT\CurrentVersion\AppCompatFlags\SdbUpdates","SUCCESS","Desired Access: Read"
"15:21:00.4388462","ZCode.exe","3104","RegQueryValue","HKLM\SOFTWARE\Microsoft\Windows NT\CurrentVersion\AppCompatFlags\SdbUpdates\DisableDoubleQuerySdbs","NAME NOT FOUND","Length: 20"
"15:21:00.4388666","ZCode.exe","3104","RegCloseKey","HKLM\SOFTWARE\Microsoft\Windows NT\CurrentVersion\AppCompatFlags\SdbUpdates","SUCCESS",""
"15:21:00.4388863","ZCode.exe","3104","RegOpenKey","HKLM\Software\Microsoft\Windows NT\CurrentVersion\AppCompatFlags\SdbUpdates\ManifestedMergeStubSdbs","SUCCESS","Desired Access: Read"
"15:21:00.4389050","ZCode.exe","3104","RegEnumValue","HKLM\SOFTWARE\Microsoft\Windows NT\CurrentVersion\AppCompatFlags\SdbUpdates\ManifestedMergeStubSdbs","SUCCESS","Index: 0, Type: REG_SZ, Length: 24, Data: sysmain.sdb"
"15:21:00.4389386","ZCode.exe","3104","RegEnumValue","HKLM\SOFTWARE\Microsoft\Windows NT\CurrentVersion\AppCompatFlags\SdbUpdates\ManifestedMergeStubSdbs","SUCCESS","Index: 1, Type: REG_SZ, Length: 24, Data: msimain.sdb"
"15:21:00.4389596","ZCode.exe","3104","RegEnumValue","HKLM\SOFTWARE\Microsoft\Windows NT\CurrentVersion\AppCompatFlags\SdbUpdates\ManifestedMergeStubSdbs","NO MORE ENTRIES","Index: 2, Length: 42"
"15:21:00.4390101","ZCode.exe","3104","RegCloseKey","HKLM\SOFTWARE\Microsoft\Windows NT\CurrentVersion\AppCompatFlags\SdbUpdates\ManifestedMergeStubSdbs","SUCCESS",""
"15:21:00.4390278","ZCode.exe","3104","RegCloseKey","HKLM\SOFTWARE\Microsoft\Windows NT\CurrentVersion\AppCompatFlags\SdbUpdates","SUCCESS",""
"15:21:00.4394433","ZCode.exe","3104","RegOpenKey","HKLM\Software\Microsoft\Windows NT\CurrentVersion\AppCompatFlags\SdbUpdates","SUCCESS","Desired Access: Read"
"15:21:00.4394707","ZCode.exe","3104","RegQueryValue","HKLM\SOFTWARE\Microsoft\Windows NT\CurrentVersion\AppCompatFlags\SdbUpdates\StagedDelete_sysmain.sdb","NAME NOT FOUND","Length: 0"
"15:21:00.4395006","ZCode.exe","3104","RegCloseKey","HKLM\SOFTWARE\Microsoft\Windows NT\CurrentVersion\AppCompatFlags\SdbUpdates","SUCCESS",""
"15:21:00.4396036","ZCode.exe","3104","RegOpenKey","HKLM\Software\Microsoft\Windows NT\CurrentVersion\AppCompatFlags\SdbUpdates","SUCCESS","Desired Access: Read"
"15:21:00.4397109","ZCode.exe","3104","RegQueryValue","HKLM\SOFTWARE\Microsoft\Windows NT\CurrentVersion\AppCompatFlags\SdbUpdates\sysmain.sdb","BUFFER TOO SMALL","Length: 0"
"15:21:00.4397286","ZCode.exe","3104","RegQueryValue","HKLM\SOFTWARE\Microsoft\Windows NT\CurrentVersion\AppCompatFlags\SdbUpdates\sysmain.sdb","SUCCESS","Type: REG_SZ, Length: 58, Data: 01DD03FCD47E9A81.sysmain.sdb"
"15:21:00.4397487","ZCode.exe","3104","RegQueryValue","HKLM\SOFTWARE\Microsoft\Windows NT\CurrentVersion\AppCompatFlags\SdbUpdates\MergeVer_sysmain.sdb","SUCCESS","Type: REG_DWORD, Length: 4, Data: 1"
"15:21:00.4397668","ZCode.exe","3104","RegQueryValue","HKLM\SOFTWARE\Microsoft\Windows NT\CurrentVersion\AppCompatFlags\SdbUpdates\MergeVer","SUCCESS","Type: REG_DWORD, Length: 4, Data: 1"
"15:21:00.4397841","ZCode.exe","3104","RegQueryValue","HKLM\SOFTWARE\Microsoft\Windows NT\CurrentVersion\AppCompatFlags\SdbUpdates\MinMergeVer","SUCCESS","Type: REG_DWORD, Length: 4, Data: 0"
"15:21:00.4401022","ZCode.exe","3104","RegOpenKey","HKLM\Software\Microsoft\Windows NT\CurrentVersion\AppCompatFlags\SdbUpdates","SUCCESS","Desired Access: Read"
"15:21:00.4401278","ZCode.exe","3104","RegQueryValue","HKLM\SOFTWARE\Microsoft\Windows NT\CurrentVersion\AppCompatFlags\SdbUpdates\DisableDoubleQuerySdbs","NAME NOT FOUND","Length: 20"
"15:21:00.4401480","ZCode.exe","3104","RegCloseKey","HKLM\SOFTWARE\Microsoft\Windows NT\CurrentVersion\AppCompatFlags\SdbUpdates","SUCCESS",""
"15:21:00.4401685","ZCode.exe","3104","RegOpenKey","HKLM\Software\Microsoft\Windows NT\CurrentVersion\AppCompatFlags\SdbUpdates\ManifestedMergeStubSdbs","SUCCESS","Desired Access: Read"
"15:21:00.4401886","ZCode.exe","3104","RegEnumValue","HKLM\SOFTWARE\Microsoft\Windows NT\CurrentVersion\AppCompatFlags\SdbUpdates\ManifestedMergeStubSdbs","SUCCESS","Index: 0, Type: REG_SZ, Length: 24, Data: sysmain.sdb"
"15:21:00.4402146","ZCode.exe","3104","RegEnumValue","HKLM\SOFTWARE\Microsoft\Windows NT\CurrentVersion\AppCompatFlags\SdbUpdates\ManifestedMergeStubSdbs","SUCCESS","Index: 0, Type: REG_SZ"
"15:21:00.4402354","ZCode.exe","3104","RegCloseKey","HKLM\SOFTWARE\Microsoft\Windows NT\CurrentVersion\AppCompatFlags\SdbUpdates\ManifestedMergeStubSdbs","SUCCESS",""
"15:21:00.4402723","ZCode.exe","3104","RegCloseKey","HKLM\SOFTWARE\Microsoft\Windows NT\CurrentVersion\AppCompatFlags\SdbUpdates","SUCCESS",""
"15:21:00.4403024","ZCode.exe","3104","QueryBasicInformationFile","C:\Program Files\ZCode\ZCode.exe","SUCCESS","CreationTime: 25-06-2026 15:21:23, LastAccessTime: 26-06-2026 15:21:00, LastWriteTime: 26-06-2026 09:49:34, ChangeTime: 26-06-2026 12:57:58, FileAttributes: A"
"15:21:00.4403625","ZCode.exe","3104","QueryBasicInformationFile","C:\Program Files\ZCode\ZCode.exe","SUCCESS","CreationTime: 25-06-2026 15:21:23, LastAccessTime: 26-06-2026 15:21:00, LastWriteTime: 26-06-2026 09:49:34, ChangeTime: 26-06-2026 12:57:58, FileAttributes: A"
"15:21:00.4403805","ZCode.exe","3104","QueryNameInformationFile","C:\Program Files\ZCode\ZCode.exe","SUCCESS","Name: \Program Files\ZCode\ZCode.exe"
"15:21:00.4404693","ZCode.exe","3104","RegOpenKey","HKLM\Software\Microsoft\Windows\CurrentVersion\SideBySide","SUCCESS","Desired Access: Read"
"15:21:00.4404911","ZCode.exe","3104","RegQueryValue","HKLM\SOFTWARE\Microsoft\Windows\CurrentVersion\SideBySide\PreferExternalManifest","NAME NOT FOUND","Length: 20"
"15:21:00.4405542","ZCode.exe","3104","RegCloseKey","HKLM\SOFTWARE\Microsoft\Windows\CurrentVersion\SideBySide","SUCCESS",""
"15:21:00.4423036","ZCode.exe","3104","CloseFile","C:\Program Files\ZCode\ZCode.exe","SUCCESS",""
"15:21:00.4424630","ZCode.exe","23548","Load Image","C:\Program Files\ZCode\ZCode.exe","SUCCESS","Image Base: 0x7ff7532d0000, Image Size: 0xd87a000"
"15:21:00.4429033","ZCode.exe","23548","Load Image","C:\Windows\System32\ntdll.dll","SUCCESS","Image Base: 0x7ffb0cd20000, Image Size: 0x266000"
"15:21:00.4431588","ZCode.exe","23548","CreateFile","C:\Windows\Prefetch\ZCODE.EXE-D6C8D507.pf","SUCCESS","Desired Access: Generic Read, Disposition: Open, Options: Synchronous IO Non-Alert, Attributes: n/a, ShareMode: None, AllocationSize: n/a, OpenResult: Opened"
"15:21:00.4432220","ZCode.exe","23548","QueryStandardInformationFile","C:\Windows\Prefetch\ZCODE.EXE-D6C8D507.pf","SUCCESS","AllocationSize: 24576, EndOfFile: 20489, NumberOfLinks: 1, DeletePending: False, Directory: False"
"15:21:00.4432781","ZCode.exe","23548","ReadFile","C:\Windows\Prefetch\ZCODE.EXE-D6C8D507.pf","SUCCESS","Offset: 0, Length: 20489, Priority: Normal"
"15:21:00.4436537","ZCode.exe","23548","CloseFile","C:\Windows\Prefetch\ZCODE.EXE-D6C8D507.pf","SUCCESS",""
"15:21:00.4595122","ZCode.exe","23548","RegOpenKey","HKLM\System\CurrentControlSet\Control\Nls\CodePage","REPARSE","Desired Access: Read"
"15:21:00.4595345","ZCode.exe","23548","RegOpenKey","HKLM\System\CurrentControlSet\Control\Nls\CodePage","SUCCESS","Desired Access: Read"
"15:21:00.4595540","ZCode.exe","23548","RegQueryValue","HKLM\System\CurrentControlSet\Control\Nls\CodePage\ACP","SUCCESS","Type: REG_SZ, Length: 10, Data: 1252"
"15:21:00.4595713","ZCode.exe","23548","RegQueryValue","HKLM\System\CurrentControlSet\Control\Nls\CodePage\OEMCP","SUCCESS","Type: REG_SZ, Length: 8, Data: 437"
"15:21:00.4595840","ZCode.exe","23548","RegCloseKey","HKLM\System\CurrentControlSet\Control\Nls\CodePage","SUCCESS",""
"15:21:00.4596728","ZCode.exe","23548","RegOpenKey","HKLM\System\CurrentControlSet\Control\Session Manager","REPARSE","Desired Access: Query Value"
"15:21:00.4596866","ZCode.exe","23548","RegOpenKey","HKLM\System\CurrentControlSet\Control\Session Manager","SUCCESS","Desired Access: Query Value"
"15:21:00.4597012","ZCode.exe","23548","RegQueryValue","HKLM\System\CurrentControlSet\Control\Session Manager\RaiseExceptionOnPossibleDeadlock","NAME NOT FOUND","Length: 80"
"15:21:00.4597225","ZCode.exe","23548","RegCloseKey","HKLM\System\CurrentControlSet\Control\Session Manager","SUCCESS",""
"15:21:00.4597387","ZCode.exe","23548","RegOpenKey","HKLM\SYSTEM\CurrentControlSet\Control\Session Manager\Segment Heap","REPARSE","Desired Access: Query Value"
"15:21:00.4597520","ZCode.exe","23548","RegOpenKey","HKLM\System\CurrentControlSet\Control\Session Manager\Segment Heap","NAME NOT FOUND","Desired Access: Query Value"
"15:21:00.4597898","ZCode.exe","23548","RegOpenKey","HKLM\Software\Microsoft\Windows NT\CurrentVersion\Image File Execution Options","SUCCESS","Desired Access: Query Value, Enumerate Sub Keys"
"15:21:00.4598107","ZCode.exe","23548","RegOpenKey","HKLM\SOFTWARE\Microsoft\Windows NT\CurrentVersion\Image File Execution Options\ZCode.exe","NAME NOT FOUND","Desired Access: Query Value, Enumerate Sub Keys"
"15:21:00.4602213","ZCode.exe","23548","RegQueryValue","HKLM\System\CurrentControlSet\Control\Notifications\41911A28A3BC10B5","BUFFER TOO SMALL","Length: 0"
"15:21:00.4602588","ZCode.exe","23548","RegQueryValue","HKLM\System\CurrentControlSet\Control\Notifications\41911A28A3BC10B5","SUCCESS","Type: REG_BINARY, Length: 72, Data: 01 00 04 80 00 00 00 00 00 00 00 00 00 00 00 00"
"15:21:00.4607164","ZCode.exe","23548","CreateFile","C:\Program Files\ZCode","SUCCESS","Desired Access: Execute/Traverse, Synchronize, Disposition: Open, Options: Directory, Synchronous IO Non-Alert, Attributes: n/a, ShareMode: Read, Write, AllocationSize: n/a, OpenResult: Opened"
"15:21:00.4624660","ZCode.exe","23548","Load Image","C:\Windows\System32\kernel32.dll","SUCCESS","Image Base: 0x7ffb0c380000, Image Size: 0xc9000"
"15:21:00.4626968","ZCode.exe","23548","Load Image","C:\Windows\System32\KernelBase.dll","SUCCESS","Image Base: 0x7ffb09ff0000, Image Size: 0x400000"
"15:21:00.4638306","ZCode.exe","23548","RegOpenKey","HKLM\System\CurrentControlSet\Control\StateSeparation\RedirectionMap\Keys","REPARSE","Desired Access: Read"
"15:21:00.4638572","ZCode.exe","23548","RegOpenKey","HKLM\System\CurrentControlSet\Control\StateSeparation\RedirectionMap\Keys","NAME NOT FOUND","Desired Access: Read"
"15:21:00.4642304","ZCode.exe","23548","RegOpenKey","HKLM\System\CurrentControlSet\Control\SafeBoot\Option","REPARSE","Desired Access: Query Value, Set Value"
"15:21:00.4642454","ZCode.exe","23548","RegOpenKey","HKLM\System\CurrentControlSet\Control\SafeBoot\Option","NAME NOT FOUND","Desired Access: Query Value, Set Value"
"15:21:00.4642646","ZCode.exe","23548","RegOpenKey","HKLM\System\CurrentControlSet\Control\Srp\GP\DLL","REPARSE","Desired Access: Read"
"15:21:00.4642772","ZCode.exe","23548","RegOpenKey","HKLM\System\CurrentControlSet\Control\Srp\GP\DLL","NAME NOT FOUND","Desired Access: Read"
"15:21:00.4642934","ZCode.exe","23548","RegOpenKey","HKLM\Software\Policies\Microsoft\Windows\Safer\CodeIdentifiers","SUCCESS","Desired Access: Query Value"
"15:21:00.4643152","ZCode.exe","23548","RegQueryValue","HKLM\SOFTWARE\Policies\Microsoft\Windows\safer\codeidentifiers\TransparentEnabled","NAME NOT FOUND","Length: 80"
"15:21:00.4643307","ZCode.exe","23548","RegCloseKey","HKLM\SOFTWARE\Policies\Microsoft\Windows\safer\codeidentifiers","SUCCESS",""
"15:21:00.4643510","ZCode.exe","23548","RegOpenKey","HKCU\Software\Policies\Microsoft\Windows\Safer\CodeIdentifiers","NAME NOT FOUND","Desired Access: Query Value"
"15:21:00.4643955","ZCode.exe","23548","RegOpenKey","HKLM\System\CurrentControlSet\Control\FileSystem\","REPARSE","Desired Access: Read"
"15:21:00.4644145","ZCode.exe","23548","RegOpenKey","HKLM\System\CurrentControlSet\Control\FileSystem","SUCCESS","Desired Access: Read"
"15:21:00.4644298","ZCode.exe","23548","RegQueryValue","HKLM\System\CurrentControlSet\Control\FileSystem\LongPathsEnabled","SUCCESS","Type: REG_DWORD, Length: 4, Data: 0"
"15:21:00.4644732","ZCode.exe","23548","RegCloseKey","HKLM\System\CurrentControlSet\Control\FileSystem","SUCCESS",""
"15:21:00.4645917","ZCode.exe","23548","Thread Create","","SUCCESS","Thread ID: 2948"
"15:21:00.4647006","ZCode.exe","23548","Load Image","C:\Windows\System32\ws2_32.dll","SUCCESS","Image Base: 0x7ffb0c4f0000, Image Size: 0x80000"
"15:21:00.4649213","ZCode.exe","23548","Thread Create","","SUCCESS","Thread ID: 24608"
"15:21:00.4649229","ZCode.exe","23548","Load Image","C:\Windows\System32\ucrtbase.dll","SUCCESS","Image Base: 0x7ffb0a830000, Image Size: 0x14c000"
"15:21:00.4651341","ZCode.exe","23548","RegOpenKey","HKLM\System\CurrentControlSet\Control\Session Manager","REPARSE","Desired Access: Query Value"
"15:21:00.4651521","ZCode.exe","23548","Load Image","C:\Windows\System32\rpcrt4.dll","SUCCESS","Image Base: 0x7ffb0cbc0000, Image Size: 0x118000"
"15:21:00.4653413","ZCode.exe","23548","Load Image","C:\Windows\System32\crypt32.dll","SUCCESS","Image Base: 0x7ffb0a6b0000, Image Size: 0x178000"
"15:21:00.4654899","ZCode.exe","23548","RegOpenKey","HKLM\System\CurrentControlSet\Control\Session Manager","SUCCESS","Desired Access: Query Value"
"15:21:00.4655336","ZCode.exe","23548","RegQueryValue","HKLM\System\CurrentControlSet\Control\Session Manager\SafeDllSearchMode","NAME NOT FOUND","Length: 16"
"15:21:00.4660402","ZCode.exe","23548","CreateFile","C:\Program Files\ZCode\WINMM.dll","NAME NOT FOUND","Desired Access: Read Attributes, Disposition: Open, Options: Open Reparse Point, Attributes: n/a, ShareMode: Read, Write, Delete, AllocationSize: n/a"
"15:21:00.4662620","ZCode.exe","23548","CreateFile","C:\Windows\System32\winmm.dll","SUCCESS","Desired Access: Read Attributes, Disposition: Open, Options: Open Reparse Point, Attributes: n/a, ShareMode: Read, Write, Delete, AllocationSize: n/a, OpenResult: Opened"
"15:21:00.4663095","ZCode.exe","23548","QueryBasicInformationFile","C:\Windows\System32\winmm.dll","SUCCESS","CreationTime: 24-06-2026 11:33:56, LastAccessTime: 26-06-2026 15:19:42, LastWriteTime: 24-06-2026 11:33:56, ChangeTime: 24-06-2026 16:31:23, FileAttributes: A"
"15:21:00.4663226","ZCode.exe","23548","CloseFile","C:\Windows\System32\winmm.dll","SUCCESS",""
"15:21:00.4664651","ZCode.exe","23548","CreateFile","C:\Windows\System32\winmm.dll","SUCCESS","Desired Access: Read Data/List Directory, Execute/Traverse, Synchronize, Disposition: Open, Options: Synchronous IO Non-Alert, Non-Directory File, Attributes: n/a, ShareMode: Read, Delete, AllocationSize: n/a, OpenResult: Opened"
"15:21:00.4665513","ZCode.exe","23548","CreateFileMapping","C:\Windows\System32\winmm.dll","FILE LOCKED WITH ONLY READERS","SyncType: SyncTypeCreateSection, PageProtection: PAGE_EXECUTE"
"15:21:00.4666227","ZCode.exe","23548","CreateFileMapping","C:\Windows\System32\winmm.dll","SUCCESS","SyncType: SyncTypeOther"
"15:21:00.4668089","ZCode.exe","23548","Load Image","C:\Windows\System32\winmm.dll","SUCCESS","Image Base: 0x7ffafd800000, Image Size: 0x36000"
"15:21:00.4671842","ZCode.exe","23548","CloseFile","C:\Windows\System32\winmm.dll","SUCCESS",""
"15:21:00.4681517","ZCode.exe","23548","CreateFile","C:\Program Files\ZCode\DWrite.dll","NAME NOT FOUND","Desired Access: Read Attributes, Disposition: Open, Options: Open Reparse Point, Attributes: n/a, ShareMode: Read, Write, Delete, AllocationSize: n/a"
"15:21:00.4691634","ZCode.exe","23548","CreateFile","C:\Windows\System32\DWrite.dll","SUCCESS","Desired Access: Read Attributes, Disposition: Open, Options: Open Reparse Point, Attributes: n/a, ShareMode: Read, Write, Delete, AllocationSize: n/a, OpenResult: Opened"
"15:21:00.4692228","ZCode.exe","23548","QueryBasicInformationFile","C:\Windows\System32\DWrite.dll","SUCCESS","CreationTime: 24-06-2026 11:34:01, LastAccessTime: 26-06-2026 15:19:42, LastWriteTime: 24-06-2026 11:34:01, ChangeTime: 24-06-2026 16:32:27, FileAttributes: A"
"15:21:00.4692371","ZCode.exe","23548","CloseFile","C:\Windows\System32\DWrite.dll","SUCCESS",""
"15:21:00.4699268","ZCode.exe","23548","Thread Create","","SUCCESS","Thread ID: 2792"
"15:21:00.4702195","ZCode.exe","23548","CreateFile","C:\Windows\System32\DWrite.dll","SUCCESS","Desired Access: Read Data/List Directory, Execute/Traverse, Synchronize, Disposition: Open, Options: Synchronous IO Non-Alert, Non-Directory File, Attributes: n/a, ShareMode: Read, Delete, AllocationSize: n/a, OpenResult: Opened"
"15:21:00.4708994","ZCode.exe","23548","CreateFileMapping","C:\Windows\System32\DWrite.dll","FILE LOCKED WITH ONLY READERS","SyncType: SyncTypeCreateSection, PageProtection: PAGE_EXECUTE"
"15:21:00.4709372","ZCode.exe","23548","CreateFileMapping","C:\Windows\System32\DWrite.dll","SUCCESS","SyncType: SyncTypeOther"
"15:21:00.4712219","ZCode.exe","23548","Load Image","C:\Windows\System32\DWrite.dll","SUCCESS","Image Base: 0x7ffb02a30000, Image Size: 0x267000"
"15:21:00.4712517","ZCode.exe","23548","CreateFile","C:\Program Files\ZCode\VERSION.dll","NAME NOT FOUND","Desired Access: Read Attributes, Disposition: Open, Options: Open Reparse Point, Attributes: n/a, ShareMode: Read, Write, Delete, AllocationSize: n/a"
"15:21:00.4717045","ZCode.exe","23548","Load Image","C:\Windows\System32\msvcp_win.dll","SUCCESS","Image Base: 0x7ffb09f40000, Image Size: 0xa3000"
"15:21:00.4718966","ZCode.exe","23548","CloseFile","C:\Windows\System32\DWrite.dll","SUCCESS",""
"15:21:00.4725706","ZCode.exe","23548","CreateFile","C:\Windows\System32\version.dll","SUCCESS","Desired Access: Read Attributes, Disposition: Open, Options: Open Reparse Point, Attributes: n/a, ShareMode: Read, Write, Delete, AllocationSize: n/a, OpenResult: Opened"
"15:21:00.4726219","ZCode.exe","23548","QueryBasicInformationFile","C:\Windows\System32\version.dll","SUCCESS","CreationTime: 05-10-2024 05:34:39, LastAccessTime: 26-06-2026 15:20:51, LastWriteTime: 05-10-2024 05:34:39, ChangeTime: 24-06-2026 13:31:00, FileAttributes: A"
"15:21:00.4726345","ZCode.exe","23548","CloseFile","C:\Windows\System32\version.dll","SUCCESS",""
"15:21:00.4731802","ZCode.exe","23548","CreateFile","C:\Windows\System32\version.dll","SUCCESS","Desired Access: Read Data/List Directory, Execute/Traverse, Synchronize, Disposition: Open, Options: Synchronous IO Non-Alert, Non-Directory File, Attributes: n/a, ShareMode: Read, Delete, AllocationSize: n/a, OpenResult: Opened"
"15:21:00.4732318","ZCode.exe","23548","CreateFileMapping","C:\Windows\System32\version.dll","FILE LOCKED WITH ONLY READERS","SyncType: SyncTypeCreateSection, PageProtection: PAGE_EXECUTE"
"15:21:00.4732612","ZCode.exe","23548","CreateFileMapping","C:\Windows\System32\version.dll","SUCCESS","SyncType: SyncTypeOther"
"15:21:00.4734331","ZCode.exe","23548","Load Image","C:\Windows\System32\version.dll","SUCCESS","Image Base: 0x7ffafd7f0000, Image Size: 0xb000"
"15:21:00.4736074","ZCode.exe","23548","Load Image","C:\Windows\System32\msvcrt.dll","SUCCESS","Image Base: 0x7ffb0b450000, Image Size: 0xa9000"
"15:21:00.4737548","ZCode.exe","23548","CloseFile","C:\Windows\System32\version.dll","SUCCESS",""
"15:21:00.4750031","ZCode.exe","23548","CreateFile","C:\Program Files\ZCode\DPAPI.DLL","NAME NOT FOUND","Desired Access: Read Attributes, Disposition: Open, Options: Open Reparse Point, Attributes: n/a, ShareMode: Read, Write, Delete, AllocationSize: n/a"
"15:21:00.4752747","ZCode.exe","23548","CreateFile","C:\Windows\System32\dpapi.dll","SUCCESS","Desired Access: Read Attributes, Disposition: Open, Options: Open Reparse Point, Attributes: n/a, ShareMode: Read, Write, Delete, AllocationSize: n/a, OpenResult: Opened"
"15:21:00.4753248","ZCode.exe","23548","QueryBasicInformationFile","C:\Windows\System32\dpapi.dll","SUCCESS","CreationTime: 27-05-2026 09:30:27, LastAccessTime: 26-06-2026 15:19:42, LastWriteTime: 27-05-2026 09:30:27, ChangeTime: 24-06-2026 13:31:01, FileAttributes: A"
"15:21:00.4753371","ZCode.exe","23548","CloseFile","C:\Windows\System32\dpapi.dll","SUCCESS",""
"15:21:00.4758189","ZCode.exe","23548","CreateFile","C:\Windows\System32\dpapi.dll","SUCCESS","Desired Access: Read Data/List Directory, Execute/Traverse, Synchronize, Disposition: Open, Options: Synchronous IO Non-Alert, Non-Directory File, Attributes: n/a, ShareMode: Read, Delete, AllocationSize: n/a, OpenResult: Opened"
"15:21:00.4758640","ZCode.exe","23548","CreateFileMapping","C:\Windows\System32\dpapi.dll","FILE LOCKED WITH ONLY READERS","SyncType: SyncTypeCreateSection, PageProtection: PAGE_EXECUTE"
"15:21:00.4758949","ZCode.exe","23548","CreateFileMapping","C:\Windows\System32\dpapi.dll","SUCCESS","SyncType: SyncTypeOther"
"15:21:00.4760301","ZCode.exe","23548","Load Image","C:\Windows\System32\dpapi.dll","SUCCESS","Image Base: 0x7ffb09b20000, Image Size: 0xa000"
"15:21:00.4761479","ZCode.exe","23548","CloseFile","C:\Windows\System32\dpapi.dll","SUCCESS",""
"15:21:00.4765958","ZCode.exe","23548","RegOpenKey","HKLM\System\CurrentControlSet\Control\Nls\Sorting\Versions","REPARSE","Desired Access: Read"
"15:21:00.4766143","ZCode.exe","23548","RegOpenKey","HKLM\System\CurrentControlSet\Control\Nls\Sorting\Versions","SUCCESS","Desired Access: Read"
"15:21:00.4766322","ZCode.exe","23548","RegQueryValue","HKLM\System\CurrentControlSet\Control\Nls\Sorting\Versions\(Default)","SUCCESS","Type: REG_SZ, Length: 18, Data: 00060502"
"15:21:00.4766425","ZCode.exe","23548","RegQueryValue","HKLM\System\CurrentControlSet\Control\Nls\Sorting\Versions\000605xx","SUCCESS","Type: REG_SZ, Length: 26, Data: kernel32.dll"
"15:21:00.4781577","ZCode.exe","23548","Load Image","C:\Windows\System32\bcryptprimitives.dll","SUCCESS","Image Base: 0x7ffb0a5f0000, Image Size: 0xac000"
"15:21:00.4783719","ZCode.exe","23548","QueryNameInformationFile","C:\Windows\System32\bcryptprimitives.dll","SUCCESS","Name: \Windows\System32\bcryptprimitives.dll"
"15:21:00.4784780","ZCode.exe","23548","RegOpenKey","HKLM","SUCCESS","Desired Access: Maximum Allowed, Granted Access: Read"
"15:21:00.4784973","ZCode.exe","23548","RegQueryKey","HKLM","SUCCESS","Query: HandleTags, HandleTags: 0x0"
"15:21:00.4785071","ZCode.exe","23548","RegOpenKey","HKLM\System\CurrentControlset\Control\Lsa","REPARSE","Desired Access: Query Value"
"15:21:00.4785188","ZCode.exe","23548","RegOpenKey","HKLM\System\CurrentControlSet\Control\Lsa","SUCCESS","Desired Access: Query Value"
"15:21:00.4785346","ZCode.exe","23548","RegQueryValue","HKLM\System\CurrentControlSet\Control\Lsa\LsaPid","SUCCESS","Type: REG_DWORD, Length: 4, Data: 1144"
"15:21:00.4785491","ZCode.exe","23548","RegCloseKey","HKLM\System\CurrentControlSet\Control\Lsa","SUCCESS",""
"15:21:00.4785853","ZCode.exe","23548","RegQueryKey","HKLM","SUCCESS","Query: HandleTags, HandleTags: 0x0"
"15:21:00.4785932","ZCode.exe","23548","RegOpenKey","HKLM\Software\Microsoft\DirectWrite","NAME NOT FOUND","Desired Access: Query Value"
"15:21:00.4786047","ZCode.exe","23548","RegOpenKey","HKLM\SOFTWARE\Microsoft\AppModel\Lookaside\machine","NAME NOT FOUND","Desired Access: Read"
"15:21:00.4786150","ZCode.exe","23548","RegOpenKey","HKLM\SOFTWARE\Microsoft\AppModel\Lookaside\user","NAME NOT FOUND","Desired Access: Read"
"15:21:00.4786593","ZCode.exe","23548","RegOpenKey","HKCU","SUCCESS","Desired Access: Maximum Allowed, Granted Access: All Access"
"15:21:00.4786738","ZCode.exe","23548","RegOpenKey","HKCU\Control Panel\Desktop\MuiCached\MachineLanguageConfiguration","NAME NOT FOUND","Desired Access: Read"
"15:21:00.4786877","ZCode.exe","23548","RegCloseKey","HKCU","SUCCESS",""
"15:21:00.4786991","ZCode.exe","23548","RegOpenKey","HKLM\Software\Policies\Microsoft\MUI\Settings","NAME NOT FOUND","Desired Access: Read"
"15:21:00.4787166","ZCode.exe","23548","RegOpenKey","HKCU","SUCCESS","Desired Access: Maximum Allowed, Granted Access: All Access"
"15:21:00.4787299","ZCode.exe","23548","RegOpenKey","HKCU\Software\Policies\Microsoft\Control Panel\Desktop","NAME NOT FOUND","Desired Access: Read"
"15:21:00.4787421","ZCode.exe","23548","RegOpenKey","HKCU\Control Panel\Desktop\LanguageConfiguration","NAME NOT FOUND","Desired Access: Read"
"15:21:00.4787538","ZCode.exe","23548","RegCloseKey","HKCU","SUCCESS",""
"15:21:00.4787683","ZCode.exe","23548","RegOpenKey","HKLM\Software\Policies\Microsoft\MUI\Settings","NAME NOT FOUND","Desired Access: Read"
"15:21:00.4787846","ZCode.exe","23548","RegOpenKey","HKCU","SUCCESS","Desired Access: Maximum Allowed, Granted Access: All Access"
"15:21:00.4788026","ZCode.exe","23548","RegOpenKey","HKCU\Software\Policies\Microsoft\Control Panel\Desktop","NAME NOT FOUND","Desired Access: Read"
"15:21:00.4788154","ZCode.exe","23548","RegOpenKey","HKCU\Control Panel\Desktop","SUCCESS","Desired Access: Read"
"15:21:00.4788283","ZCode.exe","23548","RegQueryValue","HKCU\Control Panel\Desktop\PreferredUILanguages","NAME NOT FOUND","Length: 12"
"15:21:00.4788477","ZCode.exe","23548","RegCloseKey","HKCU\Control Panel\Desktop","SUCCESS",""
"15:21:00.4788546","ZCode.exe","23548","RegCloseKey","HKCU","SUCCESS",""
"15:21:00.4788623","ZCode.exe","23548","RegOpenKey","HKLM\Software\Policies\Microsoft\MUI\Settings","NAME NOT FOUND","Desired Access: Read"
"15:21:00.4788717","ZCode.exe","23548","RegOpenKey","HKCU","SUCCESS","Desired Access: Maximum Allowed, Granted Access: All Access"
"15:21:00.4788833","ZCode.exe","23548","RegOpenKey","HKCU\Control Panel\Desktop\MuiCached","SUCCESS","Desired Access: Read"
"15:21:00.4788959","ZCode.exe","23548","RegQueryValue","HKCU\Control Panel\Desktop\MuiCached\MachinePreferredUILanguages","BUFFER OVERFLOW","Length: 12"
"15:21:00.4789035","ZCode.exe","23548","RegQueryValue","HKCU\Control Panel\Desktop\MuiCached\MachinePreferredUILanguages","SUCCESS","Type: REG_MULTI_SZ, Length: 12, Data: en-US"
"15:21:00.4789140","ZCode.exe","23548","RegCloseKey","HKCU\Control Panel\Desktop\MuiCached","SUCCESS",""
"15:21:00.4789231","ZCode.exe","23548","RegCloseKey","HKCU","SUCCESS",""
"15:21:00.4789689","ZCode.exe","23548","RegOpenKey","HKLM\System\CurrentControlSet\Control\Session Manager","REPARSE","Desired Access: Query Value"
"15:21:00.4789776","ZCode.exe","23548","RegOpenKey","HKLM\System\CurrentControlSet\Control\Session Manager","SUCCESS","Desired Access: Query Value"
"15:21:00.4789866","ZCode.exe","23548","RegQueryValue","HKLM\System\CurrentControlSet\Control\Session Manager\SmtDelaySleepLoopWindowSize","NAME NOT FOUND","Length: 80"
"15:21:00.4789936","ZCode.exe","23548","RegQueryValue","HKLM\System\CurrentControlSet\Control\Session Manager\SmtDelaySpinCountThreshold","NAME NOT FOUND","Length: 80"
"15:21:00.4790010","ZCode.exe","23548","RegQueryValue","HKLM\System\CurrentControlSet\Control\Session Manager\SmtDelayBaseYield","NAME NOT FOUND","Length: 80"
"15:21:00.4790088","ZCode.exe","23548","RegQueryValue","HKLM\System\CurrentControlSet\Control\Session Manager\SmtFactorYield","NAME NOT FOUND","Length: 80"
"15:21:00.4790156","ZCode.exe","23548","RegQueryValue","HKLM\System\CurrentControlSet\Control\Session Manager\SmtDelayMaxYield","NAME NOT FOUND","Length: 80"
"15:21:00.4790239","ZCode.exe","23548","RegCloseKey","HKLM\System\CurrentControlSet\Control\Session Manager","SUCCESS",""
"15:21:00.4802495","ZCode.exe","23548","QueryNameInformationFile","C:\Program Files\ZCode\ZCode.exe","SUCCESS","Name: \Program Files\ZCode\ZCode.exe"
"15:21:00.4814827","ZCode.exe","23548","CreateFile","C:\Windows\System32\powrprof.dll","SUCCESS","Desired Access: Read Attributes, Disposition: Open, Options: Open Reparse Point, Attributes: n/a, ShareMode: Read, Write, Delete, AllocationSize: n/a, OpenResult: Opened"
"15:21:00.4815310","ZCode.exe","23548","QueryBasicInformationFile","C:\Windows\System32\powrprof.dll","SUCCESS","CreationTime: 22-05-2025 16:26:24, LastAccessTime: 26-06-2026 15:19:41, LastWriteTime: 22-05-2025 16:26:24, ChangeTime: 24-06-2026 13:31:01, FileAttributes: A"
"15:21:00.4815666","ZCode.exe","23548","CloseFile","C:\Windows\System32\powrprof.dll","SUCCESS",""
"15:21:00.4816795","ZCode.exe","23548","CreateFile","C:\Windows\System32\powrprof.dll","SUCCESS","Desired Access: Read Data/List Directory, Execute/Traverse, Synchronize, Disposition: Open, Options: Synchronous IO Non-Alert, Non-Directory File, Attributes: n/a, ShareMode: Read, Delete, AllocationSize: n/a, OpenResult: Opened"
"15:21:00.4817477","ZCode.exe","23548","CreateFileMapping","C:\Windows\System32\powrprof.dll","FILE LOCKED WITH ONLY READERS","SyncType: SyncTypeCreateSection, PageProtection: PAGE_EXECUTE"
"15:21:00.4817837","ZCode.exe","23548","CreateFileMapping","C:\Windows\System32\powrprof.dll","SUCCESS","SyncType: SyncTypeOther"
"15:21:00.4819128","ZCode.exe","23548","Load Image","C:\Windows\System32\powrprof.dll","SUCCESS","Image Base: 0x7ffb09da0000, Image Size: 0x5e000"
"15:21:00.4822138","ZCode.exe","23548","CloseFile","C:\Windows\System32\powrprof.dll","SUCCESS",""
"15:21:00.4827073","ZCode.exe","23548","CreateFile","C:\Windows\System32\umpdc.dll","SUCCESS","Desired Access: Read Attributes, Disposition: Open, Options: Open Reparse Point, Attributes: n/a, ShareMode: Read, Write, Delete, AllocationSize: n/a, OpenResult: Opened"
"15:21:00.4827434","ZCode.exe","23548","QueryBasicInformationFile","C:\Windows\System32\umpdc.dll","SUCCESS","CreationTime: 01-04-2026 10:42:36, LastAccessTime: 26-06-2026 15:19:41, LastWriteTime: 01-04-2026 10:42:36, ChangeTime: 24-06-2026 13:31:01, FileAttributes: A"
"15:21:00.4827524","ZCode.exe","23548","CloseFile","C:\Windows\System32\umpdc.dll","SUCCESS",""
"15:21:00.4828532","ZCode.exe","23548","CreateFile","C:\Windows\System32\umpdc.dll","SUCCESS","Desired Access: Read Data/List Directory, Execute/Traverse, Synchronize, Disposition: Open, Options: Synchronous IO Non-Alert, Non-Directory File, Attributes: n/a, ShareMode: Read, Delete, AllocationSize: n/a, OpenResult: Opened"
"15:21:00.4828815","ZCode.exe","23548","CreateFileMapping","C:\Windows\System32\umpdc.dll","FILE LOCKED WITH ONLY READERS","SyncType: SyncTypeCreateSection, PageProtection: PAGE_EXECUTE"
"15:21:00.4829029","ZCode.exe","23548","CreateFileMapping","C:\Windows\System32\umpdc.dll","SUCCESS","SyncType: SyncTypeOther"
"15:21:00.4829860","ZCode.exe","23548","Load Image","C:\Windows\System32\umpdc.dll","SUCCESS","Image Base: 0x7ffb09d80000, Image Size: 0x14000"
"15:21:00.4831049","ZCode.exe","23548","CloseFile","C:\Windows\System32\umpdc.dll","SUCCESS",""
"15:21:00.4833571","ZCode.exe","23548","Load Image","C:\Windows\System32\user32.dll","SUCCESS","Image Base: 0x7ffb0c9f0000, Image Size: 0x1c7000"
"15:21:00.4835221","ZCode.exe","23548","Load Image","C:\Windows\System32\win32u.dll","SUCCESS","Image Base: 0x7ffb0a5c0000, Image Size: 0x27000"
"15:21:00.4837326","ZCode.exe","23548","Load Image","C:\Windows\System32\gdi32.dll","SUCCESS","Image Base: 0x7ffb0b3f0000, Image Size: 0x2b000"
"15:21:00.4839371","ZCode.exe","23548","Load Image","C:\Windows\System32\gdi32full.dll","SUCCESS","Image Base: 0x7ffb0a490000, Image Size: 0x129000"
"15:21:00.4852488","ZCode.exe","23548","CreateFile","C:\Windows\System32\imm32.dll","SUCCESS","Desired Access: Read Attributes, Disposition: Open, Options: Open Reparse Point, Attributes: n/a, ShareMode: Read, Write, Delete, AllocationSize: n/a, OpenResult: Opened"
"15:21:00.4854034","ZCode.exe","23548","QueryBasicInformationFile","C:\Windows\System32\imm32.dll","SUCCESS","CreationTime: 27-05-2026 09:30:32, LastAccessTime: 26-06-2026 15:20:55, LastWriteTime: 27-05-2026 09:30:32, ChangeTime: 24-06-2026 13:31:01, FileAttributes: A"
"15:21:00.4854245","ZCode.exe","23548","CloseFile","C:\Windows\System32\imm32.dll","SUCCESS",""
"15:21:00.4858465","ZCode.exe","23548","CreateFile","C:\Windows\System32\imm32.dll","SUCCESS","Desired Access: Read Data/List Directory, Execute/Traverse, Synchronize, Disposition: Open, Options: Synchronous IO Non-Alert, Non-Directory File, Attributes: n/a, ShareMode: Read, Delete, AllocationSize: n/a, OpenResult: Opened"
"15:21:00.4859742","ZCode.exe","23548","CreateFileMapping","C:\Windows\System32\imm32.dll","FILE LOCKED WITH ONLY READERS","SyncType: SyncTypeCreateSection, PageProtection: PAGE_READONLY"
"15:21:00.4860028","ZCode.exe","23548","CreateFileMapping","C:\Windows\System32\imm32.dll","SUCCESS","SyncType: SyncTypeOther"
"15:21:00.4862180","ZCode.exe","23548","CloseFile","C:\Windows\System32\imm32.dll","SUCCESS",""
"15:21:00.4865009","ZCode.exe","23548","Load Image","C:\Windows\System32\imm32.dll","SUCCESS","Image Base: 0x7ffb0ac30000, Image Size: 0x32000"
"15:21:00.4868266","ZCode.exe","23548","RegOpenKey","HKLM\System\CurrentControlSet\Control\Error Message Instrument\","REPARSE","Desired Access: Read"
"15:21:00.4868573","ZCode.exe","23548","RegOpenKey","HKLM\System\CurrentControlSet\Control\Error Message Instrument","NAME NOT FOUND","Desired Access: Read"
"15:21:00.4869813","ZCode.exe","23548","RegOpenKey","HKLM\SOFTWARE\Microsoft\Windows NT\CurrentVersion\Image File Execution Options\ZCode.exe","NAME NOT FOUND","Desired Access: Query Value, Enumerate Sub Keys"
"15:21:00.4869995","ZCode.exe","23548","RegOpenKey","HKLM\Software\Policies\Microsoft\Windows\Display","NAME NOT FOUND","Desired Access: Read"
"15:21:00.4870345","ZCode.exe","23548","RegOpenKey","HKLM\Software\Policies\Microsoft\Windows\Display","NAME NOT FOUND","Desired Access: Read"
"15:21:00.4870470","ZCode.exe","23548","RegOpenKey","HKLM\SOFTWARE\Microsoft\Windows NT\CurrentVersion\Image File Execution Options\ZCode.exe","NAME NOT FOUND","Desired Access: Query Value, Enumerate Sub Keys"
"15:21:00.4870561","ZCode.exe","23548","RegOpenKey","HKLM\Software\Policies\Microsoft\Windows\Display","NAME NOT FOUND","Desired Access: Read"
"15:21:00.4870652","ZCode.exe","23548","RegOpenKey","HKLM\Software\Policies\Microsoft\Windows\Display","NAME NOT FOUND","Desired Access: Read"
"15:21:00.4871892","ZCode.exe","23548","RegOpenKey","HKLM\Software\Microsoft\Windows NT\CurrentVersion\GRE_Initialize","SUCCESS","Desired Access: Read"
"15:21:00.4872113","ZCode.exe","23548","RegQueryValue","HKLM\SOFTWARE\Microsoft\Windows NT\CurrentVersion\GRE_Initialize\DisableMetaFiles","NAME NOT FOUND","Length: 20"
"15:21:00.4872276","ZCode.exe","23548","RegCloseKey","HKLM\SOFTWARE\Microsoft\Windows NT\CurrentVersion\GRE_Initialize","SUCCESS",""
"15:21:00.4873048","ZCode.exe","23548","RegOpenKey","HKLM\Software\Microsoft\Windows NT\CurrentVersion\Image File Execution Options\ZCode.exe","NAME NOT FOUND","Desired Access: Read"
"15:21:00.4873315","ZCode.exe","23548","RegOpenKey","HKLM\Software\Policies\Microsoft\Windows\Control Panel\Desktop","NAME NOT FOUND","Desired Access: Read"
"15:21:00.4873458","ZCode.exe","23548","RegOpenKey","HKCU\Software\Policies\Microsoft\Windows\Control Panel\Desktop","NAME NOT FOUND","Desired Access: Read"
"15:21:00.4873617","ZCode.exe","23548","RegOpenKey","HKCU\Control Panel\Desktop","SUCCESS","Desired Access: Read"
"15:21:00.4873747","ZCode.exe","23548","RegQueryValue","HKCU\Control Panel\Desktop\EnablePerProcessSystemDPI","NAME NOT FOUND","Length: 20"
"15:21:00.4873877","ZCode.exe","23548","RegCloseKey","HKCU\Control Panel\Desktop","SUCCESS",""
"15:21:00.4875422","ZCode.exe","23548","RegOpenKey","HKLM\Software\Microsoft\Windows NT\CurrentVersion\Compatibility32","SUCCESS","Desired Access: Read"
"15:21:00.4875672","ZCode.exe","23548","RegQueryValue","HKLM\SOFTWARE\Microsoft\Windows NT\CurrentVersion\Compatibility32\ZCode","NAME NOT FOUND","Length: 172"
"15:21:00.4875832","ZCode.exe","23548","RegCloseKey","HKLM\SOFTWARE\Microsoft\Windows NT\CurrentVersion\Compatibility32","SUCCESS",""
"15:21:00.4875984","ZCode.exe","23548","RegOpenKey","HKLM\Software\Microsoft\Windows NT\CurrentVersion\IME Compatibility","NAME NOT FOUND","Desired Access: Read"
"15:21:00.4880811","ZCode.exe","23548","RegQueryKey","HKLM","SUCCESS","Query: HandleTags, HandleTags: 0x0"
"15:21:00.4881047","ZCode.exe","23548","RegOpenKey","HKLM\Software\Microsoft\Windows NT\CurrentVersion\Windows","SUCCESS","Desired Access: Read"
"15:21:00.4881293","ZCode.exe","23548","RegQueryValue","HKLM\SOFTWARE\Microsoft\Windows NT\CurrentVersion\Windows\LoadAppInit_DLLs","SUCCESS","Type: REG_DWORD, Length: 4, Data: 0"
"15:21:00.4881495","ZCode.exe","23548","RegCloseKey","HKLM\SOFTWARE\Microsoft\Windows NT\CurrentVersion\Windows","SUCCESS",""
"15:21:00.4884318","ZCode.exe","23548","RegOpenKey","HKLM\SOFTWARE\Microsoft\Windows NT\CurrentVersion\Image File Execution Options\ZCode.exe","NAME NOT FOUND","Desired Access: Query Value, Enumerate Sub Keys"
"15:21:00.4888403","ZCode.exe","23548","RegOpenKey","HKLM\System\CurrentControlSet\Control\Nls\CustomLocale","REPARSE","Desired Access: Read"
"15:21:00.4889011","ZCode.exe","23548","RegOpenKey","HKLM\System\CurrentControlSet\Control\Nls\CustomLocale","SUCCESS","Desired Access: Read"
"15:21:00.4889693","ZCode.exe","23548","RegQueryValue","HKLM\System\CurrentControlSet\Control\Nls\CustomLocale\en-IN","NAME NOT FOUND","Length: 532"
"15:21:00.4889952","ZCode.exe","23548","RegCloseKey","HKLM\System\CurrentControlSet\Control\Nls\CustomLocale","SUCCESS",""
"15:21:00.4890345","ZCode.exe","23548","RegOpenKey","HKLM\System\CurrentControlSet\Control\Nls\ExtendedLocale","REPARSE","Desired Access: Read"
"15:21:00.4891116","ZCode.exe","23548","RegOpenKey","HKLM\System\CurrentControlSet\Control\Nls\ExtendedLocale","SUCCESS","Desired Access: Read"
"15:21:00.4891400","ZCode.exe","23548","RegQueryValue","HKLM\System\CurrentControlSet\Control\Nls\ExtendedLocale\en-IN","NAME NOT FOUND","Length: 532"
"15:21:00.4891691","ZCode.exe","23548","RegCloseKey","HKLM\System\CurrentControlSet\Control\Nls\ExtendedLocale","SUCCESS",""
"15:21:00.4892568","ZCode.exe","23548","RegQueryValue","HKLM\System\CurrentControlSet\Control\Nls\Sorting\Versions\000605xx","SUCCESS","Type: REG_SZ, Length: 26, Data: kernel32.dll"
"15:21:00.4894933","ZCode.exe","23548","CreateFile","C:\Windows\Globalization\Sorting\SortDefault.nls","SUCCESS","Desired Access: Generic Read, Disposition: Open, Options: Synchronous IO Non-Alert, Non-Directory File, Attributes: N, ShareMode: Read, AllocationSize: n/a, OpenResult: Opened"
"15:21:00.4895475","ZCode.exe","23548","CreateFileMapping","C:\Windows\Globalization\Sorting\SortDefault.nls","FILE LOCKED WITH ONLY READERS","SyncType: SyncTypeCreateSection, PageProtection: PAGE_READONLY"
"15:21:00.4895635","ZCode.exe","23548","QueryStandardInformationFile","C:\Windows\Globalization\Sorting\SortDefault.nls","SUCCESS","AllocationSize: 3387392, EndOfFile: 3385740, NumberOfLinks: 2, DeletePending: False, Directory: False"
"15:21:00.4895916","ZCode.exe","23548","CreateFileMapping","C:\Windows\Globalization\Sorting\SortDefault.nls","SUCCESS","SyncType: SyncTypeOther"
"15:21:00.4896251","ZCode.exe","23548","CloseFile","C:\Windows\Globalization\Sorting\SortDefault.nls","SUCCESS",""
"15:21:00.4896892","ZCode.exe","23548","RegOpenKey","HKLM\System\CurrentControlSet\Control\Nls\Sorting\Ids","REPARSE","Desired Access: Read"
"15:21:00.4897087","ZCode.exe","23548","RegOpenKey","HKLM\System\CurrentControlSet\Control\Nls\Sorting\Ids","SUCCESS","Desired Access: Read"
"15:21:00.4897281","ZCode.exe","23548","RegQueryValue","HKLM\System\CurrentControlSet\Control\Nls\Sorting\Ids\en-IN","NAME NOT FOUND","Length: 90"
"15:21:00.4897447","ZCode.exe","23548","RegQueryValue","HKLM\System\CurrentControlSet\Control\Nls\Sorting\Ids\en","NAME NOT FOUND","Length: 90"
"15:21:00.4900966","ZCode.exe","23548","CreateFile","C:\Windows\System32\uxtheme.dll","SUCCESS","Desired Access: Read Attributes, Disposition: Open, Options: Open Reparse Point, Attributes: n/a, ShareMode: Read, Write, Delete, AllocationSize: n/a, OpenResult: Opened"
"15:21:00.4901828","ZCode.exe","23548","QueryBasicInformationFile","C:\Windows\System32\uxtheme.dll","SUCCESS","CreationTime: 24-06-2026 11:34:32, LastAccessTime: 26-06-2026 15:20:55, LastWriteTime: 24-06-2026 11:34:32, ChangeTime: 24-06-2026 16:31:21, FileAttributes: A"
"15:21:00.4901983","ZCode.exe","23548","CloseFile","C:\Windows\System32\uxtheme.dll","SUCCESS",""
"15:21:00.4903773","ZCode.exe","23548","CreateFile","C:\Windows\System32\uxtheme.dll","SUCCESS","Desired Access: Read Data/List Directory, Execute/Traverse, Synchronize, Disposition: Open, Options: Synchronous IO Non-Alert, Non-Directory File, Attributes: n/a, ShareMode: Read, Delete, AllocationSize: n/a, OpenResult: Opened"
"15:21:00.4904454","ZCode.exe","23548","CreateFileMapping","C:\Windows\System32\uxtheme.dll","FILE LOCKED WITH ONLY READERS","SyncType: SyncTypeCreateSection, PageProtection: PAGE_EXECUTE"
"15:21:00.4904794","ZCode.exe","23548","CreateFileMapping","C:\Windows\System32\uxtheme.dll","SUCCESS","SyncType: SyncTypeOther"
"15:21:00.4905791","ZCode.exe","23548","Load Image","C:\Windows\System32\uxtheme.dll","SUCCESS","Image Base: 0x7ffb043f0000, Image Size: 0xa9000"
"15:21:00.4909965","ZCode.exe","23548","Load Image","C:\Windows\System32\combase.dll","SUCCESS","Image Base: 0x7ffb0adc0000, Image Size: 0x383000"
"15:21:00.4913074","ZCode.exe","23548","CloseFile","C:\Windows\System32\uxtheme.dll","SUCCESS",""
"15:21:00.4917576","ZCode.exe","23548","RegQueryKey","HKLM","SUCCESS","Query: HandleTags, HandleTags: 0x0"
"15:21:00.4917858","ZCode.exe","23548","RegOpenKey","HKLM\SOFTWARE\Microsoft\OLE","SUCCESS","Desired Access: Read"
"15:21:00.4918123","ZCode.exe","23548","RegQueryValue","HKLM\SOFTWARE\Microsoft\Ole\PageAllocatorUseSystemHeap","NAME NOT FOUND","Length: 20"
"15:21:00.4918334","ZCode.exe","23548","RegCloseKey","HKLM\SOFTWARE\Microsoft\Ole","SUCCESS",""
"15:21:00.4918499","ZCode.exe","23548","RegQueryKey","HKLM","SUCCESS","Query: HandleTags, HandleTags: 0x0"
"15:21:00.4918645","ZCode.exe","23548","RegOpenKey","HKLM\SOFTWARE\Microsoft\OLE","SUCCESS","Desired Access: Read"
"15:21:00.4918805","ZCode.exe","23548","RegQueryValue","HKLM\SOFTWARE\Microsoft\Ole\PageAllocatorSystemHeapIsPrivate","NAME NOT FOUND","Length: 20"
"15:21:00.4918955","ZCode.exe","23548","RegCloseKey","HKLM\SOFTWARE\Microsoft\Ole","SUCCESS",""
"15:21:00.4919298","ZCode.exe","23548","RegQueryKey","HKLM","SUCCESS","Query: HandleTags, HandleTags: 0x0"
"15:21:00.4919492","ZCode.exe","23548","RegOpenKey","HKLM\SOFTWARE\Microsoft\OLE","SUCCESS","Desired Access: Read"
"15:21:00.4919682","ZCode.exe","23548","RegQueryValue","HKLM\SOFTWARE\Microsoft\Ole\AggressiveMTATesting","NAME NOT FOUND","Length: 16"
"15:21:00.4919849","ZCode.exe","23548","RegCloseKey","HKLM\SOFTWARE\Microsoft\Ole","SUCCESS",""
"15:21:00.4921754","ZCode.exe","23548","RegQueryKey","HKLM","SUCCESS","Query: HandleTags, HandleTags: 0x0"
"15:21:00.4922369","ZCode.exe","23548","RegOpenKey","HKLM","SUCCESS","Desired Access: Read"
"15:21:00.4922770","ZCode.exe","23548","RegSetInfoKey","HKLM","SUCCESS","KeySetInformationClass: KeySetHandleTagsInformation, Length: 0"
"15:21:00.4923446","ZCode.exe","23548","RegQueryKey","HKLM","SUCCESS","Query: HandleTags, HandleTags: 0x100"
"15:21:00.4923730","ZCode.exe","23548","RegOpenKey","HKLM\Software\Microsoft\Ole\FeatureDevelopmentProperties","NAME NOT FOUND","Desired Access: Read"
"15:21:00.4923992","ZCode.exe","23548","RegQueryKey","HKLM","SUCCESS","Query: HandleTags, HandleTags: 0x100"
"15:21:00.4924138","ZCode.exe","23548","RegOpenKey","HKLM\Software\Microsoft\Ole\FeatureDevelopmentProperties","NAME NOT FOUND","Desired Access: Read"
"15:21:00.4924309","ZCode.exe","23548","RegQueryKey","HKLM","SUCCESS","Query: HandleTags, HandleTags: 0x100"
"15:21:00.4924452","ZCode.exe","23548","RegOpenKey","HKLM\Software\Microsoft\Ole","SUCCESS","Desired Access: Read"
"15:21:00.4925433","ZCode.exe","23548","RegOpenKey","HKCU","SUCCESS","Desired Access: Read"
"15:21:00.4925622","ZCode.exe","23548","RegQueryKey","HKCU","SUCCESS","Query: HandleTags, HandleTags: 0x0"
"15:21:00.4925766","ZCode.exe","23548","RegOpenKey","HKCU\Software\Classes\Local Settings","REPARSE","Desired Access: Read"
"15:21:00.4925929","ZCode.exe","23548","RegOpenKey","HKCU\Software\Classes\Local Settings","SUCCESS","Desired Access: Read"
"15:21:00.4926272","ZCode.exe","23548","RegSetInfoKey","HKCU\Software\Classes\Local Settings","SUCCESS","KeySetInformationClass: KeySetHandleTagsInformation, Length: 0"
"15:21:00.4926941","ZCode.exe","23548","RegCloseKey","HKCU","SUCCESS",""
"15:21:00.4927411","ZCode.exe","23548","RegQueryKey","HKCU\Software\Classes\Local Settings","SUCCESS","Query: HandleTags, HandleTags: 0x100"
"15:21:00.4927604","ZCode.exe","23548","RegOpenKey","HKCU\Software\Classes\Local Settings\Software\Microsoft\Ole\FeatureDevelopmentProperties","NAME NOT FOUND","Desired Access: Read"
"15:21:00.4927800","ZCode.exe","23548","RegQueryKey","HKCU\Software\Classes\Local Settings","SUCCESS","Query: HandleTags, HandleTags: 0x100"
"15:21:00.4927951","ZCode.exe","23548","RegOpenKey","HKCU\Software\Classes\Local Settings\Software\Microsoft\Ole\FeatureDevelopmentProperties","NAME NOT FOUND","Desired Access: Read"
"15:21:00.4928471","ZCode.exe","23548","RegQueryKey","HKCU\Software\Classes\Local Settings","SUCCESS","Query: HandleTags, HandleTags: 0x100"
"15:21:00.4928691","ZCode.exe","23548","RegOpenKey","HKCU\Software\Classes\Local Settings\Software\Microsoft\Ole","NAME NOT FOUND","Desired Access: Read"
"15:21:00.4928844","ZCode.exe","23548","RegQueryKey","HKCU\Software\Classes\Local Settings","SUCCESS","Query: HandleTags, HandleTags: 0x100"
"15:21:00.4928993","ZCode.exe","23548","RegOpenKey","HKCU\Software\Classes\Local Settings\Software\Microsoft","SUCCESS","Desired Access: Read"
"15:21:00.4929887","ZCode.exe","23548","RegQueryKey","HKLM","SUCCESS","Query: HandleTags, HandleTags: 0x0"
"15:21:00.4930229","ZCode.exe","23548","RegOpenKey","HKLM\Software\Microsoft\OLE\Tracing","NAME NOT FOUND","Desired Access: Read"
"15:21:00.4941310","ZCode.exe","23548","RegOpenKey","HKCU","SUCCESS","Desired Access: Read"
"15:21:00.4941484","ZCode.exe","23548","RegQueryKey","HKCU","SUCCESS","Query: HandleTags, HandleTags: 0x0"
"15:21:00.4941691","ZCode.exe","23548","RegOpenKey","HKCU\SOFTWARE\Microsoft\Windows\CurrentVersion\Themes\Personalize","SUCCESS","Desired Access: Query Value"
"15:21:00.4941951","ZCode.exe","23548","RegQueryValue","HKCU\Software\Microsoft\Windows\CurrentVersion\Themes\Personalize\AppsUseLightTheme","SUCCESS","Type: REG_DWORD, Length: 4, Data: 1"
"15:21:00.4942126","ZCode.exe","23548","RegCloseKey","HKCU\Software\Microsoft\Windows\CurrentVersion\Themes\Personalize","SUCCESS",""
"15:21:00.4942249","ZCode.exe","23548","RegCloseKey","HKCU","SUCCESS",""
"15:21:00.4943417","ZCode.exe","23548","RegQueryKey","HKLM","SUCCESS","Query: HandleTags, HandleTags: 0x0"
"15:21:00.4943936","ZCode.exe","23548","RegOpenKey","HKLM\System\CurrentControlSet\Services\WinSock2\Parameters","REPARSE","Desired Access: All Access"
"15:21:00.4944527","ZCode.exe","23548","RegOpenKey","HKLM\System\CurrentControlSet\Services\WinSock2\Parameters","ACCESS DENIED","Desired Access: All Access"
"15:21:00.4944758","ZCode.exe","23548","RegQueryKey","HKLM","SUCCESS","Query: HandleTags, HandleTags: 0x0"
"15:21:00.4944894","ZCode.exe","23548","RegOpenKey","HKLM\System\CurrentControlSet\Services\WinSock2\Parameters","REPARSE","Desired Access: Read"
"15:21:00.4945023","ZCode.exe","23548","RegOpenKey","HKLM\System\CurrentControlSet\Services\WinSock2\Parameters","SUCCESS","Desired Access: Read"
"15:21:00.4945253","ZCode.exe","23548","RegQueryValue","HKLM\System\CurrentControlSet\Services\WinSock2\Parameters\WinSock_Registry_Version","BUFFER OVERFLOW","Length: 16"
"15:21:00.4945374","ZCode.exe","23548","RegQueryValue","HKLM\System\CurrentControlSet\Services\WinSock2\Parameters\WinSock_Registry_Version","SUCCESS","Type: REG_SZ, Length: 8, Data: 2.0"
"15:21:00.4945511","ZCode.exe","23548","RegQueryKey","HKLM\System\CurrentControlSet\Services\WinSock2\Parameters","SUCCESS","Query: HandleTags, HandleTags: 0x0"
"15:21:00.4945630","ZCode.exe","23548","RegOpenKey","HKLM\System\CurrentControlSet\Services\WinSock2\Parameters\AppId_Catalog","SUCCESS","Desired Access: Read"
"15:21:00.4945985","ZCode.exe","23548","RegQueryKey","HKLM\System\CurrentControlSet\Services\WinSock2\Parameters\AppId_Catalog","SUCCESS","Query: HandleTags, HandleTags: 0x0"
"15:21:00.4946087","ZCode.exe","23548","RegOpenKey","HKLM\System\CurrentControlSet\Services\WinSock2\Parameters\AppId_Catalog\00E8763A-00B68DCE","NAME NOT FOUND","Desired Access: Read"
"15:21:00.4946220","ZCode.exe","23548","RegQueryKey","HKLM\System\CurrentControlSet\Services\WinSock2\Parameters\AppId_Catalog","SUCCESS","Query: HandleTags, HandleTags: 0x0"
"15:21:00.4946460","ZCode.exe","23548","RegOpenKey","HKLM\System\CurrentControlSet\Services\WinSock2\Parameters\AppId_Catalog\00E8763A","NAME NOT FOUND","Desired Access: Read"
"15:21:00.4946610","ZCode.exe","23548","RegCloseKey","HKLM\System\CurrentControlSet\Services\WinSock2\Parameters\AppId_Catalog","SUCCESS",""
"15:21:00.4946742","ZCode.exe","23548","RegQueryValue","HKLM\System\CurrentControlSet\Services\WinSock2\Parameters\NameSpace_Callout","BUFFER OVERFLOW","Length: 12"
"15:21:00.4946900","ZCode.exe","23548","RegQueryValue","HKLM\System\CurrentControlSet\Services\WinSock2\Parameters\NameSpace_Callout","SUCCESS","Type: REG_EXPAND_SZ, Length: 70, Data: %SystemRoot%\System32\fwpuclnt.dll"
"15:21:00.4947106","ZCode.exe","23548","RegQueryKey","HKLM\System\CurrentControlSet\Services\WinSock2\Parameters","SUCCESS","Query: HandleTags, HandleTags: 0x0"
"15:21:00.4947210","ZCode.exe","23548","RegOpenKey","HKLM\System\CurrentControlSet\Services\WinSock2\Parameters\Protocol_Catalog9","SUCCESS","Desired Access: Maximum Allowed, Granted Access: Read"
"15:21:00.4947361","ZCode.exe","23548","RegQueryValue","HKLM\System\CurrentControlSet\Services\WinSock2\Parameters\Protocol_Catalog9\Serial_Access_Num","SUCCESS","Type: REG_DWORD, Length: 4, Data: 11"
"15:21:00.4948274","ZCode.exe","23548","RegQueryValue","HKLM\System\CurrentControlSet\Services\WinSock2\Parameters\Protocol_Catalog9\Serial_Access_Num","SUCCESS","Type: REG_DWORD, Length: 4, Data: 11"
"15:21:00.4949083","ZCode.exe","23548","RegQueryKey","HKLM\System\CurrentControlSet\Services\WinSock2\Parameters\Protocol_Catalog9","SUCCESS","Query: HandleTags, HandleTags: 0x0"
"15:21:00.4949226","ZCode.exe","23548","RegOpenKey","HKLM\System\CurrentControlSet\Services\WinSock2\Parameters\Protocol_Catalog9\0000000B","NAME NOT FOUND","Desired Access: Read"
"15:21:00.4949381","ZCode.exe","23548","RegQueryValue","HKLM\System\CurrentControlSet\Services\WinSock2\Parameters\Protocol_Catalog9\Next_Catalog_Entry_ID","SUCCESS","Type: REG_DWORD, Length: 4, Data: 1015"
"15:21:00.4949502","ZCode.exe","23548","RegQueryValue","HKLM\System\CurrentControlSet\Services\WinSock2\Parameters\Protocol_Catalog9\Num_Catalog_Entries64","SUCCESS","Type: REG_DWORD, Length: 4, Data: 14"
"15:21:00.4949620","ZCode.exe","23548","RegQueryKey","HKLM\System\CurrentControlSet\Services\WinSock2\Parameters\Protocol_Catalog9","SUCCESS","Query: HandleTags, HandleTags: 0x0"
"15:21:00.4949729","ZCode.exe","23548","RegOpenKey","HKLM\System\CurrentControlSet\Services\WinSock2\Parameters\Protocol_Catalog9\Catalog_Entries64","SUCCESS","Desired Access: Maximum Allowed, Granted Access: Read"
"15:21:00.4949924","ZCode.exe","23548","RegQueryKey","HKLM\System\CurrentControlSet\Services\WinSock2\Parameters\Protocol_Catalog9\Catalog_Entries64","SUCCESS","Query: HandleTags, HandleTags: 0x0"
"15:21:00.4950040","ZCode.exe","23548","RegOpenKey","HKLM\System\CurrentControlSet\Services\WinSock2\Parameters\Protocol_Catalog9\Catalog_Entries64\000000000001","SUCCESS","Desired Access: Read"
"15:21:00.4950262","ZCode.exe","23548","RegQueryValue","HKLM\System\CurrentControlSet\Services\WinSock2\Parameters\Protocol_Catalog9\Catalog_Entries64\000000000001\PackedCatalogItem","BUFFER OVERFLOW","Length: 144"
"15:21:00.4950375","ZCode.exe","23548","RegQueryValue","HKLM\System\CurrentControlSet\Services\WinSock2\Parameters\Protocol_Catalog9\Catalog_Entries64\000000000001\PackedCatalogItem","SUCCESS","Type: REG_BINARY, Length: 888, Data: 25 53 79 73 74 65 6D 52 6F 6F 74 25 5C 73 79 73"
"15:21:00.4950605","ZCode.exe","23548","RegCloseKey","HKLM\System\CurrentControlSet\Services\WinSock2\Parameters\Protocol_Catalog9\Catalog_Entries64\000000000001","SUCCESS",""
"15:21:00.4950723","ZCode.exe","23548","RegQueryKey","HKLM\System\CurrentControlSet\Services\WinSock2\Parameters\Protocol_Catalog9\Catalog_Entries64","SUCCESS","Query: HandleTags, HandleTags: 0x0"
"15:21:00.4950830","ZCode.exe","23548","RegOpenKey","HKLM\System\CurrentControlSet\Services\WinSock2\Parameters\Protocol_Catalog9\Catalog_Entries64\000000000002","SUCCESS","Desired Access: Read"
"15:21:00.4951110","ZCode.exe","23548","RegQueryValue","HKLM\System\CurrentControlSet\Services\WinSock2\Parameters\Protocol_Catalog9\Catalog_Entries64\000000000002\PackedCatalogItem","BUFFER OVERFLOW","Length: 144"
"15:21:00.4951490","ZCode.exe","23548","RegQueryValue","HKLM\System\CurrentControlSet\Services\WinSock2\Parameters\Protocol_Catalog9\Catalog_Entries64\000000000002\PackedCatalogItem","SUCCESS","Type: REG_BINARY, Length: 888, Data: 25 53 79 73 74 65 6D 52 6F 6F 74 25 5C 73 79 73"
"15:21:00.4951655","ZCode.exe","23548","RegCloseKey","HKLM\System\CurrentControlSet\Services\WinSock2\Parameters\Protocol_Catalog9\Catalog_Entries64\000000000002","SUCCESS",""
"15:21:00.4951784","ZCode.exe","23548","RegQueryKey","HKLM\System\CurrentControlSet\Services\WinSock2\Parameters\Protocol_Catalog9\Catalog_Entries64","SUCCESS","Query: HandleTags, HandleTags: 0x0"
"15:21:00.4952019","ZCode.exe","23548","RegOpenKey","HKLM\System\CurrentControlSet\Services\WinSock2\Parameters\Protocol_Catalog9\Catalog_Entries64\000000000003","SUCCESS","Desired Access: Read"
"15:21:00.4952743","ZCode.exe","23548","RegQueryValue","HKLM\System\CurrentControlSet\Services\WinSock2\Parameters\Protocol_Catalog9\Catalog_Entries64\000000000003\PackedCatalogItem","BUFFER OVERFLOW","Length: 144"
"15:21:00.4953168","ZCode.exe","23548","RegQueryValue","HKLM\System\CurrentControlSet\Services\WinSock2\Parameters\Protocol_Catalog9\Catalog_Entries64\000000000003\PackedCatalogItem","SUCCESS","Type: REG_BINARY, Length: 888, Data: 25 53 79 73 74 65 6D 52 6F 6F 74 25 5C 73 79 73"
"15:21:00.4953353","ZCode.exe","23548","RegCloseKey","HKLM\System\CurrentControlSet\Services\WinSock2\Parameters\Protocol_Catalog9\Catalog_Entries64\000000000003","SUCCESS",""
"15:21:00.4953495","ZCode.exe","23548","RegQueryKey","HKLM\System\CurrentControlSet\Services\WinSock2\Parameters\Protocol_Catalog9\Catalog_Entries64","SUCCESS","Query: HandleTags, HandleTags: 0x0"
"15:21:00.4953662","ZCode.exe","23548","RegOpenKey","HKLM\System\CurrentControlSet\Services\WinSock2\Parameters\Protocol_Catalog9\Catalog_Entries64\000000000004","SUCCESS","Desired Access: Read"
"15:21:00.4953872","ZCode.exe","23548","RegQueryValue","HKLM\System\CurrentControlSet\Services\WinSock2\Parameters\Protocol_Catalog9\Catalog_Entries64\000000000004\PackedCatalogItem","BUFFER OVERFLOW","Length: 144"
"15:21:00.4954705","ZCode.exe","23548","RegQueryValue","HKLM\System\CurrentControlSet\Services\WinSock2\Parameters\Protocol_Catalog9\Catalog_Entries64\000000000004\PackedCatalogItem","SUCCESS","Type: REG_BINARY, Length: 888, Data: 25 53 79 73 74 65 6D 52 6F 6F 74 25 5C 73 79 73"
"15:21:00.4955117","ZCode.exe","23548","RegCloseKey","HKLM\System\CurrentControlSet\Services\WinSock2\Parameters\Protocol_Catalog9\Catalog_Entries64\000000000004","SUCCESS",""
"15:21:00.4955863","ZCode.exe","23548","RegQueryKey","HKLM\System\CurrentControlSet\Services\WinSock2\Parameters\Protocol_Catalog9\Catalog_Entries64","SUCCESS","Query: HandleTags, HandleTags: 0x0"
"15:21:00.4956047","ZCode.exe","23548","RegOpenKey","HKLM\System\CurrentControlSet\Services\WinSock2\Parameters\Protocol_Catalog9\Catalog_Entries64\000000000005","SUCCESS","Desired Access: Read"
"15:21:00.4956270","ZCode.exe","23548","RegQueryValue","HKLM\System\CurrentControlSet\Services\WinSock2\Parameters\Protocol_Catalog9\Catalog_Entries64\000000000005\PackedCatalogItem","BUFFER OVERFLOW","Length: 144"
"15:21:00.4956444","ZCode.exe","23548","RegQueryValue","HKLM\System\CurrentControlSet\Services\WinSock2\Parameters\Protocol_Catalog9\Catalog_Entries64\000000000005\PackedCatalogItem","SUCCESS","Type: REG_BINARY, Length: 888, Data: 25 53 79 73 74 65 6D 52 6F 6F 74 25 5C 73 79 73"
"15:21:00.4956595","ZCode.exe","23548","RegCloseKey","HKLM\System\CurrentControlSet\Services\WinSock2\Parameters\Protocol_Catalog9\Catalog_Entries64\000000000005","SUCCESS",""
"15:21:00.4956880","ZCode.exe","23548","RegQueryKey","HKLM\System\CurrentControlSet\Services\WinSock2\Parameters\Protocol_Catalog9\Catalog_Entries64","SUCCESS","Query: HandleTags, HandleTags: 0x0"
"15:21:00.4957022","ZCode.exe","23548","RegOpenKey","HKLM\System\CurrentControlSet\Services\WinSock2\Parameters\Protocol_Catalog9\Catalog_Entries64\000000000006","SUCCESS","Desired Access: Read"
"15:21:00.4957186","ZCode.exe","23548","RegQueryValue","HKLM\System\CurrentControlSet\Services\WinSock2\Parameters\Protocol_Catalog9\Catalog_Entries64\000000000006\PackedCatalogItem","BUFFER OVERFLOW","Length: 144"
"15:21:00.4957288","ZCode.exe","23548","RegQueryValue","HKLM\System\CurrentControlSet\Services\WinSock2\Parameters\Protocol_Catalog9\Catalog_Entries64\000000000006\PackedCatalogItem","SUCCESS","Type: REG_BINARY, Length: 888, Data: 25 53 79 73 74 65 6D 52 6F 6F 74 25 5C 73 79 73"
"15:21:00.4957415","ZCode.exe","23548","RegCloseKey","HKLM\System\CurrentControlSet\Services\WinSock2\Parameters\Protocol_Catalog9\Catalog_Entries64\000000000006","SUCCESS",""
"15:21:00.4957569","ZCode.exe","23548","RegQueryKey","HKLM\System\CurrentControlSet\Services\WinSock2\Parameters\Protocol_Catalog9\Catalog_Entries64","SUCCESS","Query: HandleTags, HandleTags: 0x0"
"15:21:00.4957778","ZCode.exe","23548","RegOpenKey","HKLM\System\CurrentControlSet\Services\WinSock2\Parameters\Protocol_Catalog9\Catalog_Entries64\000000000007","SUCCESS","Desired Access: Read"
"15:21:00.4957956","ZCode.exe","23548","RegQueryValue","HKLM\System\CurrentControlSet\Services\WinSock2\Parameters\Protocol_Catalog9\Catalog_Entries64\000000000007\PackedCatalogItem","BUFFER OVERFLOW","Length: 144"
"15:21:00.4958066","ZCode.exe","23548","RegQueryValue","HKLM\System\CurrentControlSet\Services\WinSock2\Parameters\Protocol_Catalog9\Catalog_Entries64\000000000007\PackedCatalogItem","SUCCESS","Type: REG_BINARY, Length: 888, Data: 25 53 79 73 74 65 6D 52 6F 6F 74 25 5C 73 79 73"
"15:21:00.4958207","ZCode.exe","23548","RegCloseKey","HKLM\System\CurrentControlSet\Services\WinSock2\Parameters\Protocol_Catalog9\Catalog_Entries64\000000000007","SUCCESS",""
"15:21:00.4958458","ZCode.exe","23548","RegQueryKey","HKLM\System\CurrentControlSet\Services\WinSock2\Parameters\Protocol_Catalog9\Catalog_Entries64","SUCCESS","Query: HandleTags, HandleTags: 0x0"
"15:21:00.4958633","ZCode.exe","23548","RegOpenKey","HKLM\System\CurrentControlSet\Services\WinSock2\Parameters\Protocol_Catalog9\Catalog_Entries64\000000000008","SUCCESS","Desired Access: Read"
"15:21:00.4959276","ZCode.exe","23548","RegQueryValue","HKLM\System\CurrentControlSet\Services\WinSock2\Parameters\Protocol_Catalog9\Catalog_Entries64\000000000008\PackedCatalogItem","BUFFER OVERFLOW","Length: 144"
"15:21:00.4959500","ZCode.exe","23548","RegQueryValue","HKLM\System\CurrentControlSet\Services\WinSock2\Parameters\Protocol_Catalog9\Catalog_Entries64\000000000008\PackedCatalogItem","SUCCESS","Type: REG_BINARY, Length: 888, Data: 25 53 79 73 74 65 6D 52 6F 6F 74 25 5C 73 79 73"
"15:21:00.4959652","ZCode.exe","23548","RegCloseKey","HKLM\System\CurrentControlSet\Services\WinSock2\Parameters\Protocol_Catalog9\Catalog_Entries64\000000000008","SUCCESS",""
"15:21:00.4959828","ZCode.exe","23548","RegQueryKey","HKLM\System\CurrentControlSet\Services\WinSock2\Parameters\Protocol_Catalog9\Catalog_Entries64","SUCCESS","Query: HandleTags, HandleTags: 0x0"
"15:21:00.4960936","ZCode.exe","23548","RegOpenKey","HKLM\System\CurrentControlSet\Services\WinSock2\Parameters\Protocol_Catalog9\Catalog_Entries64\000000000009","SUCCESS","Desired Access: Read"
"15:21:00.4961223","ZCode.exe","23548","RegQueryValue","HKLM\System\CurrentControlSet\Services\WinSock2\Parameters\Protocol_Catalog9\Catalog_Entries64\000000000009\PackedCatalogItem","BUFFER OVERFLOW","Length: 144"
"15:21:00.4961360","ZCode.exe","23548","RegQueryValue","HKLM\System\CurrentControlSet\Services\WinSock2\Parameters\Protocol_Catalog9\Catalog_Entries64\000000000009\PackedCatalogItem","SUCCESS","Type: REG_BINARY, Length: 888, Data: 25 53 79 73 74 65 6D 52 6F 6F 74 25 5C 73 79 73"
"15:21:00.4961526","ZCode.exe","23548","RegCloseKey","HKLM\System\CurrentControlSet\Services\WinSock2\Parameters\Protocol_Catalog9\Catalog_Entries64\000000000009","SUCCESS",""
"15:21:00.4961697","ZCode.exe","23548","RegQueryKey","HKLM\System\CurrentControlSet\Services\WinSock2\Parameters\Protocol_Catalog9\Catalog_Entries64","SUCCESS","Query: HandleTags, HandleTags: 0x0"
"15:21:00.4961830","ZCode.exe","23548","RegOpenKey","HKLM\System\CurrentControlSet\Services\WinSock2\Parameters\Protocol_Catalog9\Catalog_Entries64\000000000010","SUCCESS","Desired Access: Read"
"15:21:00.4962032","ZCode.exe","23548","RegQueryValue","HKLM\System\CurrentControlSet\Services\WinSock2\Parameters\Protocol_Catalog9\Catalog_Entries64\000000000010\PackedCatalogItem","BUFFER OVERFLOW","Length: 144"
"15:21:00.4962408","ZCode.exe","23548","RegQueryValue","HKLM\System\CurrentControlSet\Services\WinSock2\Parameters\Protocol_Catalog9\Catalog_Entries64\000000000010\PackedCatalogItem","SUCCESS","Type: REG_BINARY, Length: 888, Data: 25 53 79 73 74 65 6D 52 6F 6F 74 25 5C 73 79 73"
"15:21:00.4962672","ZCode.exe","23548","RegCloseKey","HKLM\System\CurrentControlSet\Services\WinSock2\Parameters\Protocol_Catalog9\Catalog_Entries64\000000000010","SUCCESS",""
"15:21:00.4962850","ZCode.exe","23548","RegQueryKey","HKLM\System\CurrentControlSet\Services\WinSock2\Parameters\Protocol_Catalog9\Catalog_Entries64","SUCCESS","Query: HandleTags, HandleTags: 0x0"
"15:21:00.4964420","ZCode.exe","23548","RegOpenKey","HKLM\System\CurrentControlSet\Services\WinSock2\Parameters\Protocol_Catalog9\Catalog_Entries64\000000000011","SUCCESS","Desired Access: Read"
"15:21:00.4964639","ZCode.exe","23548","RegQueryValue","HKLM\System\CurrentControlSet\Services\WinSock2\Parameters\Protocol_Catalog9\Catalog_Entries64\000000000011\PackedCatalogItem","BUFFER OVERFLOW","Length: 144"
"15:21:00.4964748","ZCode.exe","23548","RegQueryValue","HKLM\System\CurrentControlSet\Services\WinSock2\Parameters\Protocol_Catalog9\Catalog_Entries64\000000000011\PackedCatalogItem","SUCCESS","Type: REG_BINARY, Length: 888, Data: 25 53 79 73 74 65 6D 52 6F 6F 74 25 5C 73 79 73"
"15:21:00.4964973","ZCode.exe","23548","RegCloseKey","HKLM\System\CurrentControlSet\Services\WinSock2\Parameters\Protocol_Catalog9\Catalog_Entries64\000000000011","SUCCESS",""
"15:21:00.4965187","ZCode.exe","23548","RegQueryKey","HKLM\System\CurrentControlSet\Services\WinSock2\Parameters\Protocol_Catalog9\Catalog_Entries64","SUCCESS","Query: HandleTags, HandleTags: 0x0"
"15:21:00.4965661","ZCode.exe","23548","RegOpenKey","HKLM\System\CurrentControlSet\Services\WinSock2\Parameters\Protocol_Catalog9\Catalog_Entries64\000000000012","SUCCESS","Desired Access: Read"
"15:21:00.4965859","ZCode.exe","23548","RegQueryValue","HKLM\System\CurrentControlSet\Services\WinSock2\Parameters\Protocol_Catalog9\Catalog_Entries64\000000000012\PackedCatalogItem","BUFFER OVERFLOW","Length: 144"
"15:21:00.4966029","ZCode.exe","23548","RegQueryValue","HKLM\System\CurrentControlSet\Services\WinSock2\Parameters\Protocol_Catalog9\Catalog_Entries64\000000000012\PackedCatalogItem","SUCCESS","Type: REG_BINARY, Length: 888, Data: 25 53 79 73 74 65 6D 52 6F 6F 74 25 5C 73 79 73"
"15:21:00.4966163","ZCode.exe","23548","RegCloseKey","HKLM\System\CurrentControlSet\Services\WinSock2\Parameters\Protocol_Catalog9\Catalog_Entries64\000000000012","SUCCESS",""
"15:21:00.4966316","ZCode.exe","23548","RegQueryKey","HKLM\System\CurrentControlSet\Services\WinSock2\Parameters\Protocol_Catalog9\Catalog_Entries64","SUCCESS","Query: HandleTags, HandleTags: 0x0"
"15:21:00.4966429","ZCode.exe","23548","RegOpenKey","HKLM\System\CurrentControlSet\Services\WinSock2\Parameters\Protocol_Catalog9\Catalog_Entries64\000000000013","SUCCESS","Desired Access: Read"
"15:21:00.4966593","ZCode.exe","23548","RegQueryValue","HKLM\System\CurrentControlSet\Services\WinSock2\Parameters\Protocol_Catalog9\Catalog_Entries64\000000000013\PackedCatalogItem","BUFFER OVERFLOW","Length: 144"
"15:21:00.4966696","ZCode.exe","23548","RegQueryValue","HKLM\System\CurrentControlSet\Services\WinSock2\Parameters\Protocol_Catalog9\Catalog_Entries64\000000000013\PackedCatalogItem","SUCCESS","Type: REG_BINARY, Length: 888, Data: 25 53 79 73 74 65 6D 52 6F 6F 74 25 5C 73 79 73"
"15:21:00.4966842","ZCode.exe","23548","RegCloseKey","HKLM\System\CurrentControlSet\Services\WinSock2\Parameters\Protocol_Catalog9\Catalog_Entries64\000000000013","SUCCESS",""
"15:21:00.4967648","ZCode.exe","23548","RegQueryKey","HKLM\System\CurrentControlSet\Services\WinSock2\Parameters\Protocol_Catalog9\Catalog_Entries64","SUCCESS","Query: HandleTags, HandleTags: 0x0"
"15:21:00.4967819","ZCode.exe","23548","RegOpenKey","HKLM\System\CurrentControlSet\Services\WinSock2\Parameters\Protocol_Catalog9\Catalog_Entries64\000000000014","SUCCESS","Desired Access: Read"
"15:21:00.4968013","ZCode.exe","23548","RegQueryValue","HKLM\System\CurrentControlSet\Services\WinSock2\Parameters\Protocol_Catalog9\Catalog_Entries64\000000000014\PackedCatalogItem","BUFFER OVERFLOW","Length: 144"
"15:21:00.4968116","ZCode.exe","23548","RegQueryValue","HKLM\System\CurrentControlSet\Services\WinSock2\Parameters\Protocol_Catalog9\Catalog_Entries64\000000000014\PackedCatalogItem","SUCCESS","Type: REG_BINARY, Length: 888, Data: 25 53 79 73 74 65 6D 52 6F 6F 74 25 5C 73 79 73"
"15:21:00.4968253","ZCode.exe","23548","RegCloseKey","HKLM\System\CurrentControlSet\Services\WinSock2\Parameters\Protocol_Catalog9\Catalog_Entries64\000000000014","SUCCESS",""
"15:21:00.4968869","ZCode.exe","23548","RegCloseKey","HKLM\System\CurrentControlSet\Services\WinSock2\Parameters\Protocol_Catalog9\Catalog_Entries64","SUCCESS",""
"15:21:00.4969197","ZCode.exe","23548","RegQueryKey","HKLM\System\CurrentControlSet\Services\WinSock2\Parameters","SUCCESS","Query: HandleTags, HandleTags: 0x0"
"15:21:00.4973129","ZCode.exe","23548","RegOpenKey","HKLM\System\CurrentControlSet\Services\WinSock2\Parameters\NameSpace_Catalog5","SUCCESS","Desired Access: Maximum Allowed, Granted Access: Read"
"15:21:00.4973329","ZCode.exe","23548","RegQueryValue","HKLM\System\CurrentControlSet\Services\WinSock2\Parameters\NameSpace_Catalog5\Serial_Access_Num","SUCCESS","Type: REG_DWORD, Length: 4, Data: 18"
"15:21:00.4974152","ZCode.exe","23548","RegQueryValue","HKLM\System\CurrentControlSet\Services\WinSock2\Parameters\NameSpace_Catalog5\Serial_Access_Num","SUCCESS","Type: REG_DWORD, Length: 4, Data: 18"
"15:21:00.4974306","ZCode.exe","23548","RegQueryKey","HKLM\System\CurrentControlSet\Services\WinSock2\Parameters\NameSpace_Catalog5","SUCCESS","Query: HandleTags, HandleTags: 0x0"
"15:21:00.4974429","ZCode.exe","23548","RegOpenKey","HKLM\System\CurrentControlSet\Services\WinSock2\Parameters\NameSpace_Catalog5\00000012","NAME NOT FOUND","Desired Access: Read"
"15:21:00.4974562","ZCode.exe","23548","RegQueryValue","HKLM\System\CurrentControlSet\Services\WinSock2\Parameters\NameSpace_Catalog5\Num_Catalog_Entries64","SUCCESS","Type: REG_DWORD, Length: 4, Data: 5"
"15:21:00.4974866","ZCode.exe","23548","RegQueryKey","HKLM\System\CurrentControlSet\Services\WinSock2\Parameters\NameSpace_Catalog5","SUCCESS","Query: HandleTags, HandleTags: 0x0"
"15:21:00.4975021","ZCode.exe","23548","RegOpenKey","HKLM\System\CurrentControlSet\Services\WinSock2\Parameters\NameSpace_Catalog5\Catalog_Entries64","SUCCESS","Desired Access: Maximum Allowed, Granted Access: Read"
"15:21:00.4975217","ZCode.exe","23548","RegQueryKey","HKLM\System\CurrentControlSet\Services\WinSock2\Parameters\NameSpace_Catalog5\Catalog_Entries64","SUCCESS","Query: HandleTags, HandleTags: 0x0"
"15:21:00.4975795","ZCode.exe","23548","RegOpenKey","HKLM\System\CurrentControlSet\Services\WinSock2\Parameters\NameSpace_Catalog5\Catalog_Entries64\000000000001","SUCCESS","Desired Access: Read"
"15:21:00.4976141","ZCode.exe","23548","RegQueryValue","HKLM\System\CurrentControlSet\Services\WinSock2\Parameters\NameSpace_Catalog5\Catalog_Entries64\000000000001\LibraryPath","SUCCESS","Type: REG_SZ, Length: 68, Data: %SystemRoot%\system32\napinsp.dll"
"15:21:00.4976267","ZCode.exe","23548","RegQueryValue","HKLM\System\CurrentControlSet\Services\WinSock2\Parameters\NameSpace_Catalog5\Catalog_Entries64\000000000001\LibraryPath","SUCCESS","Type: REG_SZ, Length: 68, Data: %SystemRoot%\system32\napinsp.dll"
"15:21:00.4976387","ZCode.exe","23548","RegQueryValue","HKLM\System\CurrentControlSet\Services\WinSock2\Parameters\NameSpace_Catalog5\Catalog_Entries64\000000000001\DisplayString","BUFFER OVERFLOW","Length: 12"
"15:21:00.4976502","ZCode.exe","23548","RegQueryValue","HKLM\System\CurrentControlSet\Services\WinSock2\Parameters\NameSpace_Catalog5\Catalog_Entries64\000000000001\DisplayString","SUCCESS","Type: REG_SZ, Length: 82, Data: @%SystemRoot%\system32\napinsp.dll,-1000"
"15:21:00.4976610","ZCode.exe","23548","RegQueryValue","HKLM\System\CurrentControlSet\Services\WinSock2\Parameters\NameSpace_Catalog5\Catalog_Entries64\000000000001\DisplayString","SUCCESS","Type: REG_SZ, Length: 82, Data: @%SystemRoot%\system32\napinsp.dll,-1000"
"15:21:00.4976745","ZCode.exe","23548","RegQueryValue","HKLM\System\CurrentControlSet\Services\WinSock2\Parameters\NameSpace_Catalog5\Catalog_Entries64\000000000001\DisplayString","SUCCESS","Type: REG_SZ, Length: 82, Data: @%SystemRoot%\system32\napinsp.dll,-1000"
"15:21:00.4976851","ZCode.exe","23548","RegQueryValue","HKLM\System\CurrentControlSet\Services\WinSock2\Parameters\NameSpace_Catalog5\Catalog_Entries64\000000000001\ProviderId","SUCCESS","Type: REG_BINARY, Length: 16, Data: A2 CB 4A 96 BC B2 EB 40 8C 6A A6 DB 40 16 1C AE"
"15:21:00.4976952","ZCode.exe","23548","RegQueryValue","HKLM\System\CurrentControlSet\Services\WinSock2\Parameters\NameSpace_Catalog5\Catalog_Entries64\000000000001\AddressFamily","NAME NOT FOUND","Length: 16"
"15:21:00.4977050","ZCode.exe","23548","RegQueryValue","HKLM\System\CurrentControlSet\Services\WinSock2\Parameters\NameSpace_Catalog5\Catalog_Entries64\000000000001\SupportedNameSpace","SUCCESS","Type: REG_DWORD, Length: 4, Data: 37"
"15:21:00.4977159","ZCode.exe","23548","RegQueryValue","HKLM\System\CurrentControlSet\Services\WinSock2\Parameters\NameSpace_Catalog5\Catalog_Entries64\000000000001\Enabled","SUCCESS","Type: REG_DWORD, Length: 4, Data: 1"
"15:21:00.4977262","ZCode.exe","23548","RegQueryValue","HKLM\System\CurrentControlSet\Services\WinSock2\Parameters\NameSpace_Catalog5\Catalog_Entries64\000000000001\Version","SUCCESS","Type: REG_DWORD, Length: 4, Data: 0"
"15:21:00.4977365","ZCode.exe","23548","RegQueryValue","HKLM\System\CurrentControlSet\Services\WinSock2\Parameters\NameSpace_Catalog5\Catalog_Entries64\000000000001\StoresServiceClassInfo","SUCCESS","Type: REG_DWORD, Length: 4, Data: 0"
"15:21:00.4977629","ZCode.exe","23548","RegQueryValue","HKLM\System\CurrentControlSet\Services\WinSock2\Parameters\NameSpace_Catalog5\Catalog_Entries64\000000000001\ProviderInfo","SUCCESS","Type: REG_BINARY, Length: 0"
"15:21:00.4977877","ZCode.exe","23548","RegQueryValue","HKLM\System\CurrentControlSet\Services\WinSock2\Parameters\NameSpace_Catalog5\Catalog_Entries64\000000000001\ProviderInfo","SUCCESS","Type: REG_BINARY, Length: 0"
"15:21:00.4978032","ZCode.exe","23548","RegCloseKey","HKLM\System\CurrentControlSet\Services\WinSock2\Parameters\NameSpace_Catalog5\Catalog_Entries64\000000000001","SUCCESS",""
"15:21:00.4978180","ZCode.exe","23548","RegQueryKey","HKLM\System\CurrentControlSet\Services\WinSock2\Parameters\NameSpace_Catalog5\Catalog_Entries64","SUCCESS","Query: HandleTags, HandleTags: 0x0"
"15:21:00.4978321","ZCode.exe","23548","RegOpenKey","HKLM\System\CurrentControlSet\Services\WinSock2\Parameters\NameSpace_Catalog5\Catalog_Entries64\000000000002","SUCCESS","Desired Access: Read"
"15:21:00.4978546","ZCode.exe","23548","RegQueryValue","HKLM\System\CurrentControlSet\Services\WinSock2\Parameters\NameSpace_Catalog5\Catalog_Entries64\000000000002\LibraryPath","SUCCESS","Type: REG_SZ, Length: 68, Data: %SystemRoot%\System32\mswsock.dll"
"15:21:00.4979083","ZCode.exe","23548","RegQueryValue","HKLM\System\CurrentControlSet\Services\WinSock2\Parameters\NameSpace_Catalog5\Catalog_Entries64\000000000002\LibraryPath","SUCCESS","Type: REG_SZ, Length: 68, Data: %SystemRoot%\System32\mswsock.dll"
"15:21:00.4979583","ZCode.exe","23548","RegQueryValue","HKLM\System\CurrentControlSet\Services\WinSock2\Parameters\NameSpace_Catalog5\Catalog_Entries64\000000000002\DisplayString","BUFFER OVERFLOW","Length: 12"
"15:21:00.4979818","ZCode.exe","23548","RegQueryValue","HKLM\System\CurrentControlSet\Services\WinSock2\Parameters\NameSpace_Catalog5\Catalog_Entries64\000000000002\DisplayString","SUCCESS","Type: REG_SZ, Length: 86, Data: @%SystemRoot%\system32\wshtcpip.dll,-60103"
"15:21:00.4980200","ZCode.exe","23548","RegQueryValue","HKLM\System\CurrentControlSet\Services\WinSock2\Parameters\NameSpace_Catalog5\Catalog_Entries64\000000000002\DisplayString","SUCCESS","Type: REG_SZ, Length: 86, Data: @%SystemRoot%\system32\wshtcpip.dll,-60103"
"15:21:00.4980358","ZCode.exe","23548","RegQueryValue","HKLM\System\CurrentControlSet\Services\WinSock2\Parameters\NameSpace_Catalog5\Catalog_Entries64\000000000002\DisplayString","SUCCESS","Type: REG_SZ, Length: 86, Data: @%SystemRoot%\system32\wshtcpip.dll,-60103"
"15:21:00.4981396","ZCode.exe","23548","RegQueryValue","HKLM\System\CurrentControlSet\Services\WinSock2\Parameters\NameSpace_Catalog5\Catalog_Entries64\000000000002\ProviderId","SUCCESS","Type: REG_BINARY, Length: 16, Data: 40 9D 05 22 9E 7E CF 11 AE 5A 00 AA 00 A7 11 2B"
"15:21:00.4981655","ZCode.exe","23548","RegQueryValue","HKLM\System\CurrentControlSet\Services\WinSock2\Parameters\NameSpace_Catalog5\Catalog_Entries64\000000000002\AddressFamily","NAME NOT FOUND","Length: 16"
"15:21:00.4981789","ZCode.exe","23548","RegQueryValue","HKLM\System\CurrentControlSet\Services\WinSock2\Parameters\NameSpace_Catalog5\Catalog_Entries64\000000000002\SupportedNameSpace","SUCCESS","Type: REG_DWORD, Length: 4, Data: 12"
"15:21:00.4981892","ZCode.exe","23548","RegQueryValue","HKLM\System\CurrentControlSet\Services\WinSock2\Parameters\NameSpace_Catalog5\Catalog_Entries64\000000000002\Enabled","SUCCESS","Type: REG_DWORD, Length: 4, Data: 1"
"15:21:00.4981994","ZCode.exe","23548","RegQueryValue","HKLM\System\CurrentControlSet\Services\WinSock2\Parameters\NameSpace_Catalog5\Catalog_Entries64\000000000002\Version","SUCCESS","Type: REG_DWORD, Length: 4, Data: 0"
"15:21:00.4982088","ZCode.exe","23548","RegQueryValue","HKLM\System\CurrentControlSet\Services\WinSock2\Parameters\NameSpace_Catalog5\Catalog_Entries64\000000000002\StoresServiceClassInfo","SUCCESS","Type: REG_DWORD, Length: 4, Data: 0"
"15:21:00.4982187","ZCode.exe","23548","RegQueryValue","HKLM\System\CurrentControlSet\Services\WinSock2\Parameters\NameSpace_Catalog5\Catalog_Entries64\000000000002\ProviderInfo","SUCCESS","Type: REG_BINARY, Length: 0"
"15:21:00.4982286","ZCode.exe","23548","RegQueryValue","HKLM\System\CurrentControlSet\Services\WinSock2\Parameters\NameSpace_Catalog5\Catalog_Entries64\000000000002\ProviderInfo","SUCCESS","Type: REG_BINARY, Length: 0"
"15:21:00.4982402","ZCode.exe","23548","RegCloseKey","HKLM\System\CurrentControlSet\Services\WinSock2\Parameters\NameSpace_Catalog5\Catalog_Entries64\000000000002","SUCCESS",""
"15:21:00.4982569","ZCode.exe","23548","RegQueryKey","HKLM\System\CurrentControlSet\Services\WinSock2\Parameters\NameSpace_Catalog5\Catalog_Entries64","SUCCESS","Query: HandleTags, HandleTags: 0x0"
"15:21:00.4982695","ZCode.exe","23548","RegOpenKey","HKLM\System\CurrentControlSet\Services\WinSock2\Parameters\NameSpace_Catalog5\Catalog_Entries64\000000000003","SUCCESS","Desired Access: Read"
"15:21:00.4983212","ZCode.exe","23548","RegQueryValue","HKLM\System\CurrentControlSet\Services\WinSock2\Parameters\NameSpace_Catalog5\Catalog_Entries64\000000000003\LibraryPath","SUCCESS","Type: REG_SZ, Length: 66, Data: %SystemRoot%\System32\winrnr.dll"
"15:21:00.4983372","ZCode.exe","23548","RegQueryValue","HKLM\System\CurrentControlSet\Services\WinSock2\Parameters\NameSpace_Catalog5\Catalog_Entries64\000000000003\LibraryPath","SUCCESS","Type: REG_SZ, Length: 66, Data: %SystemRoot%\System32\winrnr.dll"
"15:21:00.4983813","ZCode.exe","23548","RegQueryValue","HKLM\System\CurrentControlSet\Services\WinSock2\Parameters\NameSpace_Catalog5\Catalog_Entries64\000000000003\DisplayString","BUFFER OVERFLOW","Length: 12"
"15:21:00.4984645","ZCode.exe","23548","RegQueryValue","HKLM\System\CurrentControlSet\Services\WinSock2\Parameters\NameSpace_Catalog5\Catalog_Entries64\000000000003\DisplayString","SUCCESS","Type: REG_SZ, Length: 80, Data: @%SystemRoot%\System32\winrnr.dll,-1000"
"15:21:00.4984867","ZCode.exe","23548","RegQueryValue","HKLM\System\CurrentControlSet\Services\WinSock2\Parameters\NameSpace_Catalog5\Catalog_Entries64\000000000003\DisplayString","SUCCESS","Type: REG_SZ, Length: 80, Data: @%SystemRoot%\System32\winrnr.dll,-1000"
"15:21:00.4985124","ZCode.exe","23548","RegQueryValue","HKLM\System\CurrentControlSet\Services\WinSock2\Parameters\NameSpace_Catalog5\Catalog_Entries64\000000000003\DisplayString","SUCCESS","Type: REG_SZ, Length: 80, Data: @%SystemRoot%\System32\winrnr.dll,-1000"
"15:21:00.4985257","ZCode.exe","23548","RegQueryValue","HKLM\System\CurrentControlSet\Services\WinSock2\Parameters\NameSpace_Catalog5\Catalog_Entries64\000000000003\ProviderId","SUCCESS","Type: REG_BINARY, Length: 16, Data: EE 37 26 3B 80 E5 CF 11 A5 55 00 C0 4F D8 D4 AC"
"15:21:00.4985385","ZCode.exe","23548","RegQueryValue","HKLM\System\CurrentControlSet\Services\WinSock2\Parameters\NameSpace_Catalog5\Catalog_Entries64\000000000003\AddressFamily","NAME NOT FOUND","Length: 16"
"15:21:00.4986314","ZCode.exe","23548","RegQueryValue","HKLM\System\CurrentControlSet\Services\WinSock2\Parameters\NameSpace_Catalog5\Catalog_Entries64\000000000003\SupportedNameSpace","SUCCESS","Type: REG_DWORD, Length: 4, Data: 32"
"15:21:00.4986545","ZCode.exe","23548","RegQueryValue","HKLM\System\CurrentControlSet\Services\WinSock2\Parameters\NameSpace_Catalog5\Catalog_Entries64\000000000003\Enabled","SUCCESS","Type: REG_DWORD, Length: 4, Data: 1"
"15:21:00.4988799","ZCode.exe","23548","RegQueryValue","HKLM\System\CurrentControlSet\Services\WinSock2\Parameters\NameSpace_Catalog5\Catalog_Entries64\000000000003\Version","SUCCESS","Type: REG_DWORD, Length: 4, Data: 0"
"15:21:00.4988920","ZCode.exe","23548","RegQueryValue","HKLM\System\CurrentControlSet\Services\WinSock2\Parameters\NameSpace_Catalog5\Catalog_Entries64\000000000003\StoresServiceClassInfo","SUCCESS","Type: REG_DWORD, Length: 4, Data: 0"
"15:21:00.4989026","ZCode.exe","23548","RegQueryValue","HKLM\System\CurrentControlSet\Services\WinSock2\Parameters\NameSpace_Catalog5\Catalog_Entries64\000000000003\ProviderInfo","SUCCESS","Type: REG_BINARY, Length: 0"
"15:21:00.4989135","ZCode.exe","23548","RegQueryValue","HKLM\System\CurrentControlSet\Services\WinSock2\Parameters\NameSpace_Catalog5\Catalog_Entries64\000000000003\ProviderInfo","SUCCESS","Type: REG_BINARY, Length: 0"
"15:21:00.4990209","ZCode.exe","23548","RegCloseKey","HKLM\System\CurrentControlSet\Services\WinSock2\Parameters\NameSpace_Catalog5\Catalog_Entries64\000000000003","SUCCESS",""
"15:21:00.4990427","ZCode.exe","23548","RegQueryKey","HKLM\System\CurrentControlSet\Services\WinSock2\Parameters\NameSpace_Catalog5\Catalog_Entries64","SUCCESS","Query: HandleTags, HandleTags: 0x0"
"15:21:00.4990561","ZCode.exe","23548","RegOpenKey","HKLM\System\CurrentControlSet\Services\WinSock2\Parameters\NameSpace_Catalog5\Catalog_Entries64\000000000004","SUCCESS","Desired Access: Read"
"15:21:00.4990761","ZCode.exe","23548","RegQueryValue","HKLM\System\CurrentControlSet\Services\WinSock2\Parameters\NameSpace_Catalog5\Catalog_Entries64\000000000004\LibraryPath","SUCCESS","Type: REG_SZ, Length: 70, Data: %SystemRoot%\system32\nlansp_c.dll"
"15:21:00.4990914","ZCode.exe","23548","RegQueryValue","HKLM\System\CurrentControlSet\Services\WinSock2\Parameters\NameSpace_Catalog5\Catalog_Entries64\000000000004\LibraryPath","SUCCESS","Type: REG_SZ, Length: 70, Data: %SystemRoot%\system32\nlansp_c.dll"
"15:21:00.4991437","ZCode.exe","23548","RegQueryValue","HKLM\System\CurrentControlSet\Services\WinSock2\Parameters\NameSpace_Catalog5\Catalog_Entries64\000000000004\DisplayString","BUFFER OVERFLOW","Length: 12"
"15:21:00.4991643","ZCode.exe","23548","RegQueryValue","HKLM\System\CurrentControlSet\Services\WinSock2\Parameters\NameSpace_Catalog5\Catalog_Entries64\000000000004\DisplayString","SUCCESS","Type: REG_SZ, Length: 80, Data: @%SystemRoot%\system32\nlasvc.dll,-1000"
"15:21:00.4991777","ZCode.exe","23548","RegQueryValue","HKLM\System\CurrentControlSet\Services\WinSock2\Parameters\NameSpace_Catalog5\Catalog_Entries64\000000000004\DisplayString","SUCCESS","Type: REG_SZ, Length: 80, Data: @%SystemRoot%\system32\nlasvc.dll,-1000"
"15:21:00.4991883","ZCode.exe","23548","RegQueryValue","HKLM\System\CurrentControlSet\Services\WinSock2\Parameters\NameSpace_Catalog5\Catalog_Entries64\000000000004\DisplayString","SUCCESS","Type: REG_SZ, Length: 80, Data: @%SystemRoot%\system32\nlasvc.dll,-1000"
"15:21:00.4991999","ZCode.exe","23548","RegQueryValue","HKLM\System\CurrentControlSet\Services\WinSock2\Parameters\NameSpace_Catalog5\Catalog_Entries64\000000000004\ProviderId","SUCCESS","Type: REG_BINARY, Length: 16, Data: 3A 24 42 66 A8 3B A6 4A BA A5 2E 0B D7 1F DD 83"
"15:21:00.4992127","ZCode.exe","23548","RegQueryValue","HKLM\System\CurrentControlSet\Services\WinSock2\Parameters\NameSpace_Catalog5\Catalog_Entries64\000000000004\AddressFamily","NAME NOT FOUND","Length: 16"
"15:21:00.4992236","ZCode.exe","23548","RegQueryValue","HKLM\System\CurrentControlSet\Services\WinSock2\Parameters\NameSpace_Catalog5\Catalog_Entries64\000000000004\SupportedNameSpace","SUCCESS","Type: REG_DWORD, Length: 4, Data: 15"
"15:21:00.4992349","ZCode.exe","23548","RegQueryValue","HKLM\System\CurrentControlSet\Services\WinSock2\Parameters\NameSpace_Catalog5\Catalog_Entries64\000000000004\Enabled","SUCCESS","Type: REG_DWORD, Length: 4, Data: 1"
"15:21:00.4992464","ZCode.exe","23548","RegQueryValue","HKLM\System\CurrentControlSet\Services\WinSock2\Parameters\NameSpace_Catalog5\Catalog_Entries64\000000000004\Version","SUCCESS","Type: REG_DWORD, Length: 4, Data: 0"
"15:21:00.4993360","ZCode.exe","23548","RegQueryValue","HKLM\System\CurrentControlSet\Services\WinSock2\Parameters\NameSpace_Catalog5\Catalog_Entries64\000000000004\StoresServiceClassInfo","SUCCESS","Type: REG_DWORD, Length: 4, Data: 0"
"15:21:00.4993691","ZCode.exe","23548","RegQueryValue","HKLM\System\CurrentControlSet\Services\WinSock2\Parameters\NameSpace_Catalog5\Catalog_Entries64\000000000004\ProviderInfo","SUCCESS","Type: REG_BINARY, Length: 0"
"15:21:00.4994216","ZCode.exe","23548","RegQueryValue","HKLM\System\CurrentControlSet\Services\WinSock2\Parameters\NameSpace_Catalog5\Catalog_Entries64\000000000004\ProviderInfo","SUCCESS","Type: REG_BINARY, Length: 0"
"15:21:00.4994370","ZCode.exe","23548","RegCloseKey","HKLM\System\CurrentControlSet\Services\WinSock2\Parameters\NameSpace_Catalog5\Catalog_Entries64\000000000004","SUCCESS",""
"15:21:00.4994602","ZCode.exe","23548","RegQueryKey","HKLM\System\CurrentControlSet\Services\WinSock2\Parameters\NameSpace_Catalog5\Catalog_Entries64","SUCCESS","Query: HandleTags, HandleTags: 0x0"
"15:21:00.4994733","ZCode.exe","23548","RegOpenKey","HKLM\System\CurrentControlSet\Services\WinSock2\Parameters\NameSpace_Catalog5\Catalog_Entries64\000000000005","SUCCESS","Desired Access: Read"
"15:21:00.4995687","ZCode.exe","23548","RegQueryValue","HKLM\System\CurrentControlSet\Services\WinSock2\Parameters\NameSpace_Catalog5\Catalog_Entries64\000000000005\LibraryPath","SUCCESS","Type: REG_SZ, Length: 66, Data: %SystemRoot%\system32\wshbth.dll"
"15:21:00.4996125","ZCode.exe","23548","RegQueryValue","HKLM\System\CurrentControlSet\Services\WinSock2\Parameters\NameSpace_Catalog5\Catalog_Entries64\000000000005\LibraryPath","SUCCESS","Type: REG_SZ, Length: 66, Data: %SystemRoot%\system32\wshbth.dll"
"15:21:00.4996272","ZCode.exe","23548","RegQueryValue","HKLM\System\CurrentControlSet\Services\WinSock2\Parameters\NameSpace_Catalog5\Catalog_Entries64\000000000005\DisplayString","BUFFER OVERFLOW","Length: 12"
"15:21:00.4996406","ZCode.exe","23548","RegQueryValue","HKLM\System\CurrentControlSet\Services\WinSock2\Parameters\NameSpace_Catalog5\Catalog_Entries64\000000000005\DisplayString","SUCCESS","Type: REG_SZ, Length: 40, Data: Bluetooth Namespace"
"15:21:00.4999321","ZCode.exe","23548","RegQueryValue","HKLM\System\CurrentControlSet\Services\WinSock2\Parameters\NameSpace_Catalog5\Catalog_Entries64\000000000005\DisplayString","SUCCESS","Type: REG_SZ, Length: 40, Data: Bluetooth Namespace"
"15:21:00.4999461","ZCode.exe","23548","RegQueryValue","HKLM\System\CurrentControlSet\Services\WinSock2\Parameters\NameSpace_Catalog5\Catalog_Entries64\000000000005\DisplayString","SUCCESS","Type: REG_SZ, Length: 40, Data: Bluetooth Namespace"
"15:21:00.4999577","ZCode.exe","23548","RegQueryValue","HKLM\System\CurrentControlSet\Services\WinSock2\Parameters\NameSpace_Catalog5\Catalog_Entries64\000000000005\ProviderId","SUCCESS","Type: REG_BINARY, Length: 16, Data: E0 63 AA 06 60 7D FF 41 AF B2 3E E6 D2 D9 39 2D"
"15:21:00.4999687","ZCode.exe","23548","RegQueryValue","HKLM\System\CurrentControlSet\Services\WinSock2\Parameters\NameSpace_Catalog5\Catalog_Entries64\000000000005\AddressFamily","NAME NOT FOUND","Length: 16"
"15:21:00.4999790","ZCode.exe","23548","RegQueryValue","HKLM\System\CurrentControlSet\Services\WinSock2\Parameters\NameSpace_Catalog5\Catalog_Entries64\000000000005\SupportedNameSpace","SUCCESS","Type: REG_DWORD, Length: 4, Data: 16"
"15:21:00.4999903","ZCode.exe","23548","RegQueryValue","HKLM\System\CurrentControlSet\Services\WinSock2\Parameters\NameSpace_Catalog5\Catalog_Entries64\000000000005\Enabled","SUCCESS","Type: REG_DWORD, Length: 4, Data: 1"
"15:21:00.5000562","ZCode.exe","23548","RegQueryValue","HKLM\System\CurrentControlSet\Services\WinSock2\Parameters\NameSpace_Catalog5\Catalog_Entries64\000000000005\Version","SUCCESS","Type: REG_DWORD, Length: 4, Data: 0"
"15:21:00.5001438","ZCode.exe","23548","RegQueryValue","HKLM\System\CurrentControlSet\Services\WinSock2\Parameters\NameSpace_Catalog5\Catalog_Entries64\000000000005\StoresServiceClassInfo","SUCCESS","Type: REG_DWORD, Length: 4, Data: 0"
"15:21:00.5001622","ZCode.exe","23548","RegQueryValue","HKLM\System\CurrentControlSet\Services\WinSock2\Parameters\NameSpace_Catalog5\Catalog_Entries64\000000000005\ProviderInfo","SUCCESS","Type: REG_BINARY, Length: 0"
"15:21:00.5001747","ZCode.exe","23548","RegQueryValue","HKLM\System\CurrentControlSet\Services\WinSock2\Parameters\NameSpace_Catalog5\Catalog_Entries64\000000000005\ProviderInfo","SUCCESS","Type: REG_BINARY, Length: 0"
"15:21:00.5003081","ZCode.exe","23548","RegCloseKey","HKLM\System\CurrentControlSet\Services\WinSock2\Parameters\NameSpace_Catalog5\Catalog_Entries64\000000000005","SUCCESS",""
"15:21:00.5003860","ZCode.exe","23548","RegCloseKey","HKLM\System\CurrentControlSet\Services\WinSock2\Parameters\NameSpace_Catalog5\Catalog_Entries64","SUCCESS",""
"15:21:00.5004259","ZCode.exe","23548","RegCloseKey","HKLM\System\CurrentControlSet\Services\WinSock2\Parameters","SUCCESS",""
"15:21:00.5004538","ZCode.exe","23548","RegQueryKey","HKLM","SUCCESS","Query: HandleTags, HandleTags: 0x0"
"15:21:00.5004660","ZCode.exe","23548","RegOpenKey","HKLM\System\CurrentControlSet\Services\Winsock2\Parameters","REPARSE","Desired Access: Query Value"
"15:21:00.5004859","ZCode.exe","23548","RegOpenKey","HKLM\System\CurrentControlSet\Services\Winsock2\Parameters","SUCCESS","Desired Access: Query Value"
"15:21:00.5005068","ZCode.exe","23548","RegQueryValue","HKLM\System\CurrentControlSet\Services\WinSock2\Parameters\Ws2_32NumHandleBuckets","NAME NOT FOUND","Length: 16"
"15:21:00.5005188","ZCode.exe","23548","RegQueryValue","HKLM\System\CurrentControlSet\Services\WinSock2\Parameters\Ws2_32SpinCount","NAME NOT FOUND","Length: 16"
"15:21:00.5005342","ZCode.exe","23548","RegCloseKey","HKLM\System\CurrentControlSet\Services\WinSock2\Parameters","SUCCESS",""
"15:21:00.5009326","ZCode.exe","23548","CreateFile","C:\Windows\System32\mswsock.dll","SUCCESS","Desired Access: Read Attributes, Disposition: Open, Options: Open Reparse Point, Attributes: n/a, ShareMode: Read, Write, Delete, AllocationSize: n/a, OpenResult: Opened"
"15:21:00.5011399","ZCode.exe","23548","QueryBasicInformationFile","C:\Windows\System32\mswsock.dll","SUCCESS","CreationTime: 24-06-2026 11:34:33, LastAccessTime: 26-06-2026 15:19:16, LastWriteTime: 24-06-2026 11:34:33, ChangeTime: 24-06-2026 16:31:20, FileAttributes: A"
"15:21:00.5011569","ZCode.exe","23548","CloseFile","C:\Windows\System32\mswsock.dll","SUCCESS",""
"15:21:00.5013776","ZCode.exe","23548","CreateFile","C:\Windows\System32\mswsock.dll","SUCCESS","Desired Access: Read Data/List Directory, Execute/Traverse, Synchronize, Disposition: Open, Options: Synchronous IO Non-Alert, Non-Directory File, Attributes: n/a, ShareMode: Read, Delete, AllocationSize: n/a, OpenResult: Opened"
"15:21:00.5014243","ZCode.exe","23548","CreateFileMapping","C:\Windows\System32\mswsock.dll","FILE LOCKED WITH ONLY READERS","SyncType: SyncTypeCreateSection, PageProtection: PAGE_EXECUTE"
"15:21:00.5015807","ZCode.exe","23548","CreateFileMapping","C:\Windows\System32\mswsock.dll","SUCCESS","SyncType: SyncTypeOther"
"15:21:00.5017452","ZCode.exe","23548","Load Image","C:\Windows\System32\mswsock.dll","SUCCESS","Image Base: 0x7ffb09170000, Image Size: 0x6c000"
"15:21:00.5022681","ZCode.exe","23548","CloseFile","C:\Windows\System32\mswsock.dll","SUCCESS",""
"15:21:00.5032619","ZCode.exe","23548","RegQueryKey","HKLM","SUCCESS","Query: HandleTags, HandleTags: 0x0"
"15:21:00.5034390","ZCode.exe","23548","RegOpenKey","HKLM\SYSTEM\CurrentControlSet\Services\Winsock\Parameters","REPARSE","Desired Access: Read"
"15:21:00.5034636","ZCode.exe","23548","RegOpenKey","HKLM\System\CurrentControlSet\Services\Winsock\Parameters","SUCCESS","Desired Access: Read"
"15:21:00.5035197","ZCode.exe","23548","RegQueryValue","HKLM\System\CurrentControlSet\Services\Winsock\Parameters\Transports","BUFFER OVERFLOW","Length: 12"
"15:21:00.5035344","ZCode.exe","23548","RegQueryValue","HKLM\System\CurrentControlSet\Services\Winsock\Parameters\Transports","SUCCESS","Type: REG_MULTI_SZ, Length: 82, Data: Tcpip6, Tcpip, vmbus, Psched, afunix, RFCOMM"
"15:21:00.5035496","ZCode.exe","23548","RegCloseKey","HKLM\System\CurrentControlSet\Services\Winsock\Parameters","SUCCESS",""
"15:21:00.5035804","ZCode.exe","23548","RegQueryKey","HKLM","SUCCESS","Query: HandleTags, HandleTags: 0x0"
"15:21:00.5036070","ZCode.exe","23548","RegOpenKey","HKLM\System\CurrentControlSet\Services\Tcpip6\Parameters\Winsock","REPARSE","Desired Access: Read"
"15:21:00.5036278","ZCode.exe","23548","RegOpenKey","HKLM\System\CurrentControlSet\Services\Tcpip6\Parameters\Winsock","SUCCESS","Desired Access: Read"
"15:21:00.5036588","ZCode.exe","23548","RegQueryValue","HKLM\System\CurrentControlSet\Services\Tcpip6\Parameters\Winsock\Mapping","BUFFER OVERFLOW","Length: 12"
"15:21:00.5038437","ZCode.exe","23548","RegQueryValue","HKLM\System\CurrentControlSet\Services\Tcpip6\Parameters\Winsock\Mapping","SUCCESS","Type: REG_BINARY, Length: 104, Data: 08 00 00 00 03 00 00 00 17 00 00 00 01 00 00 00"
"15:21:00.5041124","ZCode.exe","23548","RegCloseKey","HKLM\System\CurrentControlSet\Services\Tcpip6\Parameters\Winsock","SUCCESS",""
"15:21:00.5041378","ZCode.exe","23548","RegQueryKey","HKLM","SUCCESS","Query: HandleTags, HandleTags: 0x0"
"15:21:00.5042038","ZCode.exe","23548","RegOpenKey","HKLM\System\CurrentControlSet\Services\Tcpip\Parameters\Winsock","REPARSE","Desired Access: Read"
"15:21:00.5042519","ZCode.exe","23548","RegOpenKey","HKLM\System\CurrentControlSet\Services\Tcpip\Parameters\Winsock","SUCCESS","Desired Access: Read"
"15:21:00.5043046","ZCode.exe","23548","RegQueryValue","HKLM\System\CurrentControlSet\Services\Tcpip\Parameters\Winsock\Mapping","BUFFER OVERFLOW","Length: 12"
"15:21:00.5043487","ZCode.exe","23548","RegQueryValue","HKLM\System\CurrentControlSet\Services\Tcpip\Parameters\Winsock\Mapping","SUCCESS","Type: REG_BINARY, Length: 104, Data: 08 00 00 00 03 00 00 00 02 00 00 00 01 00 00 00"
"15:21:00.5044145","ZCode.exe","23548","RegCloseKey","HKLM\System\CurrentControlSet\Services\Tcpip\Parameters\Winsock","SUCCESS",""
"15:21:00.5044881","ZCode.exe","23548","RegQueryKey","HKLM","SUCCESS","Query: HandleTags, HandleTags: 0x0"
"15:21:00.5045118","ZCode.exe","23548","RegOpenKey","HKLM\SYSTEM\CurrentControlSet\Services\Winsock\Setup Migration\Providers","REPARSE","Desired Access: Read"
"15:21:00.5045356","ZCode.exe","23548","RegOpenKey","HKLM\System\CurrentControlSet\Services\Winsock\Setup Migration\Providers","SUCCESS","Desired Access: Read"
"15:21:00.5045713","ZCode.exe","23548","RegQueryKey","HKLM\System\CurrentControlSet\Services\Winsock\Setup Migration\Providers","SUCCESS","Query: HandleTags, HandleTags: 0x0"
"15:21:00.5046190","ZCode.exe","23548","RegOpenKey","HKLM\System\CurrentControlSet\Services\Winsock\Setup Migration\Providers\Tcpip","SUCCESS","Desired Access: Read"
"15:21:00.5046898","ZCode.exe","23548","RegQueryValue","HKLM\System\CurrentControlSet\Services\Winsock\Setup Migration\Providers\Tcpip\WinSock 2.0 Provider ID","SUCCESS","Type: REG_BINARY, Length: 16, Data: A0 1A 0F E7 8B AB CF 11 8C A3 00 80 5F 48 A1 92"
"15:21:00.5047334","ZCode.exe","23548","RegCloseKey","HKLM\System\CurrentControlSet\Services\Winsock\Setup Migration\Providers\Tcpip","SUCCESS",""
"15:21:00.5047640","ZCode.exe","23548","RegCloseKey","HKLM\System\CurrentControlSet\Services\Winsock\Setup Migration\Providers","SUCCESS",""
"15:21:00.5047937","ZCode.exe","23548","RegQueryKey","HKLM","SUCCESS","Query: HandleTags, HandleTags: 0x0"
"15:21:00.5048163","ZCode.exe","23548","RegOpenKey","HKLM\System\CurrentControlSet\Services\Tcpip\Parameters\Winsock","REPARSE","Desired Access: Read"
"15:21:00.5048323","ZCode.exe","23548","RegOpenKey","HKLM\System\CurrentControlSet\Services\Tcpip\Parameters\Winsock","SUCCESS","Desired Access: Read"
"15:21:00.5049005","ZCode.exe","23548","RegQueryValue","HKLM\System\CurrentControlSet\Services\Tcpip\Parameters\Winsock\MinSockaddrLength","SUCCESS","Type: REG_DWORD, Length: 4, Data: 16"
"15:21:00.5049155","ZCode.exe","23548","RegQueryValue","HKLM\System\CurrentControlSet\Services\Tcpip\Parameters\Winsock\MaxSockaddrLength","SUCCESS","Type: REG_DWORD, Length: 4, Data: 16"
"15:21:00.5049278","ZCode.exe","23548","RegQueryValue","HKLM\System\CurrentControlSet\Services\Tcpip\Parameters\Winsock\UseDelayedAcceptance","SUCCESS","Type: REG_DWORD, Length: 4, Data: 0"
"15:21:00.5049413","ZCode.exe","23548","RegCloseKey","HKLM\System\CurrentControlSet\Services\Tcpip\Parameters\Winsock","SUCCESS",""
"15:21:00.5055037","ZCode.exe","23548","CreateFile","C:\Windows\System32\mswsock.dll","SUCCESS","Desired Access: Read Attributes, Disposition: Open, Options: Open Reparse Point, Attributes: n/a, ShareMode: Read, Write, Delete, AllocationSize: n/a, OpenResult: Opened"
"15:21:00.5056820","ZCode.exe","23548","QueryBasicInformationFile","C:\Windows\System32\mswsock.dll","SUCCESS","CreationTime: 24-06-2026 11:34:33, LastAccessTime: 26-06-2026 15:21:00, LastWriteTime: 24-06-2026 11:34:33, ChangeTime: 24-06-2026 16:31:20, FileAttributes: A"
"15:21:00.5057030","ZCode.exe","23548","CloseFile","C:\Windows\System32\mswsock.dll","SUCCESS",""
"15:21:00.5057948","ZCode.exe","23548","RegOpenKey","HKLM\Software\Microsoft\LanguageOverlay\OverlayPackages\en-US","NAME NOT FOUND","Desired Access: Read"
"15:21:00.5059695","ZCode.exe","23548","CreateFile","C:\Windows\System32\en-US\mswsock.dll.mui","SUCCESS","Desired Access: Read Data/List Directory, Synchronize, Disposition: Open, Options: Synchronous IO Non-Alert, Non-Directory File, Attributes: n/a, ShareMode: Read, Delete, AllocationSize: n/a, OpenResult: Opened"
"15:21:00.5060474","ZCode.exe","23548","CreateFileMapping","C:\Windows\System32\en-US\mswsock.dll.mui","FILE LOCKED WITH ONLY READERS","SyncType: SyncTypeCreateSection, PageProtection: PAGE_READONLY"
"15:21:00.5060708","ZCode.exe","23548","QueryStandardInformationFile","C:\Windows\System32\en-US\mswsock.dll.mui","SUCCESS","AllocationSize: 12288, EndOfFile: 11776, NumberOfLinks: 2, DeletePending: False, Directory: False"
"15:21:00.5060992","ZCode.exe","23548","CreateFileMapping","C:\Windows\System32\en-US\mswsock.dll.mui","SUCCESS","SyncType: SyncTypeOther"
"15:21:00.5064197","ZCode.exe","23548","CreateFile","C:\Windows\System32\mswsock.dll","SUCCESS","Desired Access: Read Attributes, Disposition: Open, Options: Open Reparse Point, Attributes: n/a, ShareMode: Read, Write, Delete, AllocationSize: n/a, OpenResult: Opened"
"15:21:00.5064705","ZCode.exe","23548","QueryBasicInformationFile","C:\Windows\System32\mswsock.dll","SUCCESS","CreationTime: 24-06-2026 11:34:33, LastAccessTime: 26-06-2026 15:21:00, LastWriteTime: 24-06-2026 11:34:33, ChangeTime: 24-06-2026 16:31:20, FileAttributes: A"
"15:21:00.5064851","ZCode.exe","23548","CloseFile","C:\Windows\System32\mswsock.dll","SUCCESS",""
"15:21:00.5067122","ZCode.exe","23548","CreateFile","C:\Windows\System32\mswsock.dll","SUCCESS","Desired Access: Read Attributes, Disposition: Open, Options: Open Reparse Point, Attributes: n/a, ShareMode: Read, Write, Delete, AllocationSize: n/a, OpenResult: Opened"
"15:21:00.5067524","ZCode.exe","23548","QueryBasicInformationFile","C:\Windows\System32\mswsock.dll","SUCCESS","CreationTime: 24-06-2026 11:34:33, LastAccessTime: 26-06-2026 15:21:00, LastWriteTime: 24-06-2026 11:34:33, ChangeTime: 24-06-2026 16:31:20, FileAttributes: A"
"15:21:00.5067776","ZCode.exe","23548","CloseFile","C:\Windows\System32\mswsock.dll","SUCCESS",""
"15:21:00.5071121","ZCode.exe","23548","CreateFile","C:\Windows\System32\mswsock.dll","SUCCESS","Desired Access: Read Attributes, Disposition: Open, Options: Open Reparse Point, Attributes: n/a, ShareMode: Read, Write, Delete, AllocationSize: n/a, OpenResult: Opened"
"15:21:00.5072082","ZCode.exe","23548","QueryBasicInformationFile","C:\Windows\System32\mswsock.dll","SUCCESS","CreationTime: 24-06-2026 11:34:33, LastAccessTime: 26-06-2026 15:21:00, LastWriteTime: 24-06-2026 11:34:33, ChangeTime: 24-06-2026 16:31:20, FileAttributes: A"
"15:21:00.5072585","ZCode.exe","23548","CloseFile","C:\Windows\System32\mswsock.dll","SUCCESS",""
"15:21:00.5076320","ZCode.exe","23548","CreateFile","C:\Windows\System32\mswsock.dll","SUCCESS","Desired Access: Read Attributes, Disposition: Open, Options: Open Reparse Point, Attributes: n/a, ShareMode: Read, Write, Delete, AllocationSize: n/a, OpenResult: Opened"
"15:21:00.5076799","ZCode.exe","23548","QueryBasicInformationFile","C:\Windows\System32\mswsock.dll","SUCCESS","CreationTime: 24-06-2026 11:34:33, LastAccessTime: 26-06-2026 15:21:00, LastWriteTime: 24-06-2026 11:34:33, ChangeTime: 24-06-2026 16:31:20, FileAttributes: A"
"15:21:00.5076927","ZCode.exe","23548","CloseFile","C:\Windows\System32\mswsock.dll","SUCCESS",""
"15:21:00.5079698","ZCode.exe","23548","CreateFile","C:\Windows\System32\mswsock.dll","SUCCESS","Desired Access: Read Attributes, Disposition: Open, Options: Open Reparse Point, Attributes: n/a, ShareMode: Read, Write, Delete, AllocationSize: n/a, OpenResult: Opened"
"15:21:00.5080272","ZCode.exe","23548","QueryBasicInformationFile","C:\Windows\System32\mswsock.dll","SUCCESS","CreationTime: 24-06-2026 11:34:33, LastAccessTime: 26-06-2026 15:21:00, LastWriteTime: 24-06-2026 11:34:33, ChangeTime: 24-06-2026 16:31:20, FileAttributes: A"
"15:21:00.5080503","ZCode.exe","23548","CloseFile","C:\Windows\System32\mswsock.dll","SUCCESS",""
"15:21:00.5083952","ZCode.exe","23548","CreateFile","C:\Windows\System32\wshqos.dll","SUCCESS","Desired Access: Read Attributes, Disposition: Open, Options: Open Reparse Point, Attributes: n/a, ShareMode: Read, Write, Delete, AllocationSize: n/a, OpenResult: Opened"
"15:21:00.5084755","ZCode.exe","23548","QueryBasicInformationFile","C:\Windows\System32\wshqos.dll","SUCCESS","CreationTime: 05-10-2024 05:33:46, LastAccessTime: 26-06-2026 15:19:57, LastWriteTime: 05-10-2024 05:33:46, ChangeTime: 24-06-2026 13:31:00, FileAttributes: A"
"15:21:00.5084903","ZCode.exe","23548","CloseFile","C:\Windows\System32\wshqos.dll","SUCCESS",""
"15:21:00.5086719","ZCode.exe","23548","CreateFile","C:\Windows\System32\wshqos.dll","SUCCESS","Desired Access: Generic Read/Execute, Disposition: Open, Options: Synchronous IO Non-Alert, Non-Directory File, Attributes: n/a, ShareMode: Read, Delete, AllocationSize: n/a, OpenResult: Opened"
"15:21:00.5087393","ZCode.exe","23548","CreateFileMapping","C:\Windows\System32\wshqos.dll","FILE LOCKED WITH ONLY READERS","SyncType: SyncTypeCreateSection, PageProtection: PAGE_READONLY"
"15:21:00.5088044","ZCode.exe","23548","CreateFileMapping","C:\Windows\System32\wshqos.dll","SUCCESS","SyncType: SyncTypeOther"
"15:21:00.5088576","ZCode.exe","23548","CloseFile","C:\Windows\System32\wshqos.dll","SUCCESS",""
"15:21:00.5090424","ZCode.exe","23548","RegOpenKey","HKLM\Software\Microsoft\LanguageOverlay\OverlayPackages\en-US","NAME NOT FOUND","Desired Access: Read"
"15:21:00.5091809","ZCode.exe","23548","CreateFile","C:\Windows\System32\en-US\wshqos.dll.mui","SUCCESS","Desired Access: Read Data/List Directory, Synchronize, Disposition: Open, Options: Synchronous IO Non-Alert, Non-Directory File, Attributes: n/a, ShareMode: Read, Delete, AllocationSize: n/a, OpenResult: Opened"
"15:21:00.5092176","ZCode.exe","23548","CreateFileMapping","C:\Windows\System32\en-US\wshqos.dll.mui","FILE LOCKED WITH ONLY READERS","SyncType: SyncTypeCreateSection, PageProtection: PAGE_READONLY"
"15:21:00.5092307","ZCode.exe","23548","QueryStandardInformationFile","C:\Windows\System32\en-US\wshqos.dll.mui","SUCCESS","AllocationSize: 4096, EndOfFile: 3072, NumberOfLinks: 2, DeletePending: False, Directory: False"
"15:21:00.5092582","ZCode.exe","23548","CreateFileMapping","C:\Windows\System32\en-US\wshqos.dll.mui","SUCCESS","SyncType: SyncTypeOther"
"15:21:00.5093907","ZCode.exe","23548","CloseFile","C:\Windows\System32\en-US\wshqos.dll.mui","SUCCESS",""
"15:21:00.5096527","ZCode.exe","23548","CreateFile","C:\Windows\System32\wshqos.dll","SUCCESS","Desired Access: Read Attributes, Disposition: Open, Options: Open Reparse Point, Attributes: n/a, ShareMode: Read, Write, Delete, AllocationSize: n/a, OpenResult: Opened"
"15:21:00.5096971","ZCode.exe","23548","QueryBasicInformationFile","C:\Windows\System32\wshqos.dll","SUCCESS","CreationTime: 05-10-2024 05:33:46, LastAccessTime: 26-06-2026 15:21:00, LastWriteTime: 05-10-2024 05:33:46, ChangeTime: 24-06-2026 13:31:00, FileAttributes: A"
"15:21:00.5097106","ZCode.exe","23548","CloseFile","C:\Windows\System32\wshqos.dll","SUCCESS",""
"15:21:00.5098920","ZCode.exe","23548","CreateFile","C:\Windows\System32\wshqos.dll","SUCCESS","Desired Access: Generic Read/Execute, Disposition: Open, Options: Synchronous IO Non-Alert, Non-Directory File, Attributes: n/a, ShareMode: Read, Delete, AllocationSize: n/a, OpenResult: Opened"
"15:21:00.5099419","ZCode.exe","23548","CreateFileMapping","C:\Windows\System32\wshqos.dll","FILE LOCKED WITH ONLY READERS","SyncType: SyncTypeCreateSection, PageProtection: PAGE_READONLY"
"15:21:00.5099816","ZCode.exe","23548","CreateFileMapping","C:\Windows\System32\wshqos.dll","SUCCESS","SyncType: SyncTypeOther"
"15:21:00.5100157","ZCode.exe","23548","CloseFile","C:\Windows\System32\wshqos.dll","SUCCESS",""
"15:21:00.5100754","ZCode.exe","23548","RegOpenKey","HKLM\Software\Microsoft\LanguageOverlay\OverlayPackages\en-US","NAME NOT FOUND","Desired Access: Read"
"15:21:00.5103495","ZCode.exe","23548","CreateFile","C:\Windows\System32\en-US\wshqos.dll.mui","SUCCESS","Desired Access: Read Data/List Directory, Synchronize, Disposition: Open, Options: Synchronous IO Non-Alert, Non-Directory File, Attributes: n/a, ShareMode: Read, Delete, AllocationSize: n/a, OpenResult: Opened"
"15:21:00.5103789","ZCode.exe","23548","CreateFileMapping","C:\Windows\System32\en-US\wshqos.dll.mui","FILE LOCKED WITH ONLY READERS","SyncType: SyncTypeCreateSection, PageProtection: PAGE_READONLY"
"15:21:00.5103923","ZCode.exe","23548","QueryStandardInformationFile","C:\Windows\System32\en-US\wshqos.dll.mui","SUCCESS","AllocationSize: 4096, EndOfFile: 3072, NumberOfLinks: 2, DeletePending: False, Directory: False"
"15:21:00.5104169","ZCode.exe","23548","CreateFileMapping","C:\Windows\System32\en-US\wshqos.dll.mui","SUCCESS","SyncType: SyncTypeOther"
"15:21:00.5104656","ZCode.exe","23548","CloseFile","C:\Windows\System32\en-US\wshqos.dll.mui","SUCCESS",""
"15:21:00.5107020","ZCode.exe","23548","CreateFile","C:\Windows\System32\wshqos.dll","SUCCESS","Desired Access: Read Attributes, Disposition: Open, Options: Open Reparse Point, Attributes: n/a, ShareMode: Read, Write, Delete, AllocationSize: n/a, OpenResult: Opened"
"15:21:00.5107338","ZCode.exe","23548","QueryBasicInformationFile","C:\Windows\System32\wshqos.dll","SUCCESS","CreationTime: 05-10-2024 05:33:46, LastAccessTime: 26-06-2026 15:21:00, LastWriteTime: 05-10-2024 05:33:46, ChangeTime: 24-06-2026 13:31:00, FileAttributes: A"
"15:21:00.5107418","ZCode.exe","23548","CloseFile","C:\Windows\System32\wshqos.dll","SUCCESS",""
"15:21:00.5108173","ZCode.exe","23548","CreateFile","C:\Windows\System32\wshqos.dll","SUCCESS","Desired Access: Generic Read/Execute, Disposition: Open, Options: Synchronous IO Non-Alert, Non-Directory File, Attributes: n/a, ShareMode: Read, Delete, AllocationSize: n/a, OpenResult: Opened"
"15:21:00.5108416","ZCode.exe","23548","CreateFileMapping","C:\Windows\System32\wshqos.dll","FILE LOCKED WITH ONLY READERS","SyncType: SyncTypeCreateSection, PageProtection: PAGE_READONLY"
"15:21:00.5108672","ZCode.exe","23548","CreateFileMapping","C:\Windows\System32\wshqos.dll","SUCCESS","SyncType: SyncTypeOther"
"15:21:00.5108904","ZCode.exe","23548","CloseFile","C:\Windows\System32\wshqos.dll","SUCCESS",""
"15:21:00.5110444","ZCode.exe","23548","RegOpenKey","HKLM\Software\Microsoft\LanguageOverlay\OverlayPackages\en-US","NAME NOT FOUND","Desired Access: Read"
"15:21:00.5112848","ZCode.exe","23548","CreateFile","C:\Windows\System32\en-US\wshqos.dll.mui","SUCCESS","Desired Access: Read Data/List Directory, Synchronize, Disposition: Open, Options: Synchronous IO Non-Alert, Non-Directory File, Attributes: n/a, ShareMode: Read, Delete, AllocationSize: n/a, OpenResult: Opened"
"15:21:00.5113204","ZCode.exe","23548","CreateFileMapping","C:\Windows\System32\en-US\wshqos.dll.mui","FILE LOCKED WITH ONLY READERS","SyncType: SyncTypeCreateSection, PageProtection: PAGE_READONLY"
"15:21:00.5113341","ZCode.exe","23548","QueryStandardInformationFile","C:\Windows\System32\en-US\wshqos.dll.mui","SUCCESS","AllocationSize: 4096, EndOfFile: 3072, NumberOfLinks: 2, DeletePending: False, Directory: False"
"15:21:00.5113757","ZCode.exe","23548","CreateFileMapping","C:\Windows\System32\en-US\wshqos.dll.mui","SUCCESS","SyncType: SyncTypeOther"
"15:21:00.5114372","ZCode.exe","23548","CloseFile","C:\Windows\System32\en-US\wshqos.dll.mui","SUCCESS",""
"15:21:00.5116478","ZCode.exe","23548","CreateFile","C:\Windows\System32\wshqos.dll","SUCCESS","Desired Access: Read Attributes, Disposition: Open, Options: Open Reparse Point, Attributes: n/a, ShareMode: Read, Write, Delete, AllocationSize: n/a, OpenResult: Opened"
"15:21:00.5116920","ZCode.exe","23548","QueryBasicInformationFile","C:\Windows\System32\wshqos.dll","SUCCESS","CreationTime: 05-10-2024 05:33:46, LastAccessTime: 26-06-2026 15:21:00, LastWriteTime: 05-10-2024 05:33:46, ChangeTime: 24-06-2026 13:31:00, FileAttributes: A"
"15:21:00.5117499","ZCode.exe","23548","CloseFile","C:\Windows\System32\wshqos.dll","SUCCESS",""
"15:21:00.5119999","ZCode.exe","23548","CreateFile","C:\Windows\System32\wshqos.dll","SUCCESS","Desired Access: Generic Read/Execute, Disposition: Open, Options: Synchronous IO Non-Alert, Non-Directory File, Attributes: n/a, ShareMode: Read, Delete, AllocationSize: n/a, OpenResult: Opened"
"15:21:00.5120465","ZCode.exe","23548","CreateFileMapping","C:\Windows\System32\wshqos.dll","FILE LOCKED WITH ONLY READERS","SyncType: SyncTypeCreateSection, PageProtection: PAGE_READONLY"
"15:21:00.5120980","ZCode.exe","23548","CreateFileMapping","C:\Windows\System32\wshqos.dll","SUCCESS","SyncType: SyncTypeOther"
"15:21:00.5121605","ZCode.exe","23548","CloseFile","C:\Windows\System32\wshqos.dll","SUCCESS",""
"15:21:00.5122159","ZCode.exe","23548","RegOpenKey","HKLM\Software\Microsoft\LanguageOverlay\OverlayPackages\en-US","NAME NOT FOUND","Desired Access: Read"
"15:21:00.5125713","ZCode.exe","23548","CreateFile","C:\Windows\System32\en-US\wshqos.dll.mui","SUCCESS","Desired Access: Read Data/List Directory, Synchronize, Disposition: Open, Options: Synchronous IO Non-Alert, Non-Directory File, Attributes: n/a, ShareMode: Read, Delete, AllocationSize: n/a, OpenResult: Opened"
"15:21:00.5126356","ZCode.exe","23548","CreateFileMapping","C:\Windows\System32\en-US\wshqos.dll.mui","FILE LOCKED WITH ONLY READERS","SyncType: SyncTypeCreateSection, PageProtection: PAGE_READONLY"
"15:21:00.5126542","ZCode.exe","23548","QueryStandardInformationFile","C:\Windows\System32\en-US\wshqos.dll.mui","SUCCESS","AllocationSize: 4096, EndOfFile: 3072, NumberOfLinks: 2, DeletePending: False, Directory: False"
"15:21:00.5126830","ZCode.exe","23548","CreateFileMapping","C:\Windows\System32\en-US\wshqos.dll.mui","SUCCESS","SyncType: SyncTypeOther"
"15:21:00.5127474","ZCode.exe","23548","CloseFile","C:\Windows\System32\en-US\wshqos.dll.mui","SUCCESS",""
"15:21:00.5129039","ZCode.exe","23548","RegQueryKey","HKLM","SUCCESS","Query: HandleTags, HandleTags: 0x0"
"15:21:00.5130461","ZCode.exe","23548","RegOpenKey","HKLM\SYSTEM\CurrentControlSet\Services\Winsock\Parameters","REPARSE","Desired Access: Read"
"15:21:00.5131355","ZCode.exe","23548","RegOpenKey","HKLM\System\CurrentControlSet\Services\Winsock\Parameters","SUCCESS","Desired Access: Read"
"15:21:00.5132680","ZCode.exe","23548","RegQueryValue","HKLM\System\CurrentControlSet\Services\Winsock\Parameters\Transports","BUFFER OVERFLOW","Length: 12"
"15:21:00.5133712","ZCode.exe","23548","RegQueryValue","HKLM\System\CurrentControlSet\Services\Winsock\Parameters\Transports","SUCCESS","Type: REG_MULTI_SZ, Length: 82, Data: Tcpip6, Tcpip, vmbus, Psched, afunix, RFCOMM"
"15:21:00.5135084","ZCode.exe","23548","RegCloseKey","HKLM\System\CurrentControlSet\Services\Winsock\Parameters","SUCCESS",""
"15:21:00.5136192","ZCode.exe","23548","RegQueryKey","HKLM","SUCCESS","Query: HandleTags, HandleTags: 0x0"
"15:21:00.5137492","ZCode.exe","23548","RegOpenKey","HKLM\System\CurrentControlSet\Services\Tcpip6\Parameters\Winsock","REPARSE","Desired Access: Read"
"15:21:00.5138842","ZCode.exe","23548","RegOpenKey","HKLM\System\CurrentControlSet\Services\Tcpip6\Parameters\Winsock","SUCCESS","Desired Access: Read"
"15:21:00.5140317","ZCode.exe","23548","RegQueryValue","HKLM\System\CurrentControlSet\Services\Tcpip6\Parameters\Winsock\Mapping","BUFFER OVERFLOW","Length: 12"
"15:21:00.5141203","ZCode.exe","23548","RegQueryValue","HKLM\System\CurrentControlSet\Services\Tcpip6\Parameters\Winsock\Mapping","SUCCESS","Type: REG_BINARY, Length: 104, Data: 08 00 00 00 03 00 00 00 17 00 00 00 01 00 00 00"
"15:21:00.5142315","ZCode.exe","23548","RegCloseKey","HKLM\System\CurrentControlSet\Services\Tcpip6\Parameters\Winsock","SUCCESS",""
"15:21:00.5143056","ZCode.exe","23548","RegQueryKey","HKLM","SUCCESS","Query: HandleTags, HandleTags: 0x0"
"15:21:00.5143746","ZCode.exe","23548","RegOpenKey","HKLM\SYSTEM\CurrentControlSet\Services\Winsock\Setup Migration\Providers","REPARSE","Desired Access: Read"
"15:21:00.5145042","ZCode.exe","23548","RegOpenKey","HKLM\System\CurrentControlSet\Services\Winsock\Setup Migration\Providers","SUCCESS","Desired Access: Read"
"15:21:00.5146150","ZCode.exe","23548","RegQueryKey","HKLM\System\CurrentControlSet\Services\Winsock\Setup Migration\Providers","SUCCESS","Query: HandleTags, HandleTags: 0x0"
"15:21:00.5147159","ZCode.exe","23548","RegOpenKey","HKLM\System\CurrentControlSet\Services\Winsock\Setup Migration\Providers\Tcpip6","SUCCESS","Desired Access: Read"
"15:21:00.5148625","ZCode.exe","23548","RegQueryValue","HKLM\System\CurrentControlSet\Services\Winsock\Setup Migration\Providers\Tcpip6\WinSock 2.0 Provider ID","SUCCESS","Type: REG_BINARY, Length: 16, Data: C0 B0 EA F9 D4 26 D0 11 BB BF 00 AA 00 6C 34 E4"
"15:21:00.5149888","ZCode.exe","23548","RegCloseKey","HKLM\System\CurrentControlSet\Services\Winsock\Setup Migration\Providers\Tcpip6","SUCCESS",""
"15:21:00.5150952","ZCode.exe","23548","RegCloseKey","HKLM\System\CurrentControlSet\Services\Winsock\Setup Migration\Providers","SUCCESS",""
"15:21:00.5152098","ZCode.exe","23548","RegQueryKey","HKLM","SUCCESS","Query: HandleTags, HandleTags: 0x0"
"15:21:00.5153021","ZCode.exe","23548","RegOpenKey","HKLM\System\CurrentControlSet\Services\Tcpip6\Parameters\Winsock","REPARSE","Desired Access: Read"
"15:21:00.5154217","ZCode.exe","23548","RegOpenKey","HKLM\System\CurrentControlSet\Services\Tcpip6\Parameters\Winsock","SUCCESS","Desired Access: Read"
"15:21:00.5155643","ZCode.exe","23548","RegQueryValue","HKLM\System\CurrentControlSet\Services\Tcpip6\Parameters\Winsock\MinSockaddrLength","SUCCESS","Type: REG_DWORD, Length: 4, Data: 28"
"15:21:00.5156753","ZCode.exe","23548","RegQueryValue","HKLM\System\CurrentControlSet\Services\Tcpip6\Parameters\Winsock\MaxSockaddrLength","SUCCESS","Type: REG_DWORD, Length: 4, Data: 28"
"15:21:00.5157896","ZCode.exe","23548","RegQueryValue","HKLM\System\CurrentControlSet\Services\Tcpip6\Parameters\Winsock\UseDelayedAcceptance","SUCCESS","Type: REG_DWORD, Length: 4, Data: 0"
"15:21:00.5158936","ZCode.exe","23548","RegCloseKey","HKLM\System\CurrentControlSet\Services\Tcpip6\Parameters\Winsock","SUCCESS",""
"15:21:00.5164657","ZCode.exe","23548","Load Image","C:\Windows\System32\shell32.dll","SUCCESS","Image Base: 0x7ffb0b500000, Image Size: 0x792000"
"15:21:00.5173844","ZCode.exe","23548","QueryNameInformationFile","C:\Windows\System32\shell32.dll","SUCCESS","Name: \Windows\System32\shell32.dll"
"15:21:00.5176216","ZCode.exe","23548","Load Image","C:\Windows\System32\SHCore.dll","SUCCESS","Image Base: 0x7ffb0c670000, Image Size: 0xf7000"
"15:21:00.5179203","ZCode.exe","23548","QueryNameInformationFile","C:\Windows\System32\SHCore.dll","SUCCESS","Name: \Windows\System32\SHCore.dll"
"15:21:00.5185175","ZCode.exe","23548","Load Image","C:\Windows\System32\advapi32.dll","SUCCESS","Image Base: 0x7ffb0c770000, Image Size: 0xb7000"
"15:21:00.5191115","ZCode.exe","23548","Load Image","C:\Windows\System32\sechost.dll","SUCCESS","Image Base: 0x7ffb0c910000, Image Size: 0xaa000"
"15:21:00.5203290","ZCode.exe","23548","RegQueryKey","HKLM","SUCCESS","Query: HandleTags, HandleTags: 0x0"
"15:21:00.5203484","ZCode.exe","23548","RegOpenKey","HKLM\SOFTWARE\Microsoft\Windows NT\CurrentVersion","SUCCESS","Desired Access: Query Value"
"15:21:00.5203737","ZCode.exe","23548","RegQueryValue","HKLM\SOFTWARE\Microsoft\Windows NT\CurrentVersion\UBR","SUCCESS","Type: REG_DWORD, Length: 4, Data: 8737"
"15:21:00.5203965","ZCode.exe","23548","RegQueryValue","HKLM\SOFTWARE\Microsoft\Windows NT\CurrentVersion\DisplayVersion","SUCCESS","Type: REG_SZ, Length: 10, Data: 25H2"
"15:21:00.5204158","ZCode.exe","23548","RegCloseKey","HKLM\SOFTWARE\Microsoft\Windows NT\CurrentVersion","SUCCESS",""
"15:21:00.5208914","ZCode.exe","23548","CreateFile","C:\Windows\System32\ntmarta.dll","SUCCESS","Desired Access: Read Attributes, Disposition: Open, Options: Open Reparse Point, Attributes: n/a, ShareMode: Read, Write, Delete, AllocationSize: n/a, OpenResult: Opened"
"15:21:00.5209829","ZCode.exe","23548","QueryBasicInformationFile","C:\Windows\System32\ntmarta.dll","SUCCESS","CreationTime: 09-11-2025 06:44:08, LastAccessTime: 26-06-2026 15:19:41, LastWriteTime: 09-11-2025 06:44:08, ChangeTime: 24-06-2026 13:31:01, FileAttributes: A"
"15:21:00.5210100","ZCode.exe","23548","CloseFile","C:\Windows\System32\ntmarta.dll","SUCCESS",""
"15:21:00.5212008","ZCode.exe","23548","CreateFile","C:\Windows\System32\ntmarta.dll","SUCCESS","Desired Access: Read Data/List Directory, Execute/Traverse, Synchronize, Disposition: Open, Options: Synchronous IO Non-Alert, Non-Directory File, Attributes: n/a, ShareMode: Read, Delete, AllocationSize: n/a, OpenResult: Opened"
"15:21:00.5212815","ZCode.exe","23548","CreateFileMapping","C:\Windows\System32\ntmarta.dll","FILE LOCKED WITH ONLY READERS","SyncType: SyncTypeCreateSection, PageProtection: PAGE_EXECUTE"
"15:21:00.5213214","ZCode.exe","23548","CreateFileMapping","C:\Windows\System32\ntmarta.dll","SUCCESS","SyncType: SyncTypeOther"
"15:21:00.5214188","ZCode.exe","23548","Load Image","C:\Windows\System32\ntmarta.dll","SUCCESS","Image Base: 0x7ffb08d10000, Image Size: 0x36000"
"15:21:00.5215510","ZCode.exe","23548","CloseFile","C:\Windows\System32\ntmarta.dll","SUCCESS",""
"15:21:00.5220097","ZCode.exe","23548","Thread Create","","SUCCESS","Thread ID: 19604"
"15:21:00.5222545","ZCode.exe","23548","CreateFile","C:\Program Files\ZCode\icudtl.dat","SUCCESS","Desired Access: Generic Read, Disposition: Open, Options: Synchronous IO Non-Alert, Non-Directory File, Attributes: n/a, ShareMode: Read, Write, Delete, AllocationSize: n/a, OpenResult: Opened"
"15:21:00.5223063","ZCode.exe","23548","CreateFileMapping","C:\Program Files\ZCode\icudtl.dat","FILE LOCKED WITH ONLY READERS","SyncType: SyncTypeCreateSection, PageProtection: PAGE_READONLY"
"15:21:00.5223268","ZCode.exe","23548","QueryStandardInformationFile","C:\Program Files\ZCode\icudtl.dat","SUCCESS","AllocationSize: 10825728, EndOfFile: 10822192, NumberOfLinks: 1, DeletePending: False, Directory: False"
"15:21:00.5223512","ZCode.exe","23548","CreateFileMapping","C:\Program Files\ZCode\icudtl.dat","SUCCESS","SyncType: SyncTypeOther"
"15:21:00.5224063","ZCode.exe","23548","QueryStandardInformationFile","C:\Program Files\ZCode\icudtl.dat","SUCCESS","AllocationSize: 10825728, EndOfFile: 10822192, NumberOfLinks: 1, DeletePending: False, Directory: False"
"15:21:00.5226748","ZCode.exe","23548","CreateFile","C:\Users\DELL\AppData\Roaming\ZCode","SUCCESS","Desired Access: Read Attributes, Disposition: Open, Options: Open Reparse Point, Attributes: n/a, ShareMode: Read, Write, Delete, AllocationSize: n/a, OpenResult: Opened"
"15:21:00.5227156","ZCode.exe","23548","QueryBasicInformationFile","C:\Users\DELL\AppData\Roaming\ZCode","SUCCESS","CreationTime: 25-06-2026 15:21:35, LastAccessTime: 26-06-2026 15:20:12, LastWriteTime: 26-06-2026 15:19:00, ChangeTime: 26-06-2026 15:19:00, FileAttributes: D"
"15:21:00.5227319","ZCode.exe","23548","CloseFile","C:\Users\DELL\AppData\Roaming\ZCode","SUCCESS",""
"15:21:00.5236637","ZCode.exe","23548","QueryNameInformationFile","C:\Program Files\ZCode\ZCode.exe","SUCCESS","Name: \Program Files\ZCode\ZCode.exe"
"15:21:00.5247304","ZCode.exe","23548","Thread Create","","SUCCESS","Thread ID: 6244"
"15:21:00.5248123","ZCode.exe","23548","RegOpenKey","HKCU","SUCCESS","Desired Access: Maximum Allowed, Granted Access: All Access"
"15:21:00.5248402","ZCode.exe","23548","RegOpenKey","HKCU\Keyboard Layout\Preload","SUCCESS","Desired Access: Read"
"15:21:00.5248655","ZCode.exe","23548","RegQueryValue","HKCU\Keyboard Layout\Preload\1","SUCCESS","Type: REG_SZ, Length: 18, Data: 00000409"
"15:21:00.5248879","ZCode.exe","23548","RegCloseKey","HKCU\Keyboard Layout\Preload","SUCCESS",""
"15:21:00.5248984","ZCode.exe","23548","RegCloseKey","HKCU","SUCCESS",""
"15:21:00.5249497","ZCode.exe","23548","RegOpenKey","HKCU","SUCCESS","Desired Access: Read"
"15:21:00.5249689","ZCode.exe","23548","RegCloseKey","HKCU","SUCCESS",""
"15:21:00.5249831","ZCode.exe","23548","RegOpenKey","HKCU\Keyboard Layout\Substitutes","SUCCESS","Desired Access: Read"
"15:21:00.5250036","ZCode.exe","23548","RegQueryValue","HKCU\Keyboard Layout\Substitutes\00000409","BUFFER OVERFLOW","Length: 16"
"15:21:00.5250158","ZCode.exe","23548","RegQueryValue","HKCU\Keyboard Layout\Substitutes\00000409","SUCCESS","Type: REG_SZ, Length: 18, Data: 00004009"
"15:21:00.5250288","ZCode.exe","23548","RegCloseKey","HKCU\Keyboard Layout\Substitutes","SUCCESS",""
"15:21:00.5250513","ZCode.exe","23548","RegOpenKey","HKLM\System\CurrentControlSet\Control\Keyboard Layouts\00004009","REPARSE","Desired Access: Read"
"15:21:00.5250680","ZCode.exe","23548","RegOpenKey","HKLM\System\CurrentControlSet\Control\Keyboard Layouts\00004009","SUCCESS","Desired Access: Read"
"15:21:00.5250933","ZCode.exe","23548","RegQueryValue","HKLM\System\CurrentControlSet\Control\Keyboard Layouts\00004009\Layout File","SUCCESS","Type: REG_SZ, Length: 24, Data: KBDINEN.DLL"
"15:21:00.5251046","ZCode.exe","23548","RegQueryValue","HKLM\System\CurrentControlSet\Control\Keyboard Layouts\00004009\Attributes","NAME NOT FOUND","Length: 20"
"15:21:00.5251157","ZCode.exe","23548","RegCloseKey","HKLM\System\CurrentControlSet\Control\Keyboard Layouts\00004009","SUCCESS",""
"15:21:00.5253797","ZCode.exe","23548","CreateFile","C:\Program Files\ZCode\KBDINEN.DLL","NAME NOT FOUND","Desired Access: Read Attributes, Disposition: Open, Options: Open Reparse Point, Attributes: n/a, ShareMode: Read, Write, Delete, AllocationSize: n/a"
"15:21:00.5255955","ZCode.exe","23548","CreateFile","C:\Windows\System32\KBDINEN.DLL","SUCCESS","Desired Access: Read Attributes, Disposition: Open, Options: Open Reparse Point, Attributes: n/a, ShareMode: Read, Write, Delete, AllocationSize: n/a, OpenResult: Opened"
"15:21:00.5256485","ZCode.exe","23548","QueryBasicInformationFile","C:\Windows\System32\KBDINEN.DLL","SUCCESS","CreationTime: 22-05-2025 16:26:10, LastAccessTime: 26-06-2026 15:19:08, LastWriteTime: 22-05-2025 16:26:10, ChangeTime: 24-06-2026 13:31:00, FileAttributes: A"
"15:21:00.5256627","ZCode.exe","23548","CloseFile","C:\Windows\System32\KBDINEN.DLL","SUCCESS",""
"15:21:00.5257757","ZCode.exe","23548","CreateFile","C:\Windows\System32\KBDINEN.DLL","SUCCESS","Desired Access: Read Data/List Directory, Execute/Traverse, Synchronize, Disposition: Open, Options: Synchronous IO Non-Alert, Non-Directory File, Attributes: n/a, ShareMode: Read, Delete, AllocationSize: n/a, OpenResult: Opened"
"15:21:00.5258277","ZCode.exe","23548","CreateFileMapping","C:\Windows\System32\KBDINEN.DLL","FILE LOCKED WITH ONLY READERS","SyncType: SyncTypeCreateSection, PageProtection: PAGE_EXECUTE"
"15:21:00.5258588","ZCode.exe","23548","CreateFileMapping","C:\Windows\System32\KBDINEN.DLL","SUCCESS","SyncType: SyncTypeOther"
"15:21:00.5259877","ZCode.exe","23548","Load Image","C:\Windows\System32\KBDINEN.DLL","SUCCESS","Image Base: 0x7ffae5e20000, Image Size: 0x6000"
"15:21:00.5260461","ZCode.exe","23548","CloseFile","C:\Windows\System32\KBDINEN.DLL","SUCCESS",""
"15:21:00.5262771","ZCode.exe","23548","CreateFile","C:\Windows\System32\KBDINEN.DLL","SUCCESS","Desired Access: Generic Read, Disposition: Open, Options: Synchronous IO Non-Alert, Non-Directory File, Attributes: n/a, ShareMode: Read, AllocationSize: n/a, OpenResult: Opened"
"15:21:00.5264519","ZCode.exe","23548","CloseFile","C:\Windows\System32\KBDINEN.DLL","SUCCESS",""
"15:21:00.5272447","ZCode.exe","23548","Thread Create","","SUCCESS","Thread ID: 17256"
"15:21:00.5279945","ZCode.exe","23548","Load Image","C:\Windows\System32\ole32.dll","SUCCESS","Image Base: 0x7ffb0b150000, Image Size: 0x199000"
"15:21:00.5284970","ZCode.exe","23548","RegQueryKey","HKLM","SUCCESS","Query: HandleTags, HandleTags: 0x0"
"15:21:00.5285175","ZCode.exe","23548","RegOpenKey","HKLM\Software\Microsoft\OLE\Tracing","NAME NOT FOUND","Desired Access: Read"
"15:21:00.5287629","ZCode.exe","23548","CreateFile","C:\Windows\System32\oleaut32.dll","SUCCESS","Desired Access: Read Attributes, Disposition: Open, Options: Open Reparse Point, Attributes: n/a, ShareMode: Read, Write, Delete, AllocationSize: n/a, OpenResult: Opened"
"15:21:00.5288156","ZCode.exe","23548","QueryBasicInformationFile","C:\Windows\System32\oleaut32.dll","SUCCESS","CreationTime: 24-06-2026 11:34:16, LastAccessTime: 26-06-2026 15:19:08, LastWriteTime: 24-06-2026 11:34:16, ChangeTime: 24-06-2026 16:31:38, FileAttributes: A"
"15:21:00.5288300","ZCode.exe","23548","CloseFile","C:\Windows\System32\oleaut32.dll","SUCCESS",""
"15:21:00.5289471","ZCode.exe","23548","CreateFile","C:\Windows\System32\oleaut32.dll","SUCCESS","Desired Access: Read Data/List Directory, Execute/Traverse, Synchronize, Disposition: Open, Options: Synchronous IO Non-Alert, Non-Directory File, Attributes: n/a, ShareMode: Read, Delete, AllocationSize: n/a, OpenResult: Opened"
"15:21:00.5289890","ZCode.exe","23548","CreateFileMapping","C:\Windows\System32\oleaut32.dll","FILE LOCKED WITH ONLY READERS","SyncType: SyncTypeCreateSection, PageProtection: PAGE_READONLY"
"15:21:00.5290657","ZCode.exe","23548","CreateFileMapping","C:\Windows\System32\oleaut32.dll","SUCCESS","SyncType: SyncTypeOther"
"15:21:00.5291384","ZCode.exe","23548","CloseFile","C:\Windows\System32\oleaut32.dll","SUCCESS",""
"15:21:00.5295458","ZCode.exe","23548","CreateFile","C:\Windows\System32\rpcss.dll","SUCCESS","Desired Access: Read Attributes, Disposition: Open, Options: Open Reparse Point, Attributes: n/a, ShareMode: Read, Write, Delete, AllocationSize: n/a, OpenResult: Opened"
"15:21:00.5295919","ZCode.exe","23548","QueryBasicInformationFile","C:\Windows\System32\rpcss.dll","SUCCESS","CreationTime: 24-06-2026 11:33:57, LastAccessTime: 26-06-2026 15:20:55, LastWriteTime: 24-06-2026 11:33:57, ChangeTime: 24-06-2026 16:30:21, FileAttributes: A"
"15:21:00.5296013","ZCode.exe","23548","CloseFile","C:\Windows\System32\rpcss.dll","SUCCESS",""
"15:21:00.5297370","ZCode.exe","23548","CreateFile","C:\Windows\System32\rpcss.dll","SUCCESS","Desired Access: Read Data/List Directory, Execute/Traverse, Synchronize, Disposition: Open, Options: Synchronous IO Non-Alert, Non-Directory File, Attributes: n/a, ShareMode: Read, Delete, AllocationSize: n/a, OpenResult: Opened"
"15:21:00.5297741","ZCode.exe","23548","CreateFileMapping","C:\Windows\System32\rpcss.dll","FILE LOCKED WITH ONLY READERS","SyncType: SyncTypeCreateSection, PageProtection: PAGE_READONLY"
"15:21:00.5297991","ZCode.exe","23548","CreateFileMapping","C:\Windows\System32\rpcss.dll","SUCCESS","SyncType: SyncTypeOther"
"15:21:00.5298508","ZCode.exe","23548","CloseFile","C:\Windows\System32\rpcss.dll","SUCCESS",""
"15:21:00.5301625","ZCode.exe","23548","CreateFile","C:\Windows\System32\kernel.appcore.dll","SUCCESS","Desired Access: Read Attributes, Disposition: Open, Options: Open Reparse Point, Attributes: n/a, ShareMode: Read, Write, Delete, AllocationSize: n/a, OpenResult: Opened"
"15:21:00.5302069","ZCode.exe","23548","QueryBasicInformationFile","C:\Windows\System32\kernel.appcore.dll","SUCCESS","CreationTime: 24-06-2026 11:34:10, LastAccessTime: 26-06-2026 15:20:55, LastWriteTime: 24-06-2026 11:34:10, ChangeTime: 24-06-2026 16:30:28, FileAttributes: A"
"15:21:00.5302323","ZCode.exe","23548","CloseFile","C:\Windows\System32\kernel.appcore.dll","SUCCESS",""
"15:21:00.5303708","ZCode.exe","23548","CreateFile","C:\Windows\System32\kernel.appcore.dll","SUCCESS","Desired Access: Read Data/List Directory, Execute/Traverse, Synchronize, Disposition: Open, Options: Synchronous IO Non-Alert, Non-Directory File, Attributes: n/a, ShareMode: Read, Delete, AllocationSize: n/a, OpenResult: Opened"
"15:21:00.5304206","ZCode.exe","23548","CreateFileMapping","C:\Windows\System32\kernel.appcore.dll","FILE LOCKED WITH ONLY READERS","SyncType: SyncTypeCreateSection, PageProtection: PAGE_EXECUTE"
"15:21:00.5304540","ZCode.exe","23548","CreateFileMapping","C:\Windows\System32\kernel.appcore.dll","SUCCESS","SyncType: SyncTypeOther"
"15:21:00.5305672","ZCode.exe","23548","Load Image","C:\Windows\System32\kernel.appcore.dll","SUCCESS","Image Base: 0x7ffb08be0000, Image Size: 0x1b000"
"15:21:00.5307184","ZCode.exe","23548","CloseFile","C:\Windows\System32\kernel.appcore.dll","SUCCESS",""
"15:21:00.5313347","ZCode.exe","23548","CreateFile","C:\Program Files\ZCode","SUCCESS","Desired Access: Synchronize, Disposition: Open, Options: Directory, Synchronous IO Non-Alert, Open For Free Space Query, Attributes: n/a, ShareMode: None, AllocationSize: n/a, OpenResult: Opened"
"15:21:00.5313843","ZCode.exe","23548","QueryFullSizeInformationVolume","C:\Program Files\ZCode","SUCCESS","TotalAllocationUnits: 50995455, CallerAvailableAllocationUnits: 3871750, ActualAvailableAllocationUnits: 3871750, SectorsPerAllocationUnit: 8, BytesPerSector: 512"
"15:21:00.5314090","ZCode.exe","23548","CloseFile","C:\Program Files\ZCode","SUCCESS",""
"15:21:00.5315473","ZCode.exe","23548","CreateFile","C:\Program Files\ZCode","SUCCESS","Desired Access: Synchronize, Disposition: Open, Options: Directory, Synchronous IO Non-Alert, Open For Free Space Query, Attributes: n/a, ShareMode: None, AllocationSize: n/a, OpenResult: Opened"
"15:21:00.5315776","ZCode.exe","23548","QueryFullSizeInformationVolume","C:\Program Files\ZCode","SUCCESS","TotalAllocationUnits: 50995455, CallerAvailableAllocationUnits: 3871750, ActualAvailableAllocationUnits: 3871750, SectorsPerAllocationUnit: 8, BytesPerSector: 512"
"15:21:00.5315892","ZCode.exe","23548","CloseFile","C:\Program Files\ZCode","SUCCESS",""
"15:21:00.5317082","ZCode.exe","23548","CreateFile","C:\Users\DELL\AppData\Local\Temp","SUCCESS","Desired Access: Synchronize, Disposition: Open, Options: Directory, Synchronous IO Non-Alert, Open For Free Space Query, Attributes: n/a, ShareMode: None, AllocationSize: n/a, OpenResult: Opened"
"15:21:00.5317340","ZCode.exe","23548","QueryFullSizeInformationVolume","C:\Users\DELL\AppData\Local\Temp","SUCCESS","TotalAllocationUnits: 50995455, CallerAvailableAllocationUnits: 3871750, ActualAvailableAllocationUnits: 3871750, SectorsPerAllocationUnit: 8, BytesPerSector: 512"
"15:21:00.5317470","ZCode.exe","23548","CloseFile","C:\Users\DELL\AppData\Local\Temp","SUCCESS",""
"15:21:00.5318416","ZCode.exe","23548","CreateFile","C:\Users\DELL\AppData\Local\Temp","SUCCESS","Desired Access: Synchronize, Disposition: Open, Options: Directory, Synchronous IO Non-Alert, Open For Free Space Query, Attributes: n/a, ShareMode: None, AllocationSize: n/a, OpenResult: Opened"
"15:21:00.5318747","ZCode.exe","23548","QueryFullSizeInformationVolume","C:\Users\DELL\AppData\Local\Temp","SUCCESS","TotalAllocationUnits: 50995455, CallerAvailableAllocationUnits: 3871750, ActualAvailableAllocationUnits: 3871750, SectorsPerAllocationUnit: 8, BytesPerSector: 512"
"15:21:00.5318854","ZCode.exe","23548","CloseFile","C:\Users\DELL\AppData\Local\Temp","SUCCESS",""
"15:21:00.5321437","ZCode.exe","23548","CreateFile","C:\Windows\System32\windows.storage.dll","SUCCESS","Desired Access: Read Attributes, Disposition: Open, Options: Open Reparse Point, Attributes: n/a, ShareMode: Read, Write, Delete, AllocationSize: n/a, OpenResult: Opened"
"15:21:00.5321804","ZCode.exe","23548","QueryBasicInformationFile","C:\Windows\System32\windows.storage.dll","SUCCESS","CreationTime: 24-06-2026 11:34:16, LastAccessTime: 26-06-2026 15:20:52, LastWriteTime: 24-06-2026 11:34:17, ChangeTime: 24-06-2026 16:31:20, FileAttributes: A"
"15:21:00.5321939","ZCode.exe","23548","CloseFile","C:\Windows\System32\windows.storage.dll","SUCCESS",""
"15:21:00.5322926","ZCode.exe","23548","CreateFile","C:\Windows\System32\windows.storage.dll","SUCCESS","Desired Access: Read Data/List Directory, Execute/Traverse, Synchronize, Disposition: Open, Options: Synchronous IO Non-Alert, Non-Directory File, Attributes: n/a, ShareMode: Read, Delete, AllocationSize: n/a, OpenResult: Opened"
"15:21:00.5323194","ZCode.exe","23548","CreateFileMapping","C:\Windows\System32\windows.storage.dll","FILE LOCKED WITH ONLY READERS","SyncType: SyncTypeCreateSection, PageProtection: PAGE_EXECUTE"
"15:21:00.5323467","ZCode.exe","23548","CreateFileMapping","C:\Windows\System32\windows.storage.dll","SUCCESS","SyncType: SyncTypeOther"
"15:21:00.5324874","ZCode.exe","23548","Load Image","C:\Windows\System32\windows.storage.dll","SUCCESS","Image Base: 0x7ffb079a0000, Image Size: 0x892000"
"15:21:00.5326792","ZCode.exe","23548","CloseFile","C:\Windows\System32\windows.storage.dll","SUCCESS",""
"15:21:00.5332398","ZCode.exe","23548","QueryNameInformationFile","C:\Windows\System32\windows.storage.dll","SUCCESS","Name: \Windows\System32\windows.storage.dll"
"15:21:00.5334415","ZCode.exe","23548","RegOpenKey","HKCU","SUCCESS","Desired Access: Maximum Allowed, Granted Access: All Access"
"15:21:00.5334648","ZCode.exe","23548","RegQueryKey","HKCU","SUCCESS","Query: HandleTags, HandleTags: 0x0"
"15:21:00.5334928","ZCode.exe","23548","RegOpenKey","HKCU\Software\Microsoft\Windows\CurrentVersion\Explorer\Advanced","SUCCESS","Desired Access: Query Value"
"15:21:00.5335316","ZCode.exe","23548","RegQueryValue","HKCU\Software\Microsoft\Windows\CurrentVersion\Explorer\Advanced\AvoidKnownFolderCaching","NAME NOT FOUND","Length: 144"
"15:21:00.5335517","ZCode.exe","23548","RegCloseKey","HKCU\Software\Microsoft\Windows\CurrentVersion\Explorer\Advanced","SUCCESS",""
"15:21:00.5335665","ZCode.exe","23548","RegQueryKey","HKLM","SUCCESS","Query: HandleTags, HandleTags: 0x0"
"15:21:00.5335835","ZCode.exe","23548","RegOpenKey","HKLM\Software\Microsoft\Windows\CurrentVersion\Explorer\Advanced","SUCCESS","Desired Access: Query Value"
"15:21:00.5336049","ZCode.exe","23548","RegQueryValue","HKLM\SOFTWARE\Microsoft\Windows\CurrentVersion\Explorer\Advanced\AvoidKnownFolderCaching","NAME NOT FOUND","Length: 144"
"15:21:00.5336191","ZCode.exe","23548","RegCloseKey","HKLM\SOFTWARE\Microsoft\Windows\CurrentVersion\Explorer\Advanced","SUCCESS",""
"15:21:00.5337757","ZCode.exe","23548","RegQueryKey","HKLM","SUCCESS","Query: HandleTags, HandleTags: 0x0"
"15:21:00.5337915","ZCode.exe","23548","RegOpenKey","HKLM\Software\Microsoft\Windows\CurrentVersion\Explorer\FolderDescriptions","SUCCESS","Desired Access: Read"
"15:21:00.5338299","ZCode.exe","23548","RegQueryKey","HKLM\SOFTWARE\Microsoft\Windows\CurrentVersion\Explorer\FolderDescriptions","SUCCESS","Query: HandleTags, HandleTags: 0x0"
"15:21:00.5338439","ZCode.exe","23548","RegOpenKey","HKLM\SOFTWARE\Microsoft\Windows\CurrentVersion\Explorer\FolderDescriptions\{5E6C858F-0E22-4760-9AFE-EA3317B67173}","SUCCESS","Desired Access: Read"
"15:21:00.5338730","ZCode.exe","23548","RegCloseKey","HKLM\SOFTWARE\Microsoft\Windows\CurrentVersion\Explorer\FolderDescriptions","SUCCESS",""
"15:21:00.5338889","ZCode.exe","23548","RegQueryValue","HKLM\SOFTWARE\Microsoft\Windows\CurrentVersion\Explorer\FolderDescriptions\{5E6C858F-0E22-4760-9AFE-EA3317B67173}\Category","SUCCESS","Type: REG_DWORD, Length: 4, Data: 2"
"15:21:00.5339095","ZCode.exe","23548","RegQueryValue","HKLM\SOFTWARE\Microsoft\Windows\CurrentVersion\Explorer\FolderDescriptions\{5E6C858F-0E22-4760-9AFE-EA3317B67173}\Name","SUCCESS","Type: REG_SZ, Length: 16, Data: Profile"
"15:21:00.5339246","ZCode.exe","23548","RegQueryValue","HKLM\SOFTWARE\Microsoft\Windows\CurrentVersion\Explorer\FolderDescriptions\{5E6C858F-0E22-4760-9AFE-EA3317B67173}\ParentFolder","NAME NOT FOUND","Length: 90"
"15:21:00.5339425","ZCode.exe","23548","RegQueryValue","HKLM\SOFTWARE\Microsoft\Windows\CurrentVersion\Explorer\FolderDescriptions\{5E6C858F-0E22-4760-9AFE-EA3317B67173}\DeferPrecreateAndRedirect","NAME NOT FOUND","Length: 90"
"15:21:00.5339569","ZCode.exe","23548","RegQueryValue","HKLM\SOFTWARE\Microsoft\Windows\CurrentVersion\Explorer\FolderDescriptions\{5E6C858F-0E22-4760-9AFE-EA3317B67173}\Description","NAME NOT FOUND","Length: 144"
"15:21:00.5339676","ZCode.exe","23548","RegQueryValue","HKLM\SOFTWARE\Microsoft\Windows\CurrentVersion\Explorer\FolderDescriptions\{5E6C858F-0E22-4760-9AFE-EA3317B67173}\RelativePath","NAME NOT FOUND","Length: 144"
"15:21:00.5339789","ZCode.exe","23548","RegQueryValue","HKLM\SOFTWARE\Microsoft\Windows\CurrentVersion\Explorer\FolderDescriptions\{5E6C858F-0E22-4760-9AFE-EA3317B67173}\ParsingName","NAME NOT FOUND","Length: 144"
"15:21:00.5339928","ZCode.exe","23548","RegQueryValue","HKLM\SOFTWARE\Microsoft\Windows\CurrentVersion\Explorer\FolderDescriptions\{5E6C858F-0E22-4760-9AFE-EA3317B67173}\InfoTip","NAME NOT FOUND","Length: 144"
"15:21:00.5340068","ZCode.exe","23548","RegQueryValue","HKLM\SOFTWARE\Microsoft\Windows\CurrentVersion\Explorer\FolderDescriptions\{5E6C858F-0E22-4760-9AFE-EA3317B67173}\LocalizedName","NAME NOT FOUND","Length: 144"
"15:21:00.5340178","ZCode.exe","23548","RegQueryValue","HKLM\SOFTWARE\Microsoft\Windows\CurrentVersion\Explorer\FolderDescriptions\{5E6C858F-0E22-4760-9AFE-EA3317B67173}\Icon","NAME NOT FOUND","Length: 144"
"15:21:00.5340288","ZCode.exe","23548","RegQueryValue","HKLM\SOFTWARE\Microsoft\Windows\CurrentVersion\Explorer\FolderDescriptions\{5E6C858F-0E22-4760-9AFE-EA3317B67173}\Security","NAME NOT FOUND","Length: 144"
"15:21:00.5340424","ZCode.exe","23548","RegQueryValue","HKLM\SOFTWARE\Microsoft\Windows\CurrentVersion\Explorer\FolderDescriptions\{5E6C858F-0E22-4760-9AFE-EA3317B67173}\StreamResource","NAME NOT FOUND","Length: 144"
"15:21:00.5340534","ZCode.exe","23548","RegQueryValue","HKLM\SOFTWARE\Microsoft\Windows\CurrentVersion\Explorer\FolderDescriptions\{5E6C858F-0E22-4760-9AFE-EA3317B67173}\StreamResourceType","NAME NOT FOUND","Length: 144"
"15:21:00.5340648","ZCode.exe","23548","RegQueryValue","HKLM\SOFTWARE\Microsoft\Windows\CurrentVersion\Explorer\FolderDescriptions\{5E6C858F-0E22-4760-9AFE-EA3317B67173}\LocalRedirectOnly","NAME NOT FOUND","Length: 16"
"15:21:00.5340757","ZCode.exe","23548","RegQueryValue","HKLM\SOFTWARE\Microsoft\Windows\CurrentVersion\Explorer\FolderDescriptions\{5E6C858F-0E22-4760-9AFE-EA3317B67173}\Roamable","NAME NOT FOUND","Length: 16"
"15:21:00.5340868","ZCode.exe","23548","RegQueryValue","HKLM\SOFTWARE\Microsoft\Windows\CurrentVersion\Explorer\FolderDescriptions\{5E6C858F-0E22-4760-9AFE-EA3317B67173}\PreCreate","NAME NOT FOUND","Length: 16"
"15:21:00.5340979","ZCode.exe","23548","RegQueryValue","HKLM\SOFTWARE\Microsoft\Windows\CurrentVersion\Explorer\FolderDescriptions\{5E6C858F-0E22-4760-9AFE-EA3317B67173}\Stream","NAME NOT FOUND","Length: 16"
"15:21:00.5341096","ZCode.exe","23548","RegQueryValue","HKLM\SOFTWARE\Microsoft\Windows\CurrentVersion\Explorer\FolderDescriptions\{5E6C858F-0E22-4760-9AFE-EA3317B67173}\PublishExpandedPath","NAME NOT FOUND","Length: 16"
"15:21:00.5341599","ZCode.exe","23548","RegQueryValue","HKLM\SOFTWARE\Microsoft\Windows\CurrentVersion\Explorer\FolderDescriptions\{5E6C858F-0E22-4760-9AFE-EA3317B67173}\DefinitionFlags","NAME NOT FOUND","Length: 16"
"15:21:00.5341850","ZCode.exe","23548","RegQueryValue","HKLM\SOFTWARE\Microsoft\Windows\CurrentVersion\Explorer\FolderDescriptions\{5E6C858F-0E22-4760-9AFE-EA3317B67173}\DPLProtectionLevel","NAME NOT FOUND","Length: 16"
"15:21:00.5341975","ZCode.exe","23548","RegQueryValue","HKLM\SOFTWARE\Microsoft\Windows\CurrentVersion\Explorer\FolderDescriptions\{5E6C858F-0E22-4760-9AFE-EA3317B67173}\Attributes","NAME NOT FOUND","Length: 16"
"15:21:00.5342107","ZCode.exe","23548","RegQueryValue","HKLM\SOFTWARE\Microsoft\Windows\CurrentVersion\Explorer\FolderDescriptions\{5E6C858F-0E22-4760-9AFE-EA3317B67173}\FolderTypeID","NAME NOT FOUND","Length: 90"
"15:21:00.5342217","ZCode.exe","23548","RegQueryValue","HKLM\SOFTWARE\Microsoft\Windows\CurrentVersion\Explorer\FolderDescriptions\{5E6C858F-0E22-4760-9AFE-EA3317B67173}\InitFolderHandler","NAME NOT FOUND","Length: 90"
"15:21:00.5343476","ZCode.exe","23548","Load Image","C:\Windows\System32\shlwapi.dll","SUCCESS","Image Base: 0x7ffb0b380000, Image Size: 0x67000"
"15:21:00.5346864","ZCode.exe","23548","QueryNameInformationFile","C:\Windows\System32\shlwapi.dll","SUCCESS","Name: \Windows\System32\shlwapi.dll"
"15:21:00.5347656","ZCode.exe","23548","RegQueryKey","HKLM\SOFTWARE\Microsoft\Windows\CurrentVersion\Explorer\FolderDescriptions\{5E6C858F-0E22-4760-9AFE-EA3317B67173}","SUCCESS","Query: HandleTags, HandleTags: 0x0"
"15:21:00.5347842","ZCode.exe","23548","RegOpenKey","HKLM\SOFTWARE\Microsoft\Windows\CurrentVersion\Explorer\FolderDescriptions\{5E6C858F-0E22-4760-9AFE-EA3317B67173}\PropertyBag","NAME NOT FOUND","Desired Access: Read"
"15:21:00.5348096","ZCode.exe","23548","RegCloseKey","HKLM\SOFTWARE\Microsoft\Windows\CurrentVersion\Explorer\FolderDescriptions\{5E6C858F-0E22-4760-9AFE-EA3317B67173}","SUCCESS",""
"15:21:00.5350813","ZCode.exe","23548","CreateFile","C:\Program Files\ZCode\profapi.dll","NAME NOT FOUND","Desired Access: Read Attributes, Disposition: Open, Options: Open Reparse Point, Attributes: n/a, ShareMode: Read, Write, Delete, AllocationSize: n/a"
"15:21:00.5352757","ZCode.exe","23548","CreateFile","C:\Windows\System32\profapi.dll","SUCCESS","Desired Access: Read Attributes, Disposition: Open, Options: Open Reparse Point, Attributes: n/a, ShareMode: Read, Write, Delete, AllocationSize: n/a, OpenResult: Opened"
"15:21:00.5353258","ZCode.exe","23548","QueryBasicInformationFile","C:\Windows\System32\profapi.dll","SUCCESS","CreationTime: 24-06-2026 11:34:18, LastAccessTime: 26-06-2026 15:20:52, LastWriteTime: 24-06-2026 11:34:18, ChangeTime: 24-06-2026 16:31:20, FileAttributes: A"
"15:21:00.5353395","ZCode.exe","23548","CloseFile","C:\Windows\System32\profapi.dll","SUCCESS",""
"15:21:00.5354482","ZCode.exe","23548","CreateFile","C:\Windows\System32\profapi.dll","SUCCESS","Desired Access: Read Data/List Directory, Execute/Traverse, Synchronize, Disposition: Open, Options: Synchronous IO Non-Alert, Non-Directory File, Attributes: n/a, ShareMode: Read, Delete, AllocationSize: n/a, OpenResult: Opened"
"15:21:00.5354787","ZCode.exe","23548","CreateFileMapping","C:\Windows\System32\profapi.dll","FILE LOCKED WITH ONLY READERS","SyncType: SyncTypeCreateSection, PageProtection: PAGE_EXECUTE"
"15:21:00.5355016","ZCode.exe","23548","CreateFileMapping","C:\Windows\System32\profapi.dll","SUCCESS","SyncType: SyncTypeOther"
"15:21:00.5355973","ZCode.exe","23548","Load Image","C:\Windows\System32\profapi.dll","SUCCESS","Image Base: 0x7ffb09e60000, Image Size: 0x29000"
"15:21:00.5357188","ZCode.exe","23548","CloseFile","C:\Windows\System32\profapi.dll","SUCCESS",""
"15:21:00.5358446","ZCode.exe","23548","RegQueryKey","HKLM","SUCCESS","Query: HandleTags, HandleTags: 0x0"
"15:21:00.5358829","ZCode.exe","23548","RegOpenKey","HKLM\Software\Microsoft\Windows NT\CurrentVersion\ProfileList\S-1-5-21-3723388597-1227904235-2670526452-1001","SUCCESS","Desired Access: Read"
"15:21:00.5359210","ZCode.exe","23548","RegQueryValue","HKLM\SOFTWARE\Microsoft\Windows NT\CurrentVersion\ProfileList\S-1-5-21-3723388597-1227904235-2670526452-1001\ProfileImagePath","BUFFER OVERFLOW","Length: 12"
"15:21:00.5359377","ZCode.exe","23548","RegQueryValue","HKLM\SOFTWARE\Microsoft\Windows NT\CurrentVersion\ProfileList\S-1-5-21-3723388597-1227904235-2670526452-1001\ProfileImagePath","SUCCESS","Type: REG_EXPAND_SZ, Length: 28, Data: C:\Users\DELL"
"15:21:00.5359537","ZCode.exe","23548","RegCloseKey","HKLM\SOFTWARE\Microsoft\Windows NT\CurrentVersion\ProfileList\S-1-5-21-3723388597-1227904235-2670526452-1001","SUCCESS",""
"15:21:00.5361807","ZCode.exe","23548","CreateFile","C:\Users\DELL","SUCCESS","Desired Access: Read Attributes, Disposition: Open, Options: Open Reparse Point, Attributes: n/a, ShareMode: Read, Write, Delete, AllocationSize: n/a, OpenResult: Opened"
"15:21:00.5362100","ZCode.exe","23548","QueryBasicInformationFile","C:\Users\DELL","SUCCESS","CreationTime: 23-05-2025 04:22:06, LastAccessTime: 26-06-2026 15:21:00, LastWriteTime: 25-06-2026 15:21:36, ChangeTime: 25-06-2026 15:21:36, FileAttributes: D"
"15:21:00.5362287","ZCode.exe","23548","CloseFile","C:\Users\DELL","SUCCESS",""
"15:21:00.5362753","ZCode.exe","23548","RegQueryKey","HKLM","SUCCESS","Query: HandleTags, HandleTags: 0x0"
"15:21:00.5363049","ZCode.exe","23548","RegOpenKey","HKLM\Software\Microsoft\Windows\CurrentVersion\Explorer\KnownFolderSettings","NAME NOT FOUND","Desired Access: Query Value"
"15:21:00.5363352","ZCode.exe","23548","RegQueryKey","HKLM","SUCCESS","Query: HandleTags, HandleTags: 0x0"
"15:21:00.5363653","ZCode.exe","23548","RegOpenKey","HKLM\Software\Microsoft\Windows\CurrentVersion\Explorer\KnownFolderSettings","NAME NOT FOUND","Desired Access: Query Value"
"15:21:00.5364853","ZCode.exe","23548","CreateFile","C:\Users\DELL","SUCCESS","Desired Access: Synchronize, Disposition: Open, Options: Directory, Synchronous IO Non-Alert, Open For Free Space Query, Attributes: n/a, ShareMode: None, AllocationSize: n/a, OpenResult: Opened"
"15:21:00.5365205","ZCode.exe","23548","QueryFullSizeInformationVolume","C:\Users\DELL","SUCCESS","TotalAllocationUnits: 50995455, CallerAvailableAllocationUnits: 3871750, ActualAvailableAllocationUnits: 3871750, SectorsPerAllocationUnit: 8, BytesPerSector: 512"
"15:21:00.5365345","ZCode.exe","23548","CloseFile","C:\Users\DELL","SUCCESS",""
"15:21:00.5366233","ZCode.exe","23548","CreateFile","C:\Users\DELL","SUCCESS","Desired Access: Synchronize, Disposition: Open, Options: Directory, Synchronous IO Non-Alert, Open For Free Space Query, Attributes: n/a, ShareMode: None, AllocationSize: n/a, OpenResult: Opened"
"15:21:00.5366481","ZCode.exe","23548","QueryFullSizeInformationVolume","C:\Users\DELL","SUCCESS","TotalAllocationUnits: 50995455, CallerAvailableAllocationUnits: 3871750, ActualAvailableAllocationUnits: 3871750, SectorsPerAllocationUnit: 8, BytesPerSector: 512"
"15:21:00.5366944","ZCode.exe","23548","CloseFile","C:\Users\DELL","SUCCESS",""
"15:21:00.5371027","ZCode.exe","23548","CreateFile","C:\Program Files\ZCode\dxgi.dll","NAME NOT FOUND","Desired Access: Read Attributes, Disposition: Open, Options: Open Reparse Point, Attributes: n/a, ShareMode: Read, Write, Delete, AllocationSize: n/a"
"15:21:00.5372755","ZCode.exe","23548","CreateFile","C:\Windows\System32\dxgi.dll","SUCCESS","Desired Access: Read Attributes, Disposition: Open, Options: Open Reparse Point, Attributes: n/a, ShareMode: Read, Write, Delete, AllocationSize: n/a, OpenResult: Opened"
"15:21:00.5373409","ZCode.exe","23548","QueryBasicInformationFile","C:\Windows\System32\dxgi.dll","SUCCESS","CreationTime: 24-06-2026 11:34:02, LastAccessTime: 26-06-2026 15:19:41, LastWriteTime: 24-06-2026 11:34:02, ChangeTime: 24-06-2026 16:31:22, FileAttributes: A"
"15:21:00.5373550","ZCode.exe","23548","CloseFile","C:\Windows\System32\dxgi.dll","SUCCESS",""
"15:21:00.5374956","ZCode.exe","23548","CreateFile","C:\Windows\System32\dxgi.dll","SUCCESS","Desired Access: Read Data/List Directory, Execute/Traverse, Synchronize, Disposition: Open, Options: Synchronous IO Non-Alert, Non-Directory File, Attributes: n/a, ShareMode: Read, Delete, AllocationSize: n/a, OpenResult: Opened"
"15:21:00.5375264","ZCode.exe","23548","CreateFileMapping","C:\Windows\System32\dxgi.dll","FILE LOCKED WITH ONLY READERS","SyncType: SyncTypeCreateSection, PageProtection: PAGE_EXECUTE"
"15:21:00.5375552","ZCode.exe","23548","CreateFileMapping","C:\Windows\System32\dxgi.dll","SUCCESS","SyncType: SyncTypeOther"
"15:21:00.5376881","ZCode.exe","23548","Load Image","C:\Windows\System32\dxgi.dll","SUCCESS","Image Base: 0x7ffb04500000, Image Size: 0x13e000"
"15:21:00.5379259","ZCode.exe","23548","CloseFile","C:\Windows\System32\dxgi.dll","SUCCESS",""
"15:21:00.5383220","ZCode.exe","23548","CreateFile","C:\Program Files\ZCode\ZCode.exe","SUCCESS","Desired Access: Generic Read, Disposition: Open, Options: Synchronous IO Non-Alert, Non-Directory File, Attributes: N, ShareMode: Read, Write, Delete, AllocationSize: n/a, OpenResult: Opened"
"15:21:00.5383529","ZCode.exe","23548","QueryStandardInformationFile","C:\Program Files\ZCode\ZCode.exe","SUCCESS","AllocationSize: 222867456, EndOfFile: 222866328, NumberOfLinks: 1, DeletePending: False, Directory: False"
"15:21:00.5383639","ZCode.exe","23548","CloseFile","C:\Program Files\ZCode\ZCode.exe","SUCCESS",""
"15:21:00.5383971","ZCode.exe","23548","RegQueryKey","HKCU","SUCCESS","Query: HandleTags, HandleTags: 0x0"
"15:21:00.5384099","ZCode.exe","23548","RegOpenKey","HKCU\Software\Microsoft\Direct3D","NAME NOT FOUND","Desired Access: Read"
"15:21:00.5384244","ZCode.exe","23548","RegQueryKey","HKLM","SUCCESS","Query: HandleTags, HandleTags: 0x0"
"15:21:00.5384623","ZCode.exe","23548","RegOpenKey","HKLM\Software\Microsoft\Direct3D","NAME NOT FOUND","Desired Access: Read"
"15:21:00.5387145","ZCode.exe","23548","CreateFile","C:\Windows\System32\DXCore.dll","SUCCESS","Desired Access: Read Attributes, Disposition: Open, Options: Open Reparse Point, Attributes: n/a, ShareMode: Read, Write, Delete, AllocationSize: n/a, OpenResult: Opened"
"15:21:00.5387516","ZCode.exe","23548","QueryBasicInformationFile","C:\Windows\System32\DXCore.dll","SUCCESS","CreationTime: 24-06-2026 11:33:54, LastAccessTime: 26-06-2026 15:19:41, LastWriteTime: 24-06-2026 11:33:54, ChangeTime: 24-06-2026 16:31:23, FileAttributes: A"
"15:21:00.5387619","ZCode.exe","23548","CloseFile","C:\Windows\System32\DXCore.dll","SUCCESS",""
"15:21:00.5388767","ZCode.exe","23548","CreateFile","C:\Windows\System32\DXCore.dll","SUCCESS","Desired Access: Read Data/List Directory, Execute/Traverse, Synchronize, Disposition: Open, Options: Synchronous IO Non-Alert, Non-Directory File, Attributes: n/a, ShareMode: Read, Delete, AllocationSize: n/a, OpenResult: Opened"
"15:21:00.5389154","ZCode.exe","23548","CreateFileMapping","C:\Windows\System32\DXCore.dll","FILE LOCKED WITH ONLY READERS","SyncType: SyncTypeCreateSection, PageProtection: PAGE_EXECUTE"
"15:21:00.5389412","ZCode.exe","23548","CreateFileMapping","C:\Windows\System32\DXCore.dll","SUCCESS","SyncType: SyncTypeOther"
"15:21:00.5390549","ZCode.exe","23548","Load Image","C:\Windows\System32\DXCore.dll","SUCCESS","Image Base: 0x7ffb046e0000, Image Size: 0x46000"
"15:21:00.5391763","ZCode.exe","23548","CloseFile","C:\Windows\System32\DXCore.dll","SUCCESS",""
"15:21:00.5396632","ZCode.exe","23548","CreateFile","C:\Windows\System32\ResourcePolicyClient.dll","SUCCESS","Desired Access: Read Attributes, Disposition: Open, Options: Open Reparse Point, Attributes: n/a, ShareMode: Read, Write, Delete, AllocationSize: n/a, OpenResult: Opened"
"15:21:00.5397030","ZCode.exe","23548","QueryBasicInformationFile","C:\Windows\System32\ResourcePolicyClient.dll","SUCCESS","CreationTime: 01-04-2026 10:42:17, LastAccessTime: 26-06-2026 15:19:41, LastWriteTime: 01-04-2026 10:42:17, ChangeTime: 24-06-2026 13:30:59, FileAttributes: A"
"15:21:00.5397168","ZCode.exe","23548","CloseFile","C:\Windows\System32\ResourcePolicyClient.dll","SUCCESS",""
"15:21:00.5398223","ZCode.exe","23548","CreateFile","C:\Windows\System32\ResourcePolicyClient.dll","SUCCESS","Desired Access: Read Data/List Directory, Execute/Traverse, Synchronize, Disposition: Open, Options: Synchronous IO Non-Alert, Non-Directory File, Attributes: n/a, ShareMode: Read, Delete, AllocationSize: n/a, OpenResult: Opened"
"15:21:00.5398621","ZCode.exe","23548","CreateFileMapping","C:\Windows\System32\ResourcePolicyClient.dll","FILE LOCKED WITH ONLY READERS","SyncType: SyncTypeCreateSection, PageProtection: PAGE_EXECUTE"
"15:21:00.5398933","ZCode.exe","23548","CreateFileMapping","C:\Windows\System32\ResourcePolicyClient.dll","SUCCESS","SyncType: SyncTypeOther"
"15:21:00.5400097","ZCode.exe","23548","Load Image","C:\Windows\System32\ResourcePolicyClient.dll","SUCCESS","Image Base: 0x7ffb04a60000, Image Size: 0x14000"
"15:21:00.5401578","ZCode.exe","23548","CloseFile","C:\Windows\System32\ResourcePolicyClient.dll","SUCCESS",""
"15:21:00.5402711","ZCode.exe","23548","RegOpenKey","HKLM\Software\Microsoft\SecurityManager\TransientObjects\%5C%5C.%5CRpc%5CAllowLpacAppExperience%5CInterface","SUCCESS","Desired Access: Read"
"15:21:00.5403056","ZCode.exe","23548","RegQueryValue","HKLM\SOFTWARE\Microsoft\SecurityManager\TransientObjects\%5C%5C.%5CRpc%5CAllowLpacAppExperience%5CInterface\SecurityDescriptor","BUFFER OVERFLOW","Length: 16"
"15:21:00.5403484","ZCode.exe","23548","RegQueryValue","HKLM\SOFTWARE\Microsoft\SecurityManager\TransientObjects\%5C%5C.%5CRpc%5CAllowLpacAppExperience%5CInterface\SecurityDescriptor","SUCCESS","Type: REG_BINARY, Length: 264, Data: 01 00 04 80 00 00 00 00 00 00 00 00 00 00 00 00"
"15:21:00.5403658","ZCode.exe","23548","RegCloseKey","HKLM\SOFTWARE\Microsoft\SecurityManager\TransientObjects\%5C%5C.%5CRpc%5CAllowLpacAppExperience%5CInterface","SUCCESS",""
"15:21:00.5404125","ZCode.exe","23548","RegQueryKey","HKLM","SUCCESS","Query: HandleTags, HandleTags: 0x0"
"15:21:00.5404272","ZCode.exe","23548","RegOpenKey","HKLM\Software\Microsoft\Rpc","SUCCESS","Desired Access: Read"
"15:21:00.5404468","ZCode.exe","23548","RegQueryValue","HKLM\SOFTWARE\Microsoft\Rpc\MaxRpcSize","NAME NOT FOUND","Length: 16"
"15:21:00.5404620","ZCode.exe","23548","RegCloseKey","HKLM\SOFTWARE\Microsoft\Rpc","SUCCESS",""
"15:21:00.5405134","ZCode.exe","23548","RegOpenKey","HKLM\System\CurrentControlSet\Services\CCG","REPARSE","Desired Access: Read"
"15:21:00.5405330","ZCode.exe","23548","RegOpenKey","HKLM\System\CurrentControlSet\Services\CCG","NAME NOT FOUND","Desired Access: Read"
"15:21:00.5405529","ZCode.exe","23548","RegOpenKey","HKLM\System\CurrentControlSet\Services\CCG","REPARSE","Desired Access: Read"
"15:21:00.5405672","ZCode.exe","23548","RegOpenKey","HKLM\System\CurrentControlSet\Services\CCG","NAME NOT FOUND","Desired Access: Read"
"15:21:00.5405824","ZCode.exe","23548","RegOpenKey","HKLM\System\CurrentControlSet\Control\ComputerName\ActiveComputerName","REPARSE","Desired Access: Read"
"15:21:00.5405967","ZCode.exe","23548","RegOpenKey","HKLM\System\CurrentControlSet\Control\ComputerName\ActiveComputerName","SUCCESS","Desired Access: Read"
"15:21:00.5406139","ZCode.exe","23548","RegQueryValue","HKLM\System\CurrentControlSet\Control\ComputerName\ActiveComputerName\ComputerName","SUCCESS","Type: REG_SZ, Length: 14, Data: ATHARV"
"15:21:00.5406287","ZCode.exe","23548","RegCloseKey","HKLM\System\CurrentControlSet\Control\ComputerName\ActiveComputerName","SUCCESS",""
"15:21:00.5406510","ZCode.exe","23548","RegOpenKey","HKLM\System\Setup","SUCCESS","Desired Access: Read"
"15:21:00.5406784","ZCode.exe","23548","RegQueryValue","HKLM\SYSTEM\Setup\OOBEInProgress","SUCCESS","Type: REG_DWORD, Length: 4, Data: 0"
"15:21:00.5406961","ZCode.exe","23548","RegCloseKey","HKLM\SYSTEM\Setup","SUCCESS",""
"15:21:00.5407112","ZCode.exe","23548","RegOpenKey","HKLM\System\Setup","SUCCESS","Desired Access: Read"
"15:21:00.5407256","ZCode.exe","23548","RegQueryValue","HKLM\SYSTEM\Setup\SystemSetupInProgress","SUCCESS","Type: REG_DWORD, Length: 4, Data: 0"
"15:21:00.5407467","ZCode.exe","23548","RegCloseKey","HKLM\SYSTEM\Setup","SUCCESS",""
"15:21:00.5407681","ZCode.exe","23548","RegOpenKey","HKLM\SOFTWARE\Microsoft\Windows NT\CurrentVersion\Image File Execution Options\ZCode.exe","NAME NOT FOUND","Desired Access: Query Value, Enumerate Sub Keys"
"15:21:00.5408379","ZCode.exe","23548","RegQueryKey","HKLM","SUCCESS","Query: HandleTags, HandleTags: 0x0"
"15:21:00.5408583","ZCode.exe","23548","RegOpenKey","HKLM\Software\Policies\Microsoft\Windows NT\Rpc","NAME NOT FOUND","Desired Access: Read"
"15:21:00.5409288","ZCode.exe","23548","RegQueryKey","HKLM","SUCCESS","Query: HandleTags, HandleTags: 0x0"
"15:21:00.5409501","ZCode.exe","23548","RegOpenKey","HKLM\Software\Microsoft\Rpc","SUCCESS","Desired Access: Query Value"
"15:21:00.5409684","ZCode.exe","23548","RegQueryValue","HKLM\SOFTWARE\Microsoft\Rpc\IdleTimerWindow","NAME NOT FOUND","Length: 16"
"15:21:00.5409846","ZCode.exe","23548","RegCloseKey","HKLM\SOFTWARE\Microsoft\Rpc","SUCCESS",""
"15:21:00.5428315","ZCode.exe","23548","CreateFile","C:\Windows\System32\directxdatabasehelper.dll","SUCCESS","Desired Access: Read Attributes, Disposition: Open, Options: Open Reparse Point, Attributes: n/a, ShareMode: Read, Write, Delete, AllocationSize: n/a, OpenResult: Opened"
"15:21:00.5428700","ZCode.exe","23548","QueryBasicInformationFile","C:\Windows\System32\directxdatabasehelper.dll","SUCCESS","CreationTime: 24-06-2026 11:33:54, LastAccessTime: 26-06-2026 15:19:41, LastWriteTime: 24-06-2026 11:33:54, ChangeTime: 24-06-2026 16:31:23, FileAttributes: A"
"15:21:00.5428836","ZCode.exe","23548","CloseFile","C:\Windows\System32\directxdatabasehelper.dll","SUCCESS",""
"15:21:00.5429926","ZCode.exe","23548","CreateFile","C:\Windows\System32\directxdatabasehelper.dll","SUCCESS","Desired Access: Read Data/List Directory, Execute/Traverse, Synchronize, Disposition: Open, Options: Synchronous IO Non-Alert, Non-Directory File, Attributes: n/a, ShareMode: Read, Delete, AllocationSize: n/a, OpenResult: Opened"
"15:21:00.5430218","ZCode.exe","23548","CreateFileMapping","C:\Windows\System32\directxdatabasehelper.dll","FILE LOCKED WITH ONLY READERS","SyncType: SyncTypeCreateSection, PageProtection: PAGE_EXECUTE"
"15:21:00.5430512","ZCode.exe","23548","CreateFileMapping","C:\Windows\System32\directxdatabasehelper.dll","SUCCESS","SyncType: SyncTypeOther"
"15:21:00.5432000","ZCode.exe","23548","Load Image","C:\Windows\System32\directxdatabasehelper.dll","SUCCESS","Image Base: 0x7ffafff30000, Image Size: 0x5f000"
"15:21:00.5433366","ZCode.exe","23548","CloseFile","C:\Windows\System32\directxdatabasehelper.dll","SUCCESS",""
"15:21:00.5435563","ZCode.exe","23548","RegQueryKey","HKCU","SUCCESS","Query: HandleTags, HandleTags: 0x0"
"15:21:00.5436043","ZCode.exe","23548","RegOpenKey","HKCU\Software\Microsoft\DirectX\UserGpuPreferences","NAME NOT FOUND","Desired Access: Read"
"15:21:00.5437476","ZCode.exe","23548","RegQueryKey","HKCU","SUCCESS","Query: HandleTags, HandleTags: 0x0"
"15:21:00.5437632","ZCode.exe","23548","RegOpenKey","HKCU\Software\Microsoft\DirectX\UserGpuPreferences","NAME NOT FOUND","Desired Access: Read"
"15:21:00.5440865","ZCode.exe","23548","CreateFile","C:\Windows\System32\cfgmgr32.dll","SUCCESS","Desired Access: Read Attributes, Disposition: Open, Options: Open Reparse Point, Attributes: n/a, ShareMode: Read, Write, Delete, AllocationSize: n/a, OpenResult: Opened"
"15:21:00.5441432","ZCode.exe","23548","QueryBasicInformationFile","C:\Windows\System32\cfgmgr32.dll","SUCCESS","CreationTime: 01-04-2026 10:42:17, LastAccessTime: 26-06-2026 15:19:08, LastWriteTime: 01-04-2026 10:42:17, ChangeTime: 24-06-2026 13:31:01, FileAttributes: A"
"15:21:00.5441593","ZCode.exe","23548","CloseFile","C:\Windows\System32\cfgmgr32.dll","SUCCESS",""
"15:21:00.5442762","ZCode.exe","23548","CreateFile","C:\Windows\System32\cfgmgr32.dll","SUCCESS","Desired Access: Read Data/List Directory, Execute/Traverse, Synchronize, Disposition: Open, Options: Synchronous IO Non-Alert, Non-Directory File, Attributes: n/a, ShareMode: Read, Delete, AllocationSize: n/a, OpenResult: Opened"
"15:21:00.5443256","ZCode.exe","23548","CreateFileMapping","C:\Windows\System32\cfgmgr32.dll","FILE LOCKED WITH ONLY READERS","SyncType: SyncTypeCreateSection, PageProtection: PAGE_EXECUTE"
"15:21:00.5443570","ZCode.exe","23548","CreateFileMapping","C:\Windows\System32\cfgmgr32.dll","SUCCESS","SyncType: SyncTypeOther"
"15:21:00.5444672","ZCode.exe","23548","Load Image","C:\Windows\System32\cfgmgr32.dll","SUCCESS","Image Base: 0x7ffb09aa0000, Image Size: 0x51000"
"15:21:00.5445835","ZCode.exe","23548","CloseFile","C:\Windows\System32\cfgmgr32.dll","SUCCESS",""
"15:21:00.5451265","ZCode.exe","23548","RegOpenKey","HKLM\System\CurrentControlSet\Control\Class\{4d36e968-e325-11ce-bfc1-08002be10318}\0000","SUCCESS","Desired Access: Read, Maximum Allowed"
"15:21:00.5451557","ZCode.exe","23548","RegQueryValue","HKLM\System\CurrentControlSet\Control\Class\{4d36e968-e325-11ce-bfc1-08002be10318}\0000\DXCoreAttributes","BUFFER OVERFLOW","Length: 134"
"15:21:00.5451814","ZCode.exe","23548","RegQueryValue","HKLM\System\CurrentControlSet\Control\Class\{4d36e968-e325-11ce-bfc1-08002be10318}\0000\DXCoreAttributes","SUCCESS","Type: REG_MULTI_SZ, Length: 470, Data: {B69EB219-3DED-4464-979F-A00BD4687006}, {248E2800-A793-4724-ABAA-23A6DE1BE090}, {8C47866B-7583-450D-F0F0-6BADA895AF4B}, {0C9ECE4D-2F6E-4F01-8C96-E89E331B47B1}, {B71B0D41-1088-422F-A27C-0250B7D3A988}, {8EB2C848-82F6-4B49-AA87-AECFCF0174C6}"
"15:21:00.5451966","ZCode.exe","23548","RegQueryValue","HKLM\System\CurrentControlSet\Control\Class\{4d36e968-e325-11ce-bfc1-08002be10318}\0000\DXCoreAttributes","SUCCESS","Type: REG_MULTI_SZ, Length: 470, Data: {B69EB219-3DED-4464-979F-A00BD4687006}, {248E2800-A793-4724-ABAA-23A6DE1BE090}, {8C47866B-7583-450D-F0F0-6BADA895AF4B}, {0C9ECE4D-2F6E-4F01-8C96-E89E331B47B1}, {B71B0D41-1088-422F-A27C-0250B7D3A988}, {8EB2C848-82F6-4B49-AA87-AECFCF0174C6}"
"15:21:00.5452151","ZCode.exe","23548","RegCloseKey","HKLM\System\CurrentControlSet\Control\Class\{4d36e968-e325-11ce-bfc1-08002be10318}\0000","SUCCESS",""
"15:21:00.5452364","ZCode.exe","23548","RegOpenKey","HKLM\System\CurrentControlSet\Control\Class\{4d36e968-e325-11ce-bfc1-08002be10318}\0000","SUCCESS","Desired Access: Read, Maximum Allowed"
"15:21:00.5452522","ZCode.exe","23548","RegQueryValue","HKLM\System\CurrentControlSet\Control\Class\{4d36e968-e325-11ce-bfc1-08002be10318}\0000\DXCoreAttributes","BUFFER OVERFLOW","Length: 134"
"15:21:00.5452678","ZCode.exe","23548","RegQueryValue","HKLM\System\CurrentControlSet\Control\Class\{4d36e968-e325-11ce-bfc1-08002be10318}\0000\DXCoreAttributes","SUCCESS","Type: REG_MULTI_SZ, Length: 470, Data: {B69EB219-3DED-4464-979F-A00BD4687006}, {248E2800-A793-4724-ABAA-23A6DE1BE090}, {8C47866B-7583-450D-F0F0-6BADA895AF4B}, {0C9ECE4D-2F6E-4F01-8C96-E89E331B47B1}, {B71B0D41-1088-422F-A27C-0250B7D3A988}, {8EB2C848-82F6-4B49-AA87-AECFCF0174C6}"
"15:21:00.5452837","ZCode.exe","23548","RegQueryValue","HKLM\System\CurrentControlSet\Control\Class\{4d36e968-e325-11ce-bfc1-08002be10318}\0000\DXCoreAttributes","SUCCESS","Type: REG_MULTI_SZ, Length: 470, Data: {B69EB219-3DED-4464-979F-A00BD4687006}, {248E2800-A793-4724-ABAA-23A6DE1BE090}, {8C47866B-7583-450D-F0F0-6BADA895AF4B}, {0C9ECE4D-2F6E-4F01-8C96-E89E331B47B1}, {B71B0D41-1088-422F-A27C-0250B7D3A988}, {8EB2C848-82F6-4B49-AA87-AECFCF0174C6}"
"15:21:00.5453003","ZCode.exe","23548","RegCloseKey","HKLM\System\CurrentControlSet\Control\Class\{4d36e968-e325-11ce-bfc1-08002be10318}\0000","SUCCESS",""
"15:21:00.5454241","ZCode.exe","23548","RegOpenKey","HKLM\System\CurrentControlSet\Services\BasicRender","SUCCESS","Desired Access: Read, Maximum Allowed"
"15:21:00.5455075","ZCode.exe","23548","RegQueryValue","HKLM\System\CurrentControlSet\Services\BasicRender\DXCoreAttributes","NAME NOT FOUND","Length: 134"
"15:21:00.5455359","ZCode.exe","23548","RegCloseKey","HKLM\System\CurrentControlSet\Services\BasicRender","SUCCESS",""
"15:21:00.5455697","ZCode.exe","23548","RegOpenKey","HKLM\System\CurrentControlSet\Services\BasicRender","SUCCESS","Desired Access: Read, Maximum Allowed"
"15:21:00.5455968","ZCode.exe","23548","RegQueryValue","HKLM\System\CurrentControlSet\Services\BasicRender\DXAttributes","NAME NOT FOUND","Length: 134"
"15:21:00.5456157","ZCode.exe","23548","RegCloseKey","HKLM\System\CurrentControlSet\Services\BasicRender","SUCCESS",""
"15:21:00.5458013","ZCode.exe","23548","RegOpenKey","HKLM\System\CurrentControlSet\Control\DeviceClasses\{1024e4c9-47c9-48d3-b4a8-f9df78523b53}","SUCCESS","Desired Access: All Access"
"15:21:00.5458604","ZCode.exe","23548","RegOpenKey","HKLM\System\CurrentControlSet\Control\DeviceClasses\{1024e4c9-47c9-48d3-b4a8-f9df78523b53}\Properties","NAME NOT FOUND","Desired Access: Query Value"
"15:21:00.5459039","ZCode.exe","23548","RegCloseKey","HKLM\System\CurrentControlSet\Control\DeviceClasses\{1024e4c9-47c9-48d3-b4a8-f9df78523b53}","SUCCESS",""
"15:21:00.5459589","ZCode.exe","23548","RegOpenKey","HKLM\System\CurrentControlSet\Control\DeviceClasses\{1024e4c9-47c9-48d3-b4a8-f9df78523b53}","SUCCESS","Desired Access: All Access"
"15:21:00.5459814","ZCode.exe","23548","RegOpenKey","HKLM\System\CurrentControlSet\Control\DeviceClasses\{1024e4c9-47c9-48d3-b4a8-f9df78523b53}\Properties","NAME NOT FOUND","Desired Access: Query Value"
"15:21:00.5460206","ZCode.exe","23548","RegCloseKey","HKLM\System\CurrentControlSet\Control\DeviceClasses\{1024e4c9-47c9-48d3-b4a8-f9df78523b53}","SUCCESS",""
"15:21:00.5460694","ZCode.exe","23548","RegOpenKey","HKLM\System\CurrentControlSet\Enum\ROOT\BASICRENDER\0000","SUCCESS","Desired Access: Query Value"
"15:21:00.5460992","ZCode.exe","23548","RegQueryValue","HKLM\System\CurrentControlSet\Enum\ROOT\BasicRender\0000\ConfigFlags","SUCCESS","Type: REG_DWORD, Length: 4, Data: 0"
"15:21:00.5461481","ZCode.exe","23548","RegCloseKey","HKLM\System\CurrentControlSet\Enum\ROOT\BasicRender\0000","SUCCESS",""
"15:21:00.5461869","ZCode.exe","23548","RegOpenKey","HKLM\System\CurrentControlSet\Enum\ROOT\BASICRENDER\0000","SUCCESS","Desired Access: Query Value, Maximum Allowed"
"15:21:00.5462120","ZCode.exe","23548","RegQueryValue","HKLM\System\CurrentControlSet\Enum\ROOT\BasicRender\0000\ConfigFlags","SUCCESS","Type: REG_DWORD, Length: 4, Data: 0"
"15:21:00.5462571","ZCode.exe","23548","RegCloseKey","HKLM\System\CurrentControlSet\Enum\ROOT\BasicRender\0000","SUCCESS",""
"15:21:00.5463136","ZCode.exe","23548","RegOpenKey","HKLM\System\CurrentControlSet\Enum\ROOT\BASICRENDER\0000","SUCCESS","Desired Access: Query Value, Maximum Allowed"
"15:21:00.5463354","ZCode.exe","23548","RegOpenKey","HKLM\System\CurrentControlSet\Enum\ROOT\BasicRender\0000\Properties\{60b193cb-5276-4d0f-96fc-f173abad3ec6}\0002","SUCCESS","Desired Access: Query Value"
"15:21:00.5464235","ZCode.exe","23548","RegQueryValue","HKLM\System\CurrentControlSet\Enum\ROOT\BasicRender\0000\Properties\{60b193cb-5276-4d0f-96fc-f173abad3ec6}\0002\(Default)","SUCCESS","Type: <Unknown: 4294901769>, Length: 8, Data: "
"15:21:00.5464641","ZCode.exe","23548","RegCloseKey","HKLM\System\CurrentControlSet\Enum\ROOT\BasicRender\0000\Properties\{60b193cb-5276-4d0f-96fc-f173abad3ec6}\0002","SUCCESS",""
"15:21:00.5464868","ZCode.exe","23548","RegCloseKey","HKLM\System\CurrentControlSet\Enum\ROOT\BasicRender\0000","SUCCESS",""
"15:21:00.5465125","ZCode.exe","23548","RegOpenKey","HKLM\System\CurrentControlSet\Enum\ROOT\BASICRENDER\0000","SUCCESS","Desired Access: Query Value, Maximum Allowed"
"15:21:00.5465285","ZCode.exe","23548","RegQueryValue","HKLM\System\CurrentControlSet\Enum\ROOT\BasicRender\0000\Driver","SUCCESS","Type: REG_SZ, Length: 88, Data: {4d36e97d-e325-11ce-bfc1-08002be10318}\0045"
"15:21:00.5465455","ZCode.exe","23548","RegCloseKey","HKLM\System\CurrentControlSet\Enum\ROOT\BasicRender\0000","SUCCESS",""
"15:21:00.5465778","ZCode.exe","23548","RegOpenKey","HKLM\System\CurrentControlSet\Control\Class\{4d36e97d-e325-11ce-bfc1-08002be10318}\0045","SUCCESS","Desired Access: Query Value, Enumerate Sub Keys"
"15:21:00.5466132","ZCode.exe","23548","RegQueryKeySecurity","HKLM\System\CurrentControlSet\Control\Class\{4d36e97d-e325-11ce-bfc1-08002be10318}\0045","SUCCESS",""
"15:21:00.5466292","ZCode.exe","23548","RegQueryKey","HKLM\System\CurrentControlSet\Control\Class\{4d36e97d-e325-11ce-bfc1-08002be10318}\0045","SUCCESS","Query: HandleTags, HandleTags: 0x0"
"15:21:00.5466418","ZCode.exe","23548","RegOpenKey","HKLM\System\CurrentControlSet\Control\Class\{4d36e97d-e325-11ce-bfc1-08002be10318}\0045\CopyToVmOverwrite","NAME NOT FOUND","Desired Access: Query Value, Enumerate Sub Keys"
"15:21:00.5466525","ZCode.exe","23548","RegQueryKey","HKLM\System\CurrentControlSet\Control\Class\{4d36e97d-e325-11ce-bfc1-08002be10318}\0045","SUCCESS","Query: HandleTags, HandleTags: 0x0"
"15:21:00.5466712","ZCode.exe","23548","RegOpenKey","HKLM\System\CurrentControlSet\Control\Class\{4d36e97d-e325-11ce-bfc1-08002be10318}\0045\CopyToVmWhenNewer","NAME NOT FOUND","Desired Access: Query Value, Enumerate Sub Keys"
"15:21:00.5466840","ZCode.exe","23548","RegQueryKey","HKLM\System\CurrentControlSet\Control\Class\{4d36e97d-e325-11ce-bfc1-08002be10318}\0045","SUCCESS","Query: HandleTags, HandleTags: 0x0"
"15:21:00.5466954","ZCode.exe","23548","RegOpenKey","HKLM\System\CurrentControlSet\Control\Class\{4d36e97d-e325-11ce-bfc1-08002be10318}\0045\CopyToVmOverwriteWow64","NAME NOT FOUND","Desired Access: Query Value, Enumerate Sub Keys"
"15:21:00.5467684","ZCode.exe","23548","RegQueryKey","HKLM\System\CurrentControlSet\Control\Class\{4d36e97d-e325-11ce-bfc1-08002be10318}\0045","SUCCESS","Query: HandleTags, HandleTags: 0x0"
"15:21:00.5467837","ZCode.exe","23548","RegOpenKey","HKLM\System\CurrentControlSet\Control\Class\{4d36e97d-e325-11ce-bfc1-08002be10318}\0045\CopyToVmWhenNewerWow64","NAME NOT FOUND","Desired Access: Query Value, Enumerate Sub Keys"
"15:21:00.5468016","ZCode.exe","23548","RegCloseKey","HKLM\System\CurrentControlSet\Control\Class\{4d36e97d-e325-11ce-bfc1-08002be10318}\0045","SUCCESS",""
"15:21:00.5468256","ZCode.exe","23548","RegOpenKey","HKLM\System\CurrentControlSet\Enum\ROOT\BASICRENDER\0000\Device Parameters","SUCCESS","Desired Access: Query Value, Enumerate Sub Keys"
"15:21:00.5468500","ZCode.exe","23548","RegQueryKeySecurity","HKLM\System\CurrentControlSet\Enum\ROOT\BasicRender\0000\Device Parameters","SUCCESS",""
"15:21:00.5468790","ZCode.exe","23548","RegQueryKey","HKLM\System\CurrentControlSet\Enum\ROOT\BasicRender\0000\Device Parameters","SUCCESS","Query: HandleTags, HandleTags: 0x0"
"15:21:00.5468979","ZCode.exe","23548","RegOpenKey","HKLM\System\CurrentControlSet\Enum\ROOT\BasicRender\0000\Device Parameters\CopyToVmOverwrite","NAME NOT FOUND","Desired Access: Query Value, Enumerate Sub Keys"
"15:21:00.5469405","ZCode.exe","23548","RegQueryKey","HKLM\System\CurrentControlSet\Enum\ROOT\BasicRender\0000\Device Parameters","SUCCESS","Query: HandleTags, HandleTags: 0x0"
"15:21:00.5469513","ZCode.exe","23548","RegOpenKey","HKLM\System\CurrentControlSet\Enum\ROOT\BasicRender\0000\Device Parameters\CopyToVmWhenNewer","NAME NOT FOUND","Desired Access: Query Value, Enumerate Sub Keys"
"15:21:00.5469621","ZCode.exe","23548","RegQueryKey","HKLM\System\CurrentControlSet\Enum\ROOT\BasicRender\0000\Device Parameters","SUCCESS","Query: HandleTags, HandleTags: 0x0"
"15:21:00.5469712","ZCode.exe","23548","RegOpenKey","HKLM\System\CurrentControlSet\Enum\ROOT\BasicRender\0000\Device Parameters\CopyToVmOverwriteWow64","NAME NOT FOUND","Desired Access: Query Value, Enumerate Sub Keys"
"15:21:00.5470324","ZCode.exe","23548","RegQueryKey","HKLM\System\CurrentControlSet\Enum\ROOT\BasicRender\0000\Device Parameters","SUCCESS","Query: HandleTags, HandleTags: 0x0"
"15:21:00.5470499","ZCode.exe","23548","RegOpenKey","HKLM\System\CurrentControlSet\Enum\ROOT\BasicRender\0000\Device Parameters\CopyToVmWhenNewerWow64","NAME NOT FOUND","Desired Access: Query Value, Enumerate Sub Keys"
"15:21:00.5470866","ZCode.exe","23548","RegCloseKey","HKLM\System\CurrentControlSet\Enum\ROOT\BasicRender\0000\Device Parameters","SUCCESS",""
"15:21:00.5471552","ZCode.exe","23548","RegOpenKey","HKLM\System\CurrentControlSet\Enum\PCI\VEN_8086&DEV_9A49&SUBSYS_0A201028&REV_01\3&11583659&0&10","SUCCESS","Desired Access: Query Value"
"15:21:00.5471785","ZCode.exe","23548","RegQueryValue","HKLM\System\CurrentControlSet\Enum\PCI\VEN_8086&DEV_9A49&SUBSYS_0A201028&REV_01\3&11583659&0&10\ConfigFlags","SUCCESS","Type: REG_DWORD, Length: 4, Data: 0"
"15:21:00.5471924","ZCode.exe","23548","RegCloseKey","HKLM\System\CurrentControlSet\Enum\PCI\VEN_8086&DEV_9A49&SUBSYS_0A201028&REV_01\3&11583659&0&10","SUCCESS",""
"15:21:00.5472122","ZCode.exe","23548","RegOpenKey","HKLM\System\CurrentControlSet\Enum\PCI\VEN_8086&DEV_9A49&SUBSYS_0A201028&REV_01\3&11583659&0&10","SUCCESS","Desired Access: Query Value, Maximum Allowed"
"15:21:00.5472288","ZCode.exe","23548","RegQueryValue","HKLM\System\CurrentControlSet\Enum\PCI\VEN_8086&DEV_9A49&SUBSYS_0A201028&REV_01\3&11583659&0&10\ConfigFlags","SUCCESS","Type: REG_DWORD, Length: 4, Data: 0"
"15:21:00.5472607","ZCode.exe","23548","RegCloseKey","HKLM\System\CurrentControlSet\Enum\PCI\VEN_8086&DEV_9A49&SUBSYS_0A201028&REV_01\3&11583659&0&10","SUCCESS",""
"15:21:00.5473141","ZCode.exe","23548","RegOpenKey","HKLM\System\CurrentControlSet\Enum\PCI\VEN_8086&DEV_9A49&SUBSYS_0A201028&REV_01\3&11583659&0&10","SUCCESS","Desired Access: Query Value, Maximum Allowed"
"15:21:00.5473468","ZCode.exe","23548","RegOpenKey","HKLM\System\CurrentControlSet\Enum\PCI\VEN_8086&DEV_9A49&SUBSYS_0A201028&REV_01\3&11583659&0&10\Properties\{60b193cb-5276-4d0f-96fc-f173abad3ec6}\0002","SUCCESS","Desired Access: Query Value"
"15:21:00.5473871","ZCode.exe","23548","RegQueryValue","HKLM\System\CurrentControlSet\Enum\PCI\VEN_8086&DEV_9A49&SUBSYS_0A201028&REV_01\3&11583659&0&10\Properties\{60b193cb-5276-4d0f-96fc-f173abad3ec6}\0002\(Default)","SUCCESS","Type: <Unknown: 4294901769>, Length: 8, Data: "
"15:21:00.5474044","ZCode.exe","23548","RegCloseKey","HKLM\System\CurrentControlSet\Enum\PCI\VEN_8086&DEV_9A49&SUBSYS_0A201028&REV_01\3&11583659&0&10\Properties\{60b193cb-5276-4d0f-96fc-f173abad3ec6}\0002","SUCCESS",""
"15:21:00.5474202","ZCode.exe","23548","RegCloseKey","HKLM\System\CurrentControlSet\Enum\PCI\VEN_8086&DEV_9A49&SUBSYS_0A201028&REV_01\3&11583659&0&10","SUCCESS",""
"15:21:00.5474481","ZCode.exe","23548","RegOpenKey","HKLM\System\CurrentControlSet\Enum\PCI\VEN_8086&DEV_9A49&SUBSYS_0A201028&REV_01\3&11583659&0&10","SUCCESS","Desired Access: Query Value, Maximum Allowed"
"15:21:00.5474679","ZCode.exe","23548","RegQueryValue","HKLM\System\CurrentControlSet\Enum\PCI\VEN_8086&DEV_9A49&SUBSYS_0A201028&REV_01\3&11583659&0&10\Driver","SUCCESS","Type: REG_SZ, Length: 88, Data: {4d36e968-e325-11ce-bfc1-08002be10318}\0000"
"15:21:00.5474864","ZCode.exe","23548","RegCloseKey","HKLM\System\CurrentControlSet\Enum\PCI\VEN_8086&DEV_9A49&SUBSYS_0A201028&REV_01\3&11583659&0&10","SUCCESS",""
"15:21:00.5475034","ZCode.exe","23548","RegOpenKey","HKLM\System\CurrentControlSet\Control\Class\{4d36e968-e325-11ce-bfc1-08002be10318}\0000","SUCCESS","Desired Access: Query Value, Enumerate Sub Keys"
"15:21:00.5475263","ZCode.exe","23548","RegQueryKeySecurity","HKLM\System\CurrentControlSet\Control\Class\{4d36e968-e325-11ce-bfc1-08002be10318}\0000","SUCCESS",""
"15:21:00.5475430","ZCode.exe","23548","RegQueryKey","HKLM\System\CurrentControlSet\Control\Class\{4d36e968-e325-11ce-bfc1-08002be10318}\0000","SUCCESS","Query: HandleTags, HandleTags: 0x0"
"15:21:00.5475567","ZCode.exe","23548","RegOpenKey","HKLM\System\CurrentControlSet\Control\Class\{4d36e968-e325-11ce-bfc1-08002be10318}\0000\CopyToVmOverwrite","SUCCESS","Desired Access: Query Value, Enumerate Sub Keys"
"15:21:00.5476142","ZCode.exe","23548","RegQueryKey","HKLM\System\CurrentControlSet\Control\Class\{4d36e968-e325-11ce-bfc1-08002be10318}\0000\CopyToVMOverwrite","SUCCESS","Query: Cached, SubKeys: 0, Values: 3"
"15:21:00.5476711","ZCode.exe","23548","RegEnumValue","HKLM\System\CurrentControlSet\Control\Class\{4d36e968-e325-11ce-bfc1-08002be10318}\0000\CopyToVMOverwrite","SUCCESS","Index: 0, Name: ControlApi, Type: REG_MULTI_SZ, Length: 62, Data: ControlLib.dll, ControlLib.dll"
"15:21:00.5476949","ZCode.exe","23548","RegEnumValue","HKLM\System\CurrentControlSet\Control\Class\{4d36e968-e325-11ce-bfc1-08002be10318}\0000\CopyToVMOverwrite","SUCCESS","Index: 1, Name: MSDKLib64, Type: REG_MULTI_SZ, Length: 32, Data: libmfxhw64.dll"
"15:21:00.5477103","ZCode.exe","23548","RegEnumValue","HKLM\System\CurrentControlSet\Control\Class\{4d36e968-e325-11ce-bfc1-08002be10318}\0000\CopyToVMOverwrite","SUCCESS","Index: 2, Name: MSDKPlg64, Type: REG_MULTI_SZ, Length: 40, Data: mfxplugin64_hw.dll"
"15:21:00.5477258","ZCode.exe","23548","RegCloseKey","HKLM\System\CurrentControlSet\Control\Class\{4d36e968-e325-11ce-bfc1-08002be10318}\0000\CopyToVMOverwrite","SUCCESS",""
"15:21:00.5477400","ZCode.exe","23548","RegQueryKey","HKLM\System\CurrentControlSet\Control\Class\{4d36e968-e325-11ce-bfc1-08002be10318}\0000","SUCCESS","Query: HandleTags, HandleTags: 0x0"
"15:21:00.5477570","ZCode.exe","23548","RegOpenKey","HKLM\System\CurrentControlSet\Control\Class\{4d36e968-e325-11ce-bfc1-08002be10318}\0000\CopyToVmWhenNewer","SUCCESS","Desired Access: Query Value, Enumerate Sub Keys"
"15:21:00.5477913","ZCode.exe","23548","RegQueryKey","HKLM\System\CurrentControlSet\Control\Class\{4d36e968-e325-11ce-bfc1-08002be10318}\0000\CopyToVMWhenNewer","SUCCESS","Query: Cached, SubKeys: 0, Values: 6"
"15:21:00.5478118","ZCode.exe","23548","RegEnumValue","HKLM\System\CurrentControlSet\Control\Class\{4d36e968-e325-11ce-bfc1-08002be10318}\0000\CopyToVMWhenNewer","SUCCESS","Index: 0, Name: LevelZero, Type: REG_MULTI_SZ, Length: 114, Data: ze_intel_gpu_raytracing.dll, ze_intel_gpu_raytracing.dll"
"15:21:00.5478292","ZCode.exe","23548","RegEnumValue","HKLM\System\CurrentControlSet\Control\Class\{4d36e968-e325-11ce-bfc1-08002be10318}\0000\CopyToVMWhenNewer","SUCCESS","Index: 1, Name: OclIcdLoader, Type: REG_MULTI_SZ, Length: 70, Data: Intel_OpenCL_ICD64.dll, OpenCL.dll"
"15:21:00.5478455","ZCode.exe","23548","RegEnumValue","HKLM\System\CurrentControlSet\Control\Class\{4d36e968-e325-11ce-bfc1-08002be10318}\0000\CopyToVMWhenNewer","SUCCESS","Index: 2, Name: VulkanLib1, Type: REG_MULTI_SZ, Length: 60, Data: vulkan-1-64.dll, vulkan-1.dll"
"15:21:00.5478616","ZCode.exe","23548","RegEnumValue","HKLM\System\CurrentControlSet\Control\Class\{4d36e968-e325-11ce-bfc1-08002be10318}\0000\CopyToVMWhenNewer","SUCCESS","Index: 3, Name: VulkanLib2, Type: REG_MULTI_SZ, Length: 80, Data: vulkan-1-64.dll, vulkan-1-999-0-0-0.dll"
"15:21:00.5478759","ZCode.exe","23548","RegEnumValue","HKLM\System\CurrentControlSet\Control\Class\{4d36e968-e325-11ce-bfc1-08002be10318}\0000\CopyToVMWhenNewer","SUCCESS","Index: 4, Name: VulkanExe1, Type: REG_MULTI_SZ, Length: 68, Data: vulkaninfo-64.exe, vulkaninfo.exe"
"15:21:00.5478876","ZCode.exe","23548","RegEnumValue","HKLM\System\CurrentControlSet\Control\Class\{4d36e968-e325-11ce-bfc1-08002be10318}\0000\CopyToVMWhenNewer","SUCCESS","Index: 5, Name: VulkanExe2, Type: REG_MULTI_SZ, Length: 92, Data: vulkaninfo-64.exe, vulkaninfo-1-999-0-0-0.exe"
"15:21:00.5479018","ZCode.exe","23548","RegCloseKey","HKLM\System\CurrentControlSet\Control\Class\{4d36e968-e325-11ce-bfc1-08002be10318}\0000\CopyToVMWhenNewer","SUCCESS",""
"15:21:00.5479283","ZCode.exe","23548","RegQueryKey","HKLM\System\CurrentControlSet\Control\Class\{4d36e968-e325-11ce-bfc1-08002be10318}\0000","SUCCESS","Query: HandleTags, HandleTags: 0x0"
"15:21:00.5479457","ZCode.exe","23548","RegOpenKey","HKLM\System\CurrentControlSet\Control\Class\{4d36e968-e325-11ce-bfc1-08002be10318}\0000\CopyToVmOverwriteWow64","SUCCESS","Desired Access: Query Value, Enumerate Sub Keys"
"15:21:00.5479675","ZCode.exe","23548","RegQueryKey","HKLM\System\CurrentControlSet\Control\Class\{4d36e968-e325-11ce-bfc1-08002be10318}\0000\CopyToVMOverwriteWow64","SUCCESS","Query: Cached, SubKeys: 0, Values: 2"
"15:21:00.5479813","ZCode.exe","23548","RegEnumValue","HKLM\System\CurrentControlSet\Control\Class\{4d36e968-e325-11ce-bfc1-08002be10318}\0000\CopyToVMOverwriteWow64","SUCCESS","Index: 0, Name: MSDKLib32, Type: REG_MULTI_SZ, Length: 32, Data: libmfxhw32.dll"
"15:21:00.5479939","ZCode.exe","23548","RegEnumValue","HKLM\System\CurrentControlSet\Control\Class\{4d36e968-e325-11ce-bfc1-08002be10318}\0000\CopyToVMOverwriteWow64","SUCCESS","Index: 1, Name: MSDKPlg32, Type: REG_MULTI_SZ, Length: 40, Data: mfxplugin32_hw.dll"
"15:21:00.5480090","ZCode.exe","23548","RegCloseKey","HKLM\System\CurrentControlSet\Control\Class\{4d36e968-e325-11ce-bfc1-08002be10318}\0000\CopyToVMOverwriteWow64","SUCCESS",""
"15:21:00.5480211","ZCode.exe","23548","RegQueryKey","HKLM\System\CurrentControlSet\Control\Class\{4d36e968-e325-11ce-bfc1-08002be10318}\0000","SUCCESS","Query: HandleTags, HandleTags: 0x0"
"15:21:00.5480341","ZCode.exe","23548","RegOpenKey","HKLM\System\CurrentControlSet\Control\Class\{4d36e968-e325-11ce-bfc1-08002be10318}\0000\CopyToVmWhenNewerWow64","SUCCESS","Desired Access: Query Value, Enumerate Sub Keys"
"15:21:00.5480516","ZCode.exe","23548","RegQueryKey","HKLM\System\CurrentControlSet\Control\Class\{4d36e968-e325-11ce-bfc1-08002be10318}\0000\CopyToVMWhenNewerWow64","SUCCESS","Query: Cached, SubKeys: 0, Values: 5"
"15:21:00.5480688","ZCode.exe","23548","RegEnumValue","HKLM\System\CurrentControlSet\Control\Class\{4d36e968-e325-11ce-bfc1-08002be10318}\0000\CopyToVMWhenNewerWow64","SUCCESS","Index: 0, Name: OclIcdLoader, Type: REG_MULTI_SZ, Length: 70, Data: Intel_OpenCL_ICD32.dll, OpenCL.dll"
"15:21:00.5480852","ZCode.exe","23548","RegEnumValue","HKLM\System\CurrentControlSet\Control\Class\{4d36e968-e325-11ce-bfc1-08002be10318}\0000\CopyToVMWhenNewerWow64","SUCCESS","Index: 1, Name: VulkanLib1, Type: REG_MULTI_SZ, Length: 60, Data: vulkan-1-32.dll, vulkan-1.dll"
"15:21:00.5480980","ZCode.exe","23548","RegEnumValue","HKLM\System\CurrentControlSet\Control\Class\{4d36e968-e325-11ce-bfc1-08002be10318}\0000\CopyToVMWhenNewerWow64","SUCCESS","Index: 2, Name: VulkanLib2, Type: REG_MULTI_SZ, Length: 80, Data: vulkan-1-32.dll, vulkan-1-999-0-0-0.dll"
"15:21:00.5481091","ZCode.exe","23548","RegEnumValue","HKLM\System\CurrentControlSet\Control\Class\{4d36e968-e325-11ce-bfc1-08002be10318}\0000\CopyToVMWhenNewerWow64","SUCCESS","Index: 3, Name: VulkanExe1, Type: REG_MULTI_SZ, Length: 68, Data: vulkaninfo-32.exe, vulkaninfo.exe"
"15:21:00.5481200","ZCode.exe","23548","RegEnumValue","HKLM\System\CurrentControlSet\Control\Class\{4d36e968-e325-11ce-bfc1-08002be10318}\0000\CopyToVMWhenNewerWow64","SUCCESS","Index: 4, Name: VulkanExe2, Type: REG_MULTI_SZ, Length: 92, Data: vulkaninfo-32.exe, vulkaninfo-1-999-0-0-0.exe"
"15:21:00.5481332","ZCode.exe","23548","RegCloseKey","HKLM\System\CurrentControlSet\Control\Class\{4d36e968-e325-11ce-bfc1-08002be10318}\0000\CopyToVMWhenNewerWow64","SUCCESS",""
"15:21:00.5481455","ZCode.exe","23548","RegCloseKey","HKLM\System\CurrentControlSet\Control\Class\{4d36e968-e325-11ce-bfc1-08002be10318}\0000","SUCCESS",""
"15:21:00.5481677","ZCode.exe","23548","RegOpenKey","HKLM\System\CurrentControlSet\Enum\PCI\VEN_8086&DEV_9A49&SUBSYS_0A201028&REV_01\3&11583659&0&10\Device Parameters","SUCCESS","Desired Access: Query Value, Enumerate Sub Keys"
"15:21:00.5481910","ZCode.exe","23548","RegQueryKeySecurity","HKLM\System\CurrentControlSet\Enum\PCI\VEN_8086&DEV_9A49&SUBSYS_0A201028&REV_01\3&11583659&0&10\Device Parameters","SUCCESS",""
"15:21:00.5482051","ZCode.exe","23548","RegQueryKey","HKLM\System\CurrentControlSet\Enum\PCI\VEN_8086&DEV_9A49&SUBSYS_0A201028&REV_01\3&11583659&0&10\Device Parameters","SUCCESS","Query: HandleTags, HandleTags: 0x0"
"15:21:00.5482210","ZCode.exe","23548","RegOpenKey","HKLM\System\CurrentControlSet\Enum\PCI\VEN_8086&DEV_9A49&SUBSYS_0A201028&REV_01\3&11583659&0&10\Device Parameters\CopyToVmOverwrite","NAME NOT FOUND","Desired Access: Query Value, Enumerate Sub Keys"
"15:21:00.5482346","ZCode.exe","23548","RegQueryKey","HKLM\System\CurrentControlSet\Enum\PCI\VEN_8086&DEV_9A49&SUBSYS_0A201028&REV_01\3&11583659&0&10\Device Parameters","SUCCESS","Query: HandleTags, HandleTags: 0x0"
"15:21:00.5482467","ZCode.exe","23548","RegOpenKey","HKLM\System\CurrentControlSet\Enum\PCI\VEN_8086&DEV_9A49&SUBSYS_0A201028&REV_01\3&11583659&0&10\Device Parameters\CopyToVmWhenNewer","NAME NOT FOUND","Desired Access: Query Value, Enumerate Sub Keys"
"15:21:00.5482617","ZCode.exe","23548","RegQueryKey","HKLM\System\CurrentControlSet\Enum\PCI\VEN_8086&DEV_9A49&SUBSYS_0A201028&REV_01\3&11583659&0&10\Device Parameters","SUCCESS","Query: HandleTags, HandleTags: 0x0"
"15:21:00.5482886","ZCode.exe","23548","RegOpenKey","HKLM\System\CurrentControlSet\Enum\PCI\VEN_8086&DEV_9A49&SUBSYS_0A201028&REV_01\3&11583659&0&10\Device Parameters\CopyToVmOverwriteWow64","NAME NOT FOUND","Desired Access: Query Value, Enumerate Sub Keys"
"15:21:00.5483106","ZCode.exe","23548","RegQueryKey","HKLM\System\CurrentControlSet\Enum\PCI\VEN_8086&DEV_9A49&SUBSYS_0A201028&REV_01\3&11583659&0&10\Device Parameters","SUCCESS","Query: HandleTags, HandleTags: 0x0"
"15:21:00.5483259","ZCode.exe","23548","RegOpenKey","HKLM\System\CurrentControlSet\Enum\PCI\VEN_8086&DEV_9A49&SUBSYS_0A201028&REV_01\3&11583659&0&10\Device Parameters\CopyToVmWhenNewerWow64","NAME NOT FOUND","Desired Access: Query Value, Enumerate Sub Keys"
"15:21:00.5483423","ZCode.exe","23548","RegCloseKey","HKLM\System\CurrentControlSet\Enum\PCI\VEN_8086&DEV_9A49&SUBSYS_0A201028&REV_01\3&11583659&0&10\Device Parameters","SUCCESS",""
"15:21:00.5487119","ZCode.exe","23548","RegOpenKey","HKLM\System\CurrentControlSet\Control\Class\{4d36e968-e325-11ce-bfc1-08002be10318}\0000","SUCCESS","Desired Access: Read, Maximum Allowed"
"15:21:00.5487384","ZCode.exe","23548","RegQueryValue","HKLM\System\CurrentControlSet\Control\Class\{4d36e968-e325-11ce-bfc1-08002be10318}\0000\DXCoreAttributes","BUFFER OVERFLOW","Length: 134"
"15:21:00.5487618","ZCode.exe","23548","RegQueryValue","HKLM\System\CurrentControlSet\Control\Class\{4d36e968-e325-11ce-bfc1-08002be10318}\0000\DXCoreAttributes","SUCCESS","Type: REG_MULTI_SZ, Length: 470, Data: {B69EB219-3DED-4464-979F-A00BD4687006}, {248E2800-A793-4724-ABAA-23A6DE1BE090}, {8C47866B-7583-450D-F0F0-6BADA895AF4B}, {0C9ECE4D-2F6E-4F01-8C96-E89E331B47B1}, {B71B0D41-1088-422F-A27C-0250B7D3A988}, {8EB2C848-82F6-4B49-AA87-AECFCF0174C6}"
"15:21:00.5487818","ZCode.exe","23548","RegQueryValue","HKLM\System\CurrentControlSet\Control\Class\{4d36e968-e325-11ce-bfc1-08002be10318}\0000\DXCoreAttributes","SUCCESS","Type: REG_MULTI_SZ, Length: 470, Data: {B69EB219-3DED-4464-979F-A00BD4687006}, {248E2800-A793-4724-ABAA-23A6DE1BE090}, {8C47866B-7583-450D-F0F0-6BADA895AF4B}, {0C9ECE4D-2F6E-4F01-8C96-E89E331B47B1}, {B71B0D41-1088-422F-A27C-0250B7D3A988}, {8EB2C848-82F6-4B49-AA87-AECFCF0174C6}"
"15:21:00.5488017","ZCode.exe","23548","RegCloseKey","HKLM\System\CurrentControlSet\Control\Class\{4d36e968-e325-11ce-bfc1-08002be10318}\0000","SUCCESS",""
"15:21:00.5488550","ZCode.exe","23548","RegOpenKey","HKLM\System\CurrentControlSet\Control\Class\{4d36e968-e325-11ce-bfc1-08002be10318}\0000","SUCCESS","Desired Access: Read, Maximum Allowed"
"15:21:00.5488726","ZCode.exe","23548","RegQueryValue","HKLM\System\CurrentControlSet\Control\Class\{4d36e968-e325-11ce-bfc1-08002be10318}\0000\DXCoreAttributes","BUFFER OVERFLOW","Length: 134"
"15:21:00.5488872","ZCode.exe","23548","RegQueryValue","HKLM\System\CurrentControlSet\Control\Class\{4d36e968-e325-11ce-bfc1-08002be10318}\0000\DXCoreAttributes","SUCCESS","Type: REG_MULTI_SZ, Length: 470, Data: {B69EB219-3DED-4464-979F-A00BD4687006}, {248E2800-A793-4724-ABAA-23A6DE1BE090}, {8C47866B-7583-450D-F0F0-6BADA895AF4B}, {0C9ECE4D-2F6E-4F01-8C96-E89E331B47B1}, {B71B0D41-1088-422F-A27C-0250B7D3A988}, {8EB2C848-82F6-4B49-AA87-AECFCF0174C6}"
"15:21:00.5489026","ZCode.exe","23548","RegQueryValue","HKLM\System\CurrentControlSet\Control\Class\{4d36e968-e325-11ce-bfc1-08002be10318}\0000\DXCoreAttributes","SUCCESS","Type: REG_MULTI_SZ, Length: 470, Data: {B69EB219-3DED-4464-979F-A00BD4687006}, {248E2800-A793-4724-ABAA-23A6DE1BE090}, {8C47866B-7583-450D-F0F0-6BADA895AF4B}, {0C9ECE4D-2F6E-4F01-8C96-E89E331B47B1}, {B71B0D41-1088-422F-A27C-0250B7D3A988}, {8EB2C848-82F6-4B49-AA87-AECFCF0174C6}"
"15:21:00.5489531","ZCode.exe","23548","RegCloseKey","HKLM\System\CurrentControlSet\Control\Class\{4d36e968-e325-11ce-bfc1-08002be10318}\0000","SUCCESS",""
"15:21:00.5491200","ZCode.exe","23548","RegOpenKey","HKLM\System\CurrentControlSet\Services\BasicRender","SUCCESS","Desired Access: Read, Maximum Allowed"
"15:21:00.5491464","ZCode.exe","23548","RegQueryValue","HKLM\System\CurrentControlSet\Services\BasicRender\DXCoreAttributes","NAME NOT FOUND","Length: 134"
"15:21:00.5491648","ZCode.exe","23548","RegCloseKey","HKLM\System\CurrentControlSet\Services\BasicRender","SUCCESS",""
"15:21:00.5491893","ZCode.exe","23548","RegOpenKey","HKLM\System\CurrentControlSet\Services\BasicRender","SUCCESS","Desired Access: Read, Maximum Allowed"
"15:21:00.5492045","ZCode.exe","23548","RegQueryValue","HKLM\System\CurrentControlSet\Services\BasicRender\DXAttributes","NAME NOT FOUND","Length: 134"
"15:21:00.5492176","ZCode.exe","23548","RegCloseKey","HKLM\System\CurrentControlSet\Services\BasicRender","SUCCESS",""
"15:21:00.5492638","ZCode.exe","23548","RegOpenKey","HKLM\System\CurrentControlSet\Control\DeviceClasses\{1024e4c9-47c9-48d3-b4a8-f9df78523b53}","SUCCESS","Desired Access: All Access"
"15:21:00.5492898","ZCode.exe","23548","RegOpenKey","HKLM\System\CurrentControlSet\Control\DeviceClasses\{1024e4c9-47c9-48d3-b4a8-f9df78523b53}\Properties","NAME NOT FOUND","Desired Access: Query Value"
"15:21:00.5493286","ZCode.exe","23548","RegCloseKey","HKLM\System\CurrentControlSet\Control\DeviceClasses\{1024e4c9-47c9-48d3-b4a8-f9df78523b53}","SUCCESS",""
"15:21:00.5493479","ZCode.exe","23548","RegOpenKey","HKLM\System\CurrentControlSet\Control\DeviceClasses\{1024e4c9-47c9-48d3-b4a8-f9df78523b53}","SUCCESS","Desired Access: All Access"
"15:21:00.5493621","ZCode.exe","23548","RegOpenKey","HKLM\System\CurrentControlSet\Control\DeviceClasses\{1024e4c9-47c9-48d3-b4a8-f9df78523b53}\Properties","NAME NOT FOUND","Desired Access: Query Value"
"15:21:00.5493819","ZCode.exe","23548","RegCloseKey","HKLM\System\CurrentControlSet\Control\DeviceClasses\{1024e4c9-47c9-48d3-b4a8-f9df78523b53}","SUCCESS",""
"15:21:00.5494152","ZCode.exe","23548","RegOpenKey","HKLM\System\CurrentControlSet\Enum\ROOT\BASICRENDER\0000","SUCCESS","Desired Access: Query Value"
"15:21:00.5494366","ZCode.exe","23548","RegQueryValue","HKLM\System\CurrentControlSet\Enum\ROOT\BasicRender\0000\ConfigFlags","SUCCESS","Type: REG_DWORD, Length: 4, Data: 0"
"15:21:00.5494587","ZCode.exe","23548","RegCloseKey","HKLM\System\CurrentControlSet\Enum\ROOT\BasicRender\0000","SUCCESS",""
"15:21:00.5494823","ZCode.exe","23548","RegOpenKey","HKLM\System\CurrentControlSet\Enum\ROOT\BASICRENDER\0000","SUCCESS","Desired Access: Query Value, Maximum Allowed"
"15:21:00.5495218","ZCode.exe","23548","RegQueryValue","HKLM\System\CurrentControlSet\Enum\ROOT\BasicRender\0000\ConfigFlags","SUCCESS","Type: REG_DWORD, Length: 4, Data: 0"
"15:21:00.5495434","ZCode.exe","23548","RegCloseKey","HKLM\System\CurrentControlSet\Enum\ROOT\BasicRender\0000","SUCCESS",""
"15:21:00.5495757","ZCode.exe","23548","RegOpenKey","HKLM\System\CurrentControlSet\Enum\ROOT\BASICRENDER\0000","SUCCESS","Desired Access: Query Value, Maximum Allowed"
"15:21:00.5496193","ZCode.exe","23548","RegOpenKey","HKLM\System\CurrentControlSet\Enum\ROOT\BasicRender\0000\Properties\{60b193cb-5276-4d0f-96fc-f173abad3ec6}\0002","SUCCESS","Desired Access: Query Value"
"15:21:00.5496391","ZCode.exe","23548","RegQueryValue","HKLM\System\CurrentControlSet\Enum\ROOT\BasicRender\0000\Properties\{60b193cb-5276-4d0f-96fc-f173abad3ec6}\0002\(Default)","SUCCESS","Type: <Unknown: 4294901769>, Length: 8, Data: "
"15:21:00.5496574","ZCode.exe","23548","RegCloseKey","HKLM\System\CurrentControlSet\Enum\ROOT\BasicRender\0000\Properties\{60b193cb-5276-4d0f-96fc-f173abad3ec6}\0002","SUCCESS",""
"15:21:00.5496784","ZCode.exe","23548","RegCloseKey","HKLM\System\CurrentControlSet\Enum\ROOT\BasicRender\0000","SUCCESS",""
"15:21:00.5497171","ZCode.exe","23548","RegOpenKey","HKLM\System\CurrentControlSet\Enum\ROOT\BASICRENDER\0000","SUCCESS","Desired Access: Query Value, Maximum Allowed"
"15:21:00.5497383","ZCode.exe","23548","RegQueryValue","HKLM\System\CurrentControlSet\Enum\ROOT\BasicRender\0000\Driver","SUCCESS","Type: REG_SZ, Length: 88, Data: {4d36e97d-e325-11ce-bfc1-08002be10318}\0045"
"15:21:00.5497580","ZCode.exe","23548","RegCloseKey","HKLM\System\CurrentControlSet\Enum\ROOT\BasicRender\0000","SUCCESS",""
"15:21:00.5497762","ZCode.exe","23548","RegOpenKey","HKLM\System\CurrentControlSet\Control\Class\{4d36e97d-e325-11ce-bfc1-08002be10318}\0045","SUCCESS","Desired Access: Query Value, Enumerate Sub Keys"
"15:21:00.5498050","ZCode.exe","23548","RegQueryKeySecurity","HKLM\System\CurrentControlSet\Control\Class\{4d36e97d-e325-11ce-bfc1-08002be10318}\0045","SUCCESS",""
"15:21:00.5498224","ZCode.exe","23548","RegQueryKey","HKLM\System\CurrentControlSet\Control\Class\{4d36e97d-e325-11ce-bfc1-08002be10318}\0045","SUCCESS","Query: HandleTags, HandleTags: 0x0"
"15:21:00.5498369","ZCode.exe","23548","RegOpenKey","HKLM\System\CurrentControlSet\Control\Class\{4d36e97d-e325-11ce-bfc1-08002be10318}\0045\CopyToVmOverwrite","NAME NOT FOUND","Desired Access: Query Value, Enumerate Sub Keys"
"15:21:00.5498522","ZCode.exe","23548","RegQueryKey","HKLM\System\CurrentControlSet\Control\Class\{4d36e97d-e325-11ce-bfc1-08002be10318}\0045","SUCCESS","Query: HandleTags, HandleTags: 0x0"
"15:21:00.5498661","ZCode.exe","23548","RegOpenKey","HKLM\System\CurrentControlSet\Control\Class\{4d36e97d-e325-11ce-bfc1-08002be10318}\0045\CopyToVmWhenNewer","NAME NOT FOUND","Desired Access: Query Value, Enumerate Sub Keys"
"15:21:00.5498804","ZCode.exe","23548","RegQueryKey","HKLM\System\CurrentControlSet\Control\Class\{4d36e97d-e325-11ce-bfc1-08002be10318}\0045","SUCCESS","Query: HandleTags, HandleTags: 0x0"
"15:21:00.5499116","ZCode.exe","23548","RegOpenKey","HKLM\System\CurrentControlSet\Control\Class\{4d36e97d-e325-11ce-bfc1-08002be10318}\0045\CopyToVmOverwriteWow64","NAME NOT FOUND","Desired Access: Query Value, Enumerate Sub Keys"
"15:21:00.5499255","ZCode.exe","23548","RegQueryKey","HKLM\System\CurrentControlSet\Control\Class\{4d36e97d-e325-11ce-bfc1-08002be10318}\0045","SUCCESS","Query: HandleTags, HandleTags: 0x0"
"15:21:00.5499381","ZCode.exe","23548","RegOpenKey","HKLM\System\CurrentControlSet\Control\Class\{4d36e97d-e325-11ce-bfc1-08002be10318}\0045\CopyToVmWhenNewerWow64","NAME NOT FOUND","Desired Access: Query Value, Enumerate Sub Keys"
"15:21:00.5499532","ZCode.exe","23548","RegCloseKey","HKLM\System\CurrentControlSet\Control\Class\{4d36e97d-e325-11ce-bfc1-08002be10318}\0045","SUCCESS",""
"15:21:00.5499733","ZCode.exe","23548","RegOpenKey","HKLM\System\CurrentControlSet\Enum\ROOT\BASICRENDER\0000\Device Parameters","SUCCESS","Desired Access: Query Value, Enumerate Sub Keys"
"15:21:00.5499904","ZCode.exe","23548","RegQueryKeySecurity","HKLM\System\CurrentControlSet\Enum\ROOT\BasicRender\0000\Device Parameters","SUCCESS",""
"15:21:00.5500021","ZCode.exe","23548","RegQueryKey","HKLM\System\CurrentControlSet\Enum\ROOT\BasicRender\0000\Device Parameters","SUCCESS","Query: HandleTags, HandleTags: 0x0"
"15:21:00.5500111","ZCode.exe","23548","RegOpenKey","HKLM\System\CurrentControlSet\Enum\ROOT\BasicRender\0000\Device Parameters\CopyToVmOverwrite","NAME NOT FOUND","Desired Access: Query Value, Enumerate Sub Keys"
"15:21:00.5500206","ZCode.exe","23548","RegQueryKey","HKLM\System\CurrentControlSet\Enum\ROOT\BasicRender\0000\Device Parameters","SUCCESS","Query: HandleTags, HandleTags: 0x0"
"15:21:00.5500292","ZCode.exe","23548","RegOpenKey","HKLM\System\CurrentControlSet\Enum\ROOT\BasicRender\0000\Device Parameters\CopyToVmWhenNewer","NAME NOT FOUND","Desired Access: Query Value, Enumerate Sub Keys"
"15:21:00.5500378","ZCode.exe","23548","RegQueryKey","HKLM\System\CurrentControlSet\Enum\ROOT\BasicRender\0000\Device Parameters","SUCCESS","Query: HandleTags, HandleTags: 0x0"
"15:21:00.5500464","ZCode.exe","23548","RegOpenKey","HKLM\System\CurrentControlSet\Enum\ROOT\BasicRender\0000\Device Parameters\CopyToVmOverwriteWow64","NAME NOT FOUND","Desired Access: Query Value, Enumerate Sub Keys"
"15:21:00.5500552","ZCode.exe","23548","RegQueryKey","HKLM\System\CurrentControlSet\Enum\ROOT\BasicRender\0000\Device Parameters","SUCCESS","Query: HandleTags, HandleTags: 0x0"
"15:21:00.5500717","ZCode.exe","23548","RegOpenKey","HKLM\System\CurrentControlSet\Enum\ROOT\BasicRender\0000\Device Parameters\CopyToVmWhenNewerWow64","NAME NOT FOUND","Desired Access: Query Value, Enumerate Sub Keys"
"15:21:00.5500825","ZCode.exe","23548","RegCloseKey","HKLM\System\CurrentControlSet\Enum\ROOT\BasicRender\0000\Device Parameters","SUCCESS",""
"15:21:00.5501391","ZCode.exe","23548","RegOpenKey","HKLM\System\CurrentControlSet\Enum\PCI\VEN_8086&DEV_9A49&SUBSYS_0A201028&REV_01\3&11583659&0&10","SUCCESS","Desired Access: Query Value"
"15:21:00.5501860","ZCode.exe","23548","RegQueryValue","HKLM\System\CurrentControlSet\Enum\PCI\VEN_8086&DEV_9A49&SUBSYS_0A201028&REV_01\3&11583659&0&10\ConfigFlags","SUCCESS","Type: REG_DWORD, Length: 4, Data: 0"
"15:21:00.5502090","ZCode.exe","23548","RegCloseKey","HKLM\System\CurrentControlSet\Enum\PCI\VEN_8086&DEV_9A49&SUBSYS_0A201028&REV_01\3&11583659&0&10","SUCCESS",""
"15:21:00.5502570","ZCode.exe","23548","RegOpenKey","HKLM\System\CurrentControlSet\Enum\PCI\VEN_8086&DEV_9A49&SUBSYS_0A201028&REV_01\3&11583659&0&10","SUCCESS","Desired Access: Query Value, Maximum Allowed"
"15:21:00.5502767","ZCode.exe","23548","RegQueryValue","HKLM\System\CurrentControlSet\Enum\PCI\VEN_8086&DEV_9A49&SUBSYS_0A201028&REV_01\3&11583659&0&10\ConfigFlags","SUCCESS","Type: REG_DWORD, Length: 4, Data: 0"
"15:21:00.5502965","ZCode.exe","23548","RegCloseKey","HKLM\System\CurrentControlSet\Enum\PCI\VEN_8086&DEV_9A49&SUBSYS_0A201028&REV_01\3&11583659&0&10","SUCCESS",""
"15:21:00.5503239","ZCode.exe","23548","RegOpenKey","HKLM\System\CurrentControlSet\Enum\PCI\VEN_8086&DEV_9A49&SUBSYS_0A201028&REV_01\3&11583659&0&10","SUCCESS","Desired Access: Query Value, Maximum Allowed"
"15:21:00.5503547","ZCode.exe","23548","RegOpenKey","HKLM\System\CurrentControlSet\Enum\PCI\VEN_8086&DEV_9A49&SUBSYS_0A201028&REV_01\3&11583659&0&10\Properties\{60b193cb-5276-4d0f-96fc-f173abad3ec6}\0002","SUCCESS","Desired Access: Query Value"
"15:21:00.5503748","ZCode.exe","23548","RegQueryValue","HKLM\System\CurrentControlSet\Enum\PCI\VEN_8086&DEV_9A49&SUBSYS_0A201028&REV_01\3&11583659&0&10\Properties\{60b193cb-5276-4d0f-96fc-f173abad3ec6}\0002\(Default)","SUCCESS","Type: <Unknown: 4294901769>, Length: 8, Data: "
"15:21:00.5503925","ZCode.exe","23548","RegCloseKey","HKLM\System\CurrentControlSet\Enum\PCI\VEN_8086&DEV_9A49&SUBSYS_0A201028&REV_01\3&11583659&0&10\Properties\{60b193cb-5276-4d0f-96fc-f173abad3ec6}\0002","SUCCESS",""
"15:21:00.5504087","ZCode.exe","23548","RegCloseKey","HKLM\System\CurrentControlSet\Enum\PCI\VEN_8086&DEV_9A49&SUBSYS_0A201028&REV_01\3&11583659&0&10","SUCCESS",""
"15:21:00.5504342","ZCode.exe","23548","RegOpenKey","HKLM\System\CurrentControlSet\Enum\PCI\VEN_8086&DEV_9A49&SUBSYS_0A201028&REV_01\3&11583659&0&10","SUCCESS","Desired Access: Query Value, Maximum Allowed"
"15:21:00.5504526","ZCode.exe","23548","RegQueryValue","HKLM\System\CurrentControlSet\Enum\PCI\VEN_8086&DEV_9A49&SUBSYS_0A201028&REV_01\3&11583659&0&10\Driver","SUCCESS","Type: REG_SZ, Length: 88, Data: {4d36e968-e325-11ce-bfc1-08002be10318}\0000"
"15:21:00.5504713","ZCode.exe","23548","RegCloseKey","HKLM\System\CurrentControlSet\Enum\PCI\VEN_8086&DEV_9A49&SUBSYS_0A201028&REV_01\3&11583659&0&10","SUCCESS",""
"15:21:00.5504892","ZCode.exe","23548","RegOpenKey","HKLM\System\CurrentControlSet\Control\Class\{4d36e968-e325-11ce-bfc1-08002be10318}\0000","SUCCESS","Desired Access: Query Value, Enumerate Sub Keys"
"15:21:00.5505121","ZCode.exe","23548","RegQueryKeySecurity","HKLM\System\CurrentControlSet\Control\Class\{4d36e968-e325-11ce-bfc1-08002be10318}\0000","SUCCESS",""
"15:21:00.5505311","ZCode.exe","23548","RegQueryKey","HKLM\System\CurrentControlSet\Control\Class\{4d36e968-e325-11ce-bfc1-08002be10318}\0000","SUCCESS","Query: HandleTags, HandleTags: 0x0"
"15:21:00.5505463","ZCode.exe","23548","RegOpenKey","HKLM\System\CurrentControlSet\Control\Class\{4d36e968-e325-11ce-bfc1-08002be10318}\0000\CopyToVmOverwrite","SUCCESS","Desired Access: Query Value, Enumerate Sub Keys"
"15:21:00.5505616","ZCode.exe","23548","RegQueryKey","HKLM\System\CurrentControlSet\Control\Class\{4d36e968-e325-11ce-bfc1-08002be10318}\0000\CopyToVMOverwrite","SUCCESS","Query: Cached, SubKeys: 0, Values: 3"
"15:21:00.5505779","ZCode.exe","23548","RegEnumValue","HKLM\System\CurrentControlSet\Control\Class\{4d36e968-e325-11ce-bfc1-08002be10318}\0000\CopyToVMOverwrite","SUCCESS","Index: 0, Name: ControlApi, Type: REG_MULTI_SZ, Length: 62, Data: ControlLib.dll, ControlLib.dll"
"15:21:00.5505920","ZCode.exe","23548","RegEnumValue","HKLM\System\CurrentControlSet\Control\Class\{4d36e968-e325-11ce-bfc1-08002be10318}\0000\CopyToVMOverwrite","SUCCESS","Index: 1, Name: MSDKLib64, Type: REG_MULTI_SZ, Length: 32, Data: libmfxhw64.dll"
"15:21:00.5506052","ZCode.exe","23548","RegEnumValue","HKLM\System\CurrentControlSet\Control\Class\{4d36e968-e325-11ce-bfc1-08002be10318}\0000\CopyToVMOverwrite","SUCCESS","Index: 2, Name: MSDKPlg64, Type: REG_MULTI_SZ, Length: 40, Data: mfxplugin64_hw.dll"
"15:21:00.5506204","ZCode.exe","23548","RegCloseKey","HKLM\System\CurrentControlSet\Control\Class\{4d36e968-e325-11ce-bfc1-08002be10318}\0000\CopyToVMOverwrite","SUCCESS",""
"15:21:00.5506330","ZCode.exe","23548","RegQueryKey","HKLM\System\CurrentControlSet\Control\Class\{4d36e968-e325-11ce-bfc1-08002be10318}\0000","SUCCESS","Query: HandleTags, HandleTags: 0x0"
"15:21:00.5506478","ZCode.exe","23548","RegOpenKey","HKLM\System\CurrentControlSet\Control\Class\{4d36e968-e325-11ce-bfc1-08002be10318}\0000\CopyToVmWhenNewer","SUCCESS","Desired Access: Query Value, Enumerate Sub Keys"
"15:21:00.5506641","ZCode.exe","23548","RegQueryKey","HKLM\System\CurrentControlSet\Control\Class\{4d36e968-e325-11ce-bfc1-08002be10318}\0000\CopyToVMWhenNewer","SUCCESS","Query: Cached, SubKeys: 0, Values: 6"
"15:21:00.5506861","ZCode.exe","23548","RegEnumValue","HKLM\System\CurrentControlSet\Control\Class\{4d36e968-e325-11ce-bfc1-08002be10318}\0000\CopyToVMWhenNewer","SUCCESS","Index: 0, Name: LevelZero, Type: REG_MULTI_SZ, Length: 114, Data: ze_intel_gpu_raytracing.dll, ze_intel_gpu_raytracing.dll"
"15:21:00.5506999","ZCode.exe","23548","RegEnumValue","HKLM\System\CurrentControlSet\Control\Class\{4d36e968-e325-11ce-bfc1-08002be10318}\0000\CopyToVMWhenNewer","SUCCESS","Index: 1, Name: OclIcdLoader, Type: REG_MULTI_SZ, Length: 70, Data: Intel_OpenCL_ICD64.dll, OpenCL.dll"
"15:21:00.5507124","ZCode.exe","23548","RegEnumValue","HKLM\System\CurrentControlSet\Control\Class\{4d36e968-e325-11ce-bfc1-08002be10318}\0000\CopyToVMWhenNewer","SUCCESS","Index: 2, Name: VulkanLib1, Type: REG_MULTI_SZ, Length: 60, Data: vulkan-1-64.dll, vulkan-1.dll"
"15:21:00.5507244","ZCode.exe","23548","RegEnumValue","HKLM\System\CurrentControlSet\Control\Class\{4d36e968-e325-11ce-bfc1-08002be10318}\0000\CopyToVMWhenNewer","SUCCESS","Index: 3, Name: VulkanLib2, Type: REG_MULTI_SZ, Length: 80, Data: vulkan-1-64.dll, vulkan-1-999-0-0-0.dll"
"15:21:00.5507364","ZCode.exe","23548","RegEnumValue","HKLM\System\CurrentControlSet\Control\Class\{4d36e968-e325-11ce-bfc1-08002be10318}\0000\CopyToVMWhenNewer","SUCCESS","Index: 4, Name: VulkanExe1, Type: REG_MULTI_SZ, Length: 68, Data: vulkaninfo-64.exe, vulkaninfo.exe"
"15:21:00.5507492","ZCode.exe","23548","RegEnumValue","HKLM\System\CurrentControlSet\Control\Class\{4d36e968-e325-11ce-bfc1-08002be10318}\0000\CopyToVMWhenNewer","SUCCESS","Index: 5, Name: VulkanExe2, Type: REG_MULTI_SZ, Length: 92, Data: vulkaninfo-64.exe, vulkaninfo-1-999-0-0-0.exe"
"15:21:00.5507639","ZCode.exe","23548","RegCloseKey","HKLM\System\CurrentControlSet\Control\Class\{4d36e968-e325-11ce-bfc1-08002be10318}\0000\CopyToVMWhenNewer","SUCCESS",""
"15:21:00.5507769","ZCode.exe","23548","RegQueryKey","HKLM\System\CurrentControlSet\Control\Class\{4d36e968-e325-11ce-bfc1-08002be10318}\0000","SUCCESS","Query: HandleTags, HandleTags: 0x0"
"15:21:00.5507923","ZCode.exe","23548","RegOpenKey","HKLM\System\CurrentControlSet\Control\Class\{4d36e968-e325-11ce-bfc1-08002be10318}\0000\CopyToVmOverwriteWow64","SUCCESS","Desired Access: Query Value, Enumerate Sub Keys"
"15:21:00.5508083","ZCode.exe","23548","RegQueryKey","HKLM\System\CurrentControlSet\Control\Class\{4d36e968-e325-11ce-bfc1-08002be10318}\0000\CopyToVMOverwriteWow64","SUCCESS","Query: Cached, SubKeys: 0, Values: 2"
"15:21:00.5508241","ZCode.exe","23548","RegEnumValue","HKLM\System\CurrentControlSet\Control\Class\{4d36e968-e325-11ce-bfc1-08002be10318}\0000\CopyToVMOverwriteWow64","SUCCESS","Index: 0, Name: MSDKLib32, Type: REG_MULTI_SZ, Length: 32, Data: libmfxhw32.dll"
"15:21:00.5508390","ZCode.exe","23548","RegEnumValue","HKLM\System\CurrentControlSet\Control\Class\{4d36e968-e325-11ce-bfc1-08002be10318}\0000\CopyToVMOverwriteWow64","SUCCESS","Index: 1, Name: MSDKPlg32, Type: REG_MULTI_SZ, Length: 40, Data: mfxplugin32_hw.dll"
"15:21:00.5508542","ZCode.exe","23548","RegCloseKey","HKLM\System\CurrentControlSet\Control\Class\{4d36e968-e325-11ce-bfc1-08002be10318}\0000\CopyToVMOverwriteWow64","SUCCESS",""
"15:21:00.5508658","ZCode.exe","23548","RegQueryKey","HKLM\System\CurrentControlSet\Control\Class\{4d36e968-e325-11ce-bfc1-08002be10318}\0000","SUCCESS","Query: HandleTags, HandleTags: 0x0"
"15:21:00.5508794","ZCode.exe","23548","RegOpenKey","HKLM\System\CurrentControlSet\Control\Class\{4d36e968-e325-11ce-bfc1-08002be10318}\0000\CopyToVmWhenNewerWow64","SUCCESS","Desired Access: Query Value, Enumerate Sub Keys"
"15:21:00.5508944","ZCode.exe","23548","RegQueryKey","HKLM\System\CurrentControlSet\Control\Class\{4d36e968-e325-11ce-bfc1-08002be10318}\0000\CopyToVMWhenNewerWow64","SUCCESS","Query: Cached, SubKeys: 0, Values: 5"
"15:21:00.5509153","ZCode.exe","23548","RegEnumValue","HKLM\System\CurrentControlSet\Control\Class\{4d36e968-e325-11ce-bfc1-08002be10318}\0000\CopyToVMWhenNewerWow64","SUCCESS","Index: 0, Name: OclIcdLoader, Type: REG_MULTI_SZ, Length: 70, Data: Intel_OpenCL_ICD32.dll, OpenCL.dll"
"15:21:00.5509329","ZCode.exe","23548","RegEnumValue","HKLM\System\CurrentControlSet\Control\Class\{4d36e968-e325-11ce-bfc1-08002be10318}\0000\CopyToVMWhenNewerWow64","SUCCESS","Index: 1, Name: VulkanLib1, Type: REG_MULTI_SZ, Length: 60, Data: vulkan-1-32.dll, vulkan-1.dll"
"15:21:00.5509465","ZCode.exe","23548","RegEnumValue","HKLM\System\CurrentControlSet\Control\Class\{4d36e968-e325-11ce-bfc1-08002be10318}\0000\CopyToVMWhenNewerWow64","SUCCESS","Index: 2, Name: VulkanLib2, Type: REG_MULTI_SZ, Length: 80, Data: vulkan-1-32.dll, vulkan-1-999-0-0-0.dll"
"15:21:00.5509600","ZCode.exe","23548","RegEnumValue","HKLM\System\CurrentControlSet\Control\Class\{4d36e968-e325-11ce-bfc1-08002be10318}\0000\CopyToVMWhenNewerWow64","SUCCESS","Index: 3, Name: VulkanExe1, Type: REG_MULTI_SZ, Length: 68, Data: vulkaninfo-32.exe, vulkaninfo.exe"
"15:21:00.5509736","ZCode.exe","23548","RegEnumValue","HKLM\System\CurrentControlSet\Control\Class\{4d36e968-e325-11ce-bfc1-08002be10318}\0000\CopyToVMWhenNewerWow64","SUCCESS","Index: 4, Name: VulkanExe2, Type: REG_MULTI_SZ, Length: 92, Data: vulkaninfo-32.exe, vulkaninfo-1-999-0-0-0.exe"
"15:21:00.5509935","ZCode.exe","23548","RegCloseKey","HKLM\System\CurrentControlSet\Control\Class\{4d36e968-e325-11ce-bfc1-08002be10318}\0000\CopyToVMWhenNewerWow64","SUCCESS",""
"15:21:00.5510118","ZCode.exe","23548","RegCloseKey","HKLM\System\CurrentControlSet\Control\Class\{4d36e968-e325-11ce-bfc1-08002be10318}\0000","SUCCESS",""
"15:21:00.5510367","ZCode.exe","23548","RegOpenKey","HKLM\System\CurrentControlSet\Enum\PCI\VEN_8086&DEV_9A49&SUBSYS_0A201028&REV_01\3&11583659&0&10\Device Parameters","SUCCESS","Desired Access: Query Value, Enumerate Sub Keys"
"15:21:00.5510668","ZCode.exe","23548","RegQueryKeySecurity","HKLM\System\CurrentControlSet\Enum\PCI\VEN_8086&DEV_9A49&SUBSYS_0A201028&REV_01\3&11583659&0&10\Device Parameters","SUCCESS",""
"15:21:00.5510877","ZCode.exe","23548","RegQueryKey","HKLM\System\CurrentControlSet\Enum\PCI\VEN_8086&DEV_9A49&SUBSYS_0A201028&REV_01\3&11583659&0&10\Device Parameters","SUCCESS","Query: HandleTags, HandleTags: 0x0"
"15:21:00.5511026","ZCode.exe","23548","RegOpenKey","HKLM\System\CurrentControlSet\Enum\PCI\VEN_8086&DEV_9A49&SUBSYS_0A201028&REV_01\3&11583659&0&10\Device Parameters\CopyToVmOverwrite","NAME NOT FOUND","Desired Access: Query Value, Enumerate Sub Keys"
"15:21:00.5511193","ZCode.exe","23548","RegQueryKey","HKLM\System\CurrentControlSet\Enum\PCI\VEN_8086&DEV_9A49&SUBSYS_0A201028&REV_01\3&11583659&0&10\Device Parameters","SUCCESS","Query: HandleTags, HandleTags: 0x0"
"15:21:00.5511518","ZCode.exe","23548","RegOpenKey","HKLM\System\CurrentControlSet\Enum\PCI\VEN_8086&DEV_9A49&SUBSYS_0A201028&REV_01\3&11583659&0&10\Device Parameters\CopyToVmWhenNewer","NAME NOT FOUND","Desired Access: Query Value, Enumerate Sub Keys"
"15:21:00.5511809","ZCode.exe","23548","RegQueryKey","HKLM\System\CurrentControlSet\Enum\PCI\VEN_8086&DEV_9A49&SUBSYS_0A201028&REV_01\3&11583659&0&10\Device Parameters","SUCCESS","Query: HandleTags, HandleTags: 0x0"
"15:21:00.5512012","ZCode.exe","23548","RegOpenKey","HKLM\System\CurrentControlSet\Enum\PCI\VEN_8086&DEV_9A49&SUBSYS_0A201028&REV_01\3&11583659&0&10\Device Parameters\CopyToVmOverwriteWow64","NAME NOT FOUND","Desired Access: Query Value, Enumerate Sub Keys"
"15:21:00.5512169","ZCode.exe","23548","RegQueryKey","HKLM\System\CurrentControlSet\Enum\PCI\VEN_8086&DEV_9A49&SUBSYS_0A201028&REV_01\3&11583659&0&10\Device Parameters","SUCCESS","Query: HandleTags, HandleTags: 0x0"
"15:21:00.5512313","ZCode.exe","23548","RegOpenKey","HKLM\System\CurrentControlSet\Enum\PCI\VEN_8086&DEV_9A49&SUBSYS_0A201028&REV_01\3&11583659&0&10\Device Parameters\CopyToVmWhenNewerWow64","NAME NOT FOUND","Desired Access: Query Value, Enumerate Sub Keys"
"15:21:00.5512533","ZCode.exe","23548","RegCloseKey","HKLM\System\CurrentControlSet\Enum\PCI\VEN_8086&DEV_9A49&SUBSYS_0A201028&REV_01\3&11583659&0&10\Device Parameters","SUCCESS",""
"15:21:00.5515162","ZCode.exe","23548","RegOpenKey","HKLM\Software\Microsoft\Windows NT\CurrentVersion\OEM","SUCCESS","Desired Access: Read"
"15:21:00.5515447","ZCode.exe","23548","RegQueryValue","HKLM\SOFTWARE\Microsoft\Windows NT\CurrentVersion\OEM\DeviceForm","NAME NOT FOUND","Length: 20"
"15:21:00.5515588","ZCode.exe","23548","RegCloseKey","HKLM\SOFTWARE\Microsoft\Windows NT\CurrentVersion\OEM","SUCCESS",""
"15:21:00.5517185","ZCode.exe","23548","RegOpenKey","HKLM\Software\Microsoft\Windows NT\CurrentVersion\AppCompatFlags\SdbUpdates","SUCCESS","Desired Access: Read"
"15:21:00.5517702","ZCode.exe","23548","RegQueryValue","HKLM\SOFTWARE\Microsoft\Windows NT\CurrentVersion\AppCompatFlags\SdbUpdates\StagedDelete_DirectXApps.sdb","NAME NOT FOUND","Length: 0"
"15:21:00.5517909","ZCode.exe","23548","RegCloseKey","HKLM\SOFTWARE\Microsoft\Windows NT\CurrentVersion\AppCompatFlags\SdbUpdates","SUCCESS",""
"15:21:00.5518184","ZCode.exe","23548","RegOpenKey","HKLM\Software\Microsoft\Windows NT\CurrentVersion\AppCompatFlags\SdbUpdates","SUCCESS","Desired Access: Read"
"15:21:00.5518372","ZCode.exe","23548","RegQueryValue","HKLM\SOFTWARE\Microsoft\Windows NT\CurrentVersion\AppCompatFlags\SdbUpdates\DirectXApps.sdb","NAME NOT FOUND","Length: 0"
"15:21:00.5518524","ZCode.exe","23548","RegCloseKey","HKLM\SOFTWARE\Microsoft\Windows NT\CurrentVersion\AppCompatFlags\SdbUpdates","SUCCESS",""
"15:21:00.5519732","ZCode.exe","23548","CreateFile","C:\Windows\apppatch\DirectXApps.sdb","SUCCESS","Desired Access: Generic Read, Disposition: Open, Options: Synchronous IO Non-Alert, Non-Directory File, Attributes: N, ShareMode: Read, Delete, AllocationSize: n/a, OpenResult: Opened"
"15:21:00.5520132","ZCode.exe","23548","QueryStandardInformationFile","C:\Windows\apppatch\DirectXApps.sdb","SUCCESS","AllocationSize: 1576960, EndOfFile: 1574372, NumberOfLinks: 1, DeletePending: False, Directory: False"
"15:21:00.5520263","ZCode.exe","23548","QueryStandardInformationFile","C:\Windows\apppatch\DirectXApps.sdb","SUCCESS","AllocationSize: 1576960, EndOfFile: 1574372, NumberOfLinks: 1, DeletePending: False, Directory: False"
"15:21:00.5520425","ZCode.exe","23548","CreateFileMapping","C:\Windows\apppatch\DirectXApps.sdb","FILE LOCKED WITH ONLY READERS","SyncType: SyncTypeCreateSection, PageProtection: PAGE_READONLY"
"15:21:00.5520572","ZCode.exe","23548","QueryStandardInformationFile","C:\Windows\apppatch\DirectXApps.sdb","SUCCESS","AllocationSize: 1576960, EndOfFile: 1574372, NumberOfLinks: 1, DeletePending: False, Directory: False"
"15:21:00.5520838","ZCode.exe","23548","CreateFileMapping","C:\Windows\apppatch\DirectXApps.sdb","SUCCESS","SyncType: SyncTypeOther"
"15:21:00.5521756","ZCode.exe","23548","RegOpenKey","HKLM\Software\Microsoft\Windows NT\CurrentVersion\AppCompatFlags\SdbUpdates","SUCCESS","Desired Access: Read"
"15:21:00.5521963","ZCode.exe","23548","RegQueryValue","HKLM\SOFTWARE\Microsoft\Windows NT\CurrentVersion\AppCompatFlags\SdbUpdates\DisableDoubleQuerySdbs","NAME NOT FOUND","Length: 20"
"15:21:00.5522128","ZCode.exe","23548","RegCloseKey","HKLM\SOFTWARE\Microsoft\Windows NT\CurrentVersion\AppCompatFlags\SdbUpdates","SUCCESS",""
"15:21:00.5522274","ZCode.exe","23548","RegOpenKey","HKLM\Software\Microsoft\Windows NT\CurrentVersion\AppCompatFlags\SdbUpdates\ManifestedMergeStubSdbs","SUCCESS","Desired Access: Read"
"15:21:00.5522664","ZCode.exe","23548","RegCloseKey","HKLM\SOFTWARE\Microsoft\Windows NT\CurrentVersion\AppCompatFlags\SdbUpdates\ManifestedMergeStubSdbs","SUCCESS",""
"15:21:00.5523935","ZCode.exe","23548","CreateFile","C:\Windows\apppatch\DirectXApps.sdb","SUCCESS","Desired Access: Generic Read, Disposition: Open, Options: Synchronous IO Non-Alert, Non-Directory File, Attributes: N, ShareMode: Read, Delete, AllocationSize: n/a, OpenResult: Opened"
"15:21:00.5524282","ZCode.exe","23548","QueryStandardInformationFile","C:\Windows\apppatch\DirectXApps.sdb","SUCCESS","AllocationSize: 1576960, EndOfFile: 1574372, NumberOfLinks: 1, DeletePending: False, Directory: False"
"15:21:00.5524761","ZCode.exe","23548","RegOpenKey","HKCU\Software\Microsoft\Windows\CurrentVersion\Explorer\Shell Folders","SUCCESS","Desired Access: Query Value"
"15:21:00.5524988","ZCode.exe","23548","RegQueryValue","HKCU\Software\Microsoft\Windows\CurrentVersion\Explorer\Shell Folders\Cache","SUCCESS","Type: REG_SZ, Length: 112, Data: C:\Users\DELL\AppData\Local\Microsoft\Windows\INetCache"
"15:21:00.5525173","ZCode.exe","23548","RegCloseKey","HKCU\Software\Microsoft\Windows\CurrentVersion\Explorer\Shell Folders","SUCCESS",""
"15:21:00.5525735","ZCode.exe","23548","RegOpenKey","HKLM\Software\Microsoft\Windows NT\CurrentVersion\AppCompatFlags\Layers","SUCCESS","Desired Access: Read"
"15:21:00.5526110","ZCode.exe","23548","RegQueryValue","HKLM\SOFTWARE\Microsoft\Windows NT\CurrentVersion\AppCompatFlags\Layers\C:\WINDOWS\apppatch\DirectXApps.sdb","NAME NOT FOUND","Length: 1024"
"15:21:00.5526316","ZCode.exe","23548","RegCloseKey","HKLM\SOFTWARE\Microsoft\Windows NT\CurrentVersion\AppCompatFlags\Layers","SUCCESS",""
"15:21:00.5526537","ZCode.exe","23548","RegOpenKey","HKCU\Software\Microsoft\Windows NT\CurrentVersion\AppCompatFlags\Layers","SUCCESS","Desired Access: Read"
"15:21:00.5526758","ZCode.exe","23548","RegQueryValue","HKCU\Software\Microsoft\Windows NT\CurrentVersion\AppCompatFlags\Layers\C:\WINDOWS\apppatch\DirectXApps.sdb","NAME NOT FOUND","Length: 1024"
"15:21:00.5526894","ZCode.exe","23548","RegCloseKey","HKCU\Software\Microsoft\Windows NT\CurrentVersion\AppCompatFlags\Layers","SUCCESS",""
"15:21:00.5527071","ZCode.exe","23548","RegOpenKey","HKLM\Software\Microsoft\Windows NT\CurrentVersion\AppCompatFlags\Custom\DirectXApps.sdb","NAME NOT FOUND","Desired Access: Read"
"15:21:00.5528317","ZCode.exe","23548","RegOpenKey","HKLM\Software\Microsoft\Windows NT\CurrentVersion\AppCompatFlags","SUCCESS","Desired Access: Read"
"15:21:00.5528619","ZCode.exe","23548","RegQueryValue","HKLM\SOFTWARE\Microsoft\Windows NT\CurrentVersion\AppCompatFlags\{4fa9a4b2-863f-445d-9236-df867e655620}","NAME NOT FOUND","Length: 20"
"15:21:00.5528846","ZCode.exe","23548","RegCloseKey","HKLM\SOFTWARE\Microsoft\Windows NT\CurrentVersion\AppCompatFlags","SUCCESS",""
"15:21:00.5529056","ZCode.exe","23548","RegOpenKey","HKCU\Software\Microsoft\Windows NT\CurrentVersion\AppCompatFlags","SUCCESS","Desired Access: Read"
"15:21:00.5529584","ZCode.exe","23548","RegQueryValue","HKCU\Software\Microsoft\Windows NT\CurrentVersion\AppCompatFlags\{4fa9a4b2-863f-445d-9236-df867e655620}","NAME NOT FOUND","Length: 20"
"15:21:00.5529740","ZCode.exe","23548","RegCloseKey","HKCU\Software\Microsoft\Windows NT\CurrentVersion\AppCompatFlags","SUCCESS",""
"15:21:00.5530105","ZCode.exe","23548","CloseFile","C:\Windows\apppatch\DirectXApps.sdb","SUCCESS",""
"15:21:00.5532713","ZCode.exe","23548","CreateFile","C:\Windows\apppatch\DirectXApps.sdb","SUCCESS","Desired Access: Generic Read, Disposition: Open, Options: Synchronous IO Non-Alert, Non-Directory File, Attributes: N, ShareMode: Read, Delete, AllocationSize: n/a, OpenResult: Opened"
"15:21:00.5533125","ZCode.exe","23548","QueryStandardInformationFile","C:\Windows\apppatch\DirectXApps.sdb","SUCCESS","AllocationSize: 1576960, EndOfFile: 1574372, NumberOfLinks: 1, DeletePending: False, Directory: False"
"15:21:00.5533395","ZCode.exe","23548","RegOpenKey","HKCU\Software\Microsoft\Windows\CurrentVersion\Explorer\Shell Folders","SUCCESS","Desired Access: Query Value"
"15:21:00.5533630","ZCode.exe","23548","RegQueryValue","HKCU\Software\Microsoft\Windows\CurrentVersion\Explorer\Shell Folders\Cache","SUCCESS","Type: REG_SZ, Length: 112, Data: C:\Users\DELL\AppData\Local\Microsoft\Windows\INetCache"
"15:21:00.5533831","ZCode.exe","23548","RegCloseKey","HKCU\Software\Microsoft\Windows\CurrentVersion\Explorer\Shell Folders","SUCCESS",""
"15:21:00.5534305","ZCode.exe","23548","RegOpenKey","HKLM\Software\Microsoft\Windows NT\CurrentVersion\AppCompatFlags\Layers","SUCCESS","Desired Access: Read"
"15:21:00.5534503","ZCode.exe","23548","RegQueryValue","HKLM\SOFTWARE\Microsoft\Windows NT\CurrentVersion\AppCompatFlags\Layers\C:\WINDOWS\apppatch\DirectXApps.sdb","NAME NOT FOUND","Length: 1024"
"15:21:00.5534649","ZCode.exe","23548","RegCloseKey","HKLM\SOFTWARE\Microsoft\Windows NT\CurrentVersion\AppCompatFlags\Layers","SUCCESS",""
"15:21:00.5534839","ZCode.exe","23548","RegOpenKey","HKCU\Software\Microsoft\Windows NT\CurrentVersion\AppCompatFlags\Layers","SUCCESS","Desired Access: Read"
"15:21:00.5535025","ZCode.exe","23548","RegQueryValue","HKCU\Software\Microsoft\Windows NT\CurrentVersion\AppCompatFlags\Layers\C:\WINDOWS\apppatch\DirectXApps.sdb","NAME NOT FOUND","Length: 1024"
"15:21:00.5535167","ZCode.exe","23548","RegCloseKey","HKCU\Software\Microsoft\Windows NT\CurrentVersion\AppCompatFlags\Layers","SUCCESS",""
"15:21:00.5535340","ZCode.exe","23548","RegOpenKey","HKLM\Software\Microsoft\Windows NT\CurrentVersion\AppCompatFlags\Custom\DirectXApps.sdb","NAME NOT FOUND","Desired Access: Read"
"15:21:00.5535876","ZCode.exe","23548","RegOpenKey","HKLM\Software\Microsoft\Windows NT\CurrentVersion\AppCompatFlags","SUCCESS","Desired Access: Read"
"15:21:00.5536035","ZCode.exe","23548","RegQueryValue","HKLM\SOFTWARE\Microsoft\Windows NT\CurrentVersion\AppCompatFlags\{4fa9a4b2-863f-445d-9236-df867e655620}","NAME NOT FOUND","Length: 20"
"15:21:00.5536189","ZCode.exe","23548","RegCloseKey","HKLM\SOFTWARE\Microsoft\Windows NT\CurrentVersion\AppCompatFlags","SUCCESS",""
"15:21:00.5536381","ZCode.exe","23548","RegOpenKey","HKCU\Software\Microsoft\Windows NT\CurrentVersion\AppCompatFlags","SUCCESS","Desired Access: Read"
"15:21:00.5536530","ZCode.exe","23548","RegQueryValue","HKCU\Software\Microsoft\Windows NT\CurrentVersion\AppCompatFlags\{4fa9a4b2-863f-445d-9236-df867e655620}","NAME NOT FOUND","Length: 20"
"15:21:00.5536676","ZCode.exe","23548","RegCloseKey","HKCU\Software\Microsoft\Windows NT\CurrentVersion\AppCompatFlags","SUCCESS",""
"15:21:00.5536968","ZCode.exe","23548","CloseFile","C:\Windows\apppatch\DirectXApps.sdb","SUCCESS",""
"15:21:00.5538576","ZCode.exe","23548","RegQueryKey","HKCU","SUCCESS","Query: HandleTags, HandleTags: 0x0"
"15:21:00.5538717","ZCode.exe","23548","RegOpenKey","HKCU\Software\Microsoft\DirectX\UserGpuPreferences","NAME NOT FOUND","Desired Access: Read"
"15:21:00.5539837","ZCode.exe","23548","CreateFile","C:\Windows\apppatch\DirectXApps.sdb","SUCCESS","Desired Access: Generic Read, Disposition: Open, Options: Synchronous IO Non-Alert, Non-Directory File, Attributes: N, ShareMode: Read, Delete, AllocationSize: n/a, OpenResult: Opened"
"15:21:00.5540144","ZCode.exe","23548","QueryStandardInformationFile","C:\Windows\apppatch\DirectXApps.sdb","SUCCESS","AllocationSize: 1576960, EndOfFile: 1574372, NumberOfLinks: 1, DeletePending: False, Directory: False"
"15:21:00.5540347","ZCode.exe","23548","RegOpenKey","HKCU\Software\Microsoft\Windows\CurrentVersion\Explorer\Shell Folders","SUCCESS","Desired Access: Query Value"
"15:21:00.5540507","ZCode.exe","23548","RegQueryValue","HKCU\Software\Microsoft\Windows\CurrentVersion\Explorer\Shell Folders\Cache","SUCCESS","Type: REG_SZ, Length: 112, Data: C:\Users\DELL\AppData\Local\Microsoft\Windows\INetCache"
"15:21:00.5540641","ZCode.exe","23548","RegCloseKey","HKCU\Software\Microsoft\Windows\CurrentVersion\Explorer\Shell Folders","SUCCESS",""
"15:21:00.5540848","ZCode.exe","23548","RegOpenKey","HKLM\Software\Microsoft\Windows NT\CurrentVersion\AppCompatFlags\Layers","SUCCESS","Desired Access: Read"
"15:21:00.5540986","ZCode.exe","23548","RegQueryValue","HKLM\SOFTWARE\Microsoft\Windows NT\CurrentVersion\AppCompatFlags\Layers\C:\WINDOWS\apppatch\DirectXApps.sdb","NAME NOT FOUND","Length: 1024"
"15:21:00.5541116","ZCode.exe","23548","RegCloseKey","HKLM\SOFTWARE\Microsoft\Windows NT\CurrentVersion\AppCompatFlags\Layers","SUCCESS",""
"15:21:00.5541357","ZCode.exe","23548","RegOpenKey","HKCU\Software\Microsoft\Windows NT\CurrentVersion\AppCompatFlags\Layers","SUCCESS","Desired Access: Read"
"15:21:00.5541520","ZCode.exe","23548","RegQueryValue","HKCU\Software\Microsoft\Windows NT\CurrentVersion\AppCompatFlags\Layers\C:\WINDOWS\apppatch\DirectXApps.sdb","NAME NOT FOUND","Length: 1024"
"15:21:00.5541635","ZCode.exe","23548","RegCloseKey","HKCU\Software\Microsoft\Windows NT\CurrentVersion\AppCompatFlags\Layers","SUCCESS",""
"15:21:00.5541812","ZCode.exe","23548","RegOpenKey","HKLM\Software\Microsoft\Windows NT\CurrentVersion\AppCompatFlags\Custom\DirectXApps.sdb","NAME NOT FOUND","Desired Access: Read"
"15:21:00.5542311","ZCode.exe","23548","RegOpenKey","HKLM\Software\Microsoft\Windows NT\CurrentVersion\AppCompatFlags","SUCCESS","Desired Access: Read"
"15:21:00.5542435","ZCode.exe","23548","RegQueryValue","HKLM\SOFTWARE\Microsoft\Windows NT\CurrentVersion\AppCompatFlags\{4fa9a4b2-863f-445d-9236-df867e655620}","NAME NOT FOUND","Length: 20"
"15:21:00.5542721","ZCode.exe","23548","RegCloseKey","HKLM\SOFTWARE\Microsoft\Windows NT\CurrentVersion\AppCompatFlags","SUCCESS",""
"15:21:00.5542987","ZCode.exe","23548","RegOpenKey","HKCU\Software\Microsoft\Windows NT\CurrentVersion\AppCompatFlags","SUCCESS","Desired Access: Read"
"15:21:00.5543102","ZCode.exe","23548","RegQueryValue","HKCU\Software\Microsoft\Windows NT\CurrentVersion\AppCompatFlags\{4fa9a4b2-863f-445d-9236-df867e655620}","NAME NOT FOUND","Length: 20"
"15:21:00.5543188","ZCode.exe","23548","RegCloseKey","HKCU\Software\Microsoft\Windows NT\CurrentVersion\AppCompatFlags","SUCCESS",""
"15:21:00.5543394","ZCode.exe","23548","CloseFile","C:\Windows\apppatch\DirectXApps.sdb","SUCCESS",""
"15:21:00.5543935","ZCode.exe","23548","RegQueryKey","HKCU","SUCCESS","Query: HandleTags, HandleTags: 0x0"
"15:21:00.5544036","ZCode.exe","23548","RegOpenKey","HKCU\Software\Microsoft\DirectX\UserGpuPreferences","NAME NOT FOUND","Desired Access: Read"
"15:21:00.5544806","ZCode.exe","23548","CreateFile","C:\Program Files\ZCode\ZCode.exe","SUCCESS","Desired Access: Generic Read, Disposition: Open, Options: Synchronous IO Non-Alert, Non-Directory File, Attributes: N, ShareMode: Read, Delete, AllocationSize: n/a, OpenResult: Opened"
"15:21:00.5545114","ZCode.exe","23548","QueryStandardInformationFile","C:\Program Files\ZCode\ZCode.exe","SUCCESS","AllocationSize: 222867456, EndOfFile: 222866328, NumberOfLinks: 1, DeletePending: False, Directory: False"
"15:21:00.5545263","ZCode.exe","23548","RegOpenKey","HKCU\Software\Microsoft\Windows\CurrentVersion\Explorer\Shell Folders","SUCCESS","Desired Access: Query Value"
"15:21:00.5545414","ZCode.exe","23548","RegQueryValue","HKCU\Software\Microsoft\Windows\CurrentVersion\Explorer\Shell Folders\Cache","SUCCESS","Type: REG_SZ, Length: 112, Data: C:\Users\DELL\AppData\Local\Microsoft\Windows\INetCache"
"15:21:00.5545735","ZCode.exe","23548","RegCloseKey","HKCU\Software\Microsoft\Windows\CurrentVersion\Explorer\Shell Folders","SUCCESS",""
"15:21:00.5545925","ZCode.exe","23548","RegOpenKey","HKLM\Software\Microsoft\Windows NT\CurrentVersion\AppCompatFlags\Layers","SUCCESS","Desired Access: Read"
"15:21:00.5546036","ZCode.exe","23548","RegQueryValue","HKLM\SOFTWARE\Microsoft\Windows NT\CurrentVersion\AppCompatFlags\Layers\C:\Program Files\ZCode\ZCode.exe","NAME NOT FOUND","Length: 1024"
"15:21:00.5546128","ZCode.exe","23548","RegCloseKey","HKLM\SOFTWARE\Microsoft\Windows NT\CurrentVersion\AppCompatFlags\Layers","SUCCESS",""
"15:21:00.5546228","ZCode.exe","23548","RegOpenKey","HKCU\Software\Microsoft\Windows NT\CurrentVersion\AppCompatFlags\Layers","SUCCESS","Desired Access: Read"
"15:21:00.5546332","ZCode.exe","23548","RegQueryValue","HKCU\Software\Microsoft\Windows NT\CurrentVersion\AppCompatFlags\Layers\C:\Program Files\ZCode\ZCode.exe","NAME NOT FOUND","Length: 1024"
"15:21:00.5546415","ZCode.exe","23548","RegCloseKey","HKCU\Software\Microsoft\Windows NT\CurrentVersion\AppCompatFlags\Layers","SUCCESS",""
"15:21:00.5546512","ZCode.exe","23548","RegOpenKey","HKLM\Software\Microsoft\Windows NT\CurrentVersion\AppCompatFlags\Custom\ZCode.exe","NAME NOT FOUND","Desired Access: Read"
"15:21:00.5546734","ZCode.exe","23548","CloseFile","C:\Program Files\ZCode\ZCode.exe","SUCCESS",""
"15:21:00.5547700","ZCode.exe","23548","CreateFile","C:\Windows\apppatch\DirectXApps.sdb","SUCCESS","Desired Access: Generic Read, Disposition: Open, Options: Synchronous IO Non-Alert, Non-Directory File, Attributes: N, ShareMode: Read, Delete, AllocationSize: n/a, OpenResult: Opened"
"15:21:00.5547883","ZCode.exe","23548","QueryStandardInformationFile","C:\Windows\apppatch\DirectXApps.sdb","SUCCESS","AllocationSize: 1576960, EndOfFile: 1574372, NumberOfLinks: 1, DeletePending: False, Directory: False"
"15:21:00.5548007","ZCode.exe","23548","RegOpenKey","HKCU\Software\Microsoft\Windows\CurrentVersion\Explorer\Shell Folders","SUCCESS","Desired Access: Query Value"
"15:21:00.5548117","ZCode.exe","23548","RegQueryValue","HKCU\Software\Microsoft\Windows\CurrentVersion\Explorer\Shell Folders\Cache","SUCCESS","Type: REG_SZ, Length: 112, Data: C:\Users\DELL\AppData\Local\Microsoft\Windows\INetCache"
"15:21:00.5548228","ZCode.exe","23548","RegCloseKey","HKCU\Software\Microsoft\Windows\CurrentVersion\Explorer\Shell Folders","SUCCESS",""
"15:21:00.5548395","ZCode.exe","23548","RegOpenKey","HKLM\Software\Microsoft\Windows NT\CurrentVersion\AppCompatFlags\Layers","SUCCESS","Desired Access: Read"
"15:21:00.5548620","ZCode.exe","23548","RegQueryValue","HKLM\SOFTWARE\Microsoft\Windows NT\CurrentVersion\AppCompatFlags\Layers\C:\WINDOWS\apppatch\DirectXApps.sdb","NAME NOT FOUND","Length: 1024"
"15:21:00.5548713","ZCode.exe","23548","RegCloseKey","HKLM\SOFTWARE\Microsoft\Windows NT\CurrentVersion\AppCompatFlags\Layers","SUCCESS",""
"15:21:00.5548896","ZCode.exe","23548","RegOpenKey","HKCU\Software\Microsoft\Windows NT\CurrentVersion\AppCompatFlags\Layers","SUCCESS","Desired Access: Read"
"15:21:00.5549054","ZCode.exe","23548","RegQueryValue","HKCU\Software\Microsoft\Windows NT\CurrentVersion\AppCompatFlags\Layers\C:\WINDOWS\apppatch\DirectXApps.sdb","NAME NOT FOUND","Length: 1024"
"15:21:00.5549311","ZCode.exe","23548","RegCloseKey","HKCU\Software\Microsoft\Windows NT\CurrentVersion\AppCompatFlags\Layers","SUCCESS",""
"15:21:00.5549617","ZCode.exe","23548","RegOpenKey","HKLM\Software\Microsoft\Windows NT\CurrentVersion\AppCompatFlags\Custom\DirectXApps.sdb","NAME NOT FOUND","Desired Access: Read"
"15:21:00.5550136","ZCode.exe","23548","RegOpenKey","HKLM\Software\Microsoft\Windows NT\CurrentVersion\AppCompatFlags","SUCCESS","Desired Access: Read"
"15:21:00.5550319","ZCode.exe","23548","RegQueryValue","HKLM\SOFTWARE\Microsoft\Windows NT\CurrentVersion\AppCompatFlags\{4fa9a4b2-863f-445d-9236-df867e655620}","NAME NOT FOUND","Length: 20"
"15:21:00.5550474","ZCode.exe","23548","RegCloseKey","HKLM\SOFTWARE\Microsoft\Windows NT\CurrentVersion\AppCompatFlags","SUCCESS",""
"15:21:00.5550642","ZCode.exe","23548","RegOpenKey","HKCU\Software\Microsoft\Windows NT\CurrentVersion\AppCompatFlags","SUCCESS","Desired Access: Read"
"15:21:00.5550804","ZCode.exe","23548","RegQueryValue","HKCU\Software\Microsoft\Windows NT\CurrentVersion\AppCompatFlags\{4fa9a4b2-863f-445d-9236-df867e655620}","NAME NOT FOUND","Length: 20"
"15:21:00.5550938","ZCode.exe","23548","RegCloseKey","HKCU\Software\Microsoft\Windows NT\CurrentVersion\AppCompatFlags","SUCCESS",""
"15:21:00.5551319","ZCode.exe","23548","CloseFile","C:\Windows\apppatch\DirectXApps.sdb","SUCCESS",""
"15:21:00.5552137","ZCode.exe","23548","RegQueryKey","HKCU","SUCCESS","Query: HandleTags, HandleTags: 0x0"
"15:21:00.5552738","ZCode.exe","23548","RegOpenKey","HKCU\Software\Microsoft\DirectX\UserGpuPreferences","NAME NOT FOUND","Desired Access: Read"
"15:21:00.5553013","ZCode.exe","23548","RegQueryKey","HKCU","SUCCESS","Query: HandleTags, HandleTags: 0x0"
"15:21:00.5553153","ZCode.exe","23548","RegOpenKey","HKCU\Software\Microsoft\DirectX\UserGpuPreferences","NAME NOT FOUND","Desired Access: Read"
"15:21:00.5553340","ZCode.exe","23548","RegQueryKey","HKCU","SUCCESS","Query: HandleTags, HandleTags: 0x0"
"15:21:00.5553469","ZCode.exe","23548","RegOpenKey","HKCU\Software\Microsoft\DirectX\UserGpuPreferences","NAME NOT FOUND","Desired Access: Read"
"15:21:00.5554624","ZCode.exe","23548","CreateFile","C:\Program Files\ZCode\ZCode.exe","SUCCESS","Desired Access: Generic Read, Disposition: Open, Options: Synchronous IO Non-Alert, Non-Directory File, Attributes: N, ShareMode: Read, Delete, AllocationSize: n/a, OpenResult: Opened"
"15:21:00.5554970","ZCode.exe","23548","QueryStandardInformationFile","C:\Program Files\ZCode\ZCode.exe","SUCCESS","AllocationSize: 222867456, EndOfFile: 222866328, NumberOfLinks: 1, DeletePending: False, Directory: False"
"15:21:00.5555183","ZCode.exe","23548","RegOpenKey","HKCU\Software\Microsoft\Windows\CurrentVersion\Explorer\Shell Folders","SUCCESS","Desired Access: Query Value"
"15:21:00.5555391","ZCode.exe","23548","RegQueryValue","HKCU\Software\Microsoft\Windows\CurrentVersion\Explorer\Shell Folders\Cache","SUCCESS","Type: REG_SZ, Length: 112, Data: C:\Users\DELL\AppData\Local\Microsoft\Windows\INetCache"
"15:21:00.5555574","ZCode.exe","23548","RegCloseKey","HKCU\Software\Microsoft\Windows\CurrentVersion\Explorer\Shell Folders","SUCCESS",""
"15:21:00.5555860","ZCode.exe","23548","RegOpenKey","HKLM\Software\Microsoft\Windows NT\CurrentVersion\AppCompatFlags\Layers","SUCCESS","Desired Access: Read"
"15:21:00.5556057","ZCode.exe","23548","RegQueryValue","HKLM\SOFTWARE\Microsoft\Windows NT\CurrentVersion\AppCompatFlags\Layers\C:\Program Files\ZCode\ZCode.exe","NAME NOT FOUND","Length: 1024"
"15:21:00.5556212","ZCode.exe","23548","RegCloseKey","HKLM\SOFTWARE\Microsoft\Windows NT\CurrentVersion\AppCompatFlags\Layers","SUCCESS",""
"15:21:00.5556401","ZCode.exe","23548","RegOpenKey","HKCU\Software\Microsoft\Windows NT\CurrentVersion\AppCompatFlags\Layers","SUCCESS","Desired Access: Read"
"15:21:00.5556573","ZCode.exe","23548","RegQueryValue","HKCU\Software\Microsoft\Windows NT\CurrentVersion\AppCompatFlags\Layers\C:\Program Files\ZCode\ZCode.exe","NAME NOT FOUND","Length: 1024"
"15:21:00.5556721","ZCode.exe","23548","RegCloseKey","HKCU\Software\Microsoft\Windows NT\CurrentVersion\AppCompatFlags\Layers","SUCCESS",""
"15:21:00.5556851","ZCode.exe","23548","RegOpenKey","HKLM\Software\Microsoft\Windows NT\CurrentVersion\AppCompatFlags\Custom\ZCode.exe","NAME NOT FOUND","Desired Access: Read"
"15:21:00.5557127","ZCode.exe","23548","CloseFile","C:\Program Files\ZCode\ZCode.exe","SUCCESS",""
"15:21:00.5558498","ZCode.exe","23548","RegQueryKey","HKCU","SUCCESS","Query: HandleTags, HandleTags: 0x0"
"15:21:00.5558659","ZCode.exe","23548","RegOpenKey","HKCU\Software\Microsoft\DirectX\UserGpuPreferences","NAME NOT FOUND","Desired Access: Read"
"15:21:00.5559553","ZCode.exe","23548","CreateFile","C:\Program Files\ZCode\ZCode.exe","SUCCESS","Desired Access: Generic Read, Disposition: Open, Options: Synchronous IO Non-Alert, Non-Directory File, Attributes: N, ShareMode: Read, Delete, AllocationSize: n/a, OpenResult: Opened"
"15:21:00.5559815","ZCode.exe","23548","QueryStandardInformationFile","C:\Program Files\ZCode\ZCode.exe","SUCCESS","AllocationSize: 222867456, EndOfFile: 222866328, NumberOfLinks: 1, DeletePending: False, Directory: False"
"15:21:00.5560017","ZCode.exe","23548","RegOpenKey","HKCU\Software\Microsoft\Windows\CurrentVersion\Explorer\Shell Folders","SUCCESS","Desired Access: Query Value"
"15:21:00.5560197","ZCode.exe","23548","RegQueryValue","HKCU\Software\Microsoft\Windows\CurrentVersion\Explorer\Shell Folders\Cache","SUCCESS","Type: REG_SZ, Length: 112, Data: C:\Users\DELL\AppData\Local\Microsoft\Windows\INetCache"
"15:21:00.5560405","ZCode.exe","23548","RegCloseKey","HKCU\Software\Microsoft\Windows\CurrentVersion\Explorer\Shell Folders","SUCCESS",""
"15:21:00.5560682","ZCode.exe","23548","RegOpenKey","HKLM\Software\Microsoft\Windows NT\CurrentVersion\AppCompatFlags\Layers","SUCCESS","Desired Access: Read"
"15:21:00.5560843","ZCode.exe","23548","RegQueryValue","HKLM\SOFTWARE\Microsoft\Windows NT\CurrentVersion\AppCompatFlags\Layers\C:\Program Files\ZCode\ZCode.exe","NAME NOT FOUND","Length: 1024"
"15:21:00.5560977","ZCode.exe","23548","RegCloseKey","HKLM\SOFTWARE\Microsoft\Windows NT\CurrentVersion\AppCompatFlags\Layers","SUCCESS",""
"15:21:00.5561134","ZCode.exe","23548","RegOpenKey","HKCU\Software\Microsoft\Windows NT\CurrentVersion\AppCompatFlags\Layers","SUCCESS","Desired Access: Read"
"15:21:00.5561287","ZCode.exe","23548","RegQueryValue","HKCU\Software\Microsoft\Windows NT\CurrentVersion\AppCompatFlags\Layers\C:\Program Files\ZCode\ZCode.exe","NAME NOT FOUND","Length: 1024"
"15:21:00.5561426","ZCode.exe","23548","RegCloseKey","HKCU\Software\Microsoft\Windows NT\CurrentVersion\AppCompatFlags\Layers","SUCCESS",""
"15:21:00.5561847","ZCode.exe","23548","RegOpenKey","HKLM\Software\Microsoft\Windows NT\CurrentVersion\AppCompatFlags\Custom\ZCode.exe","NAME NOT FOUND","Desired Access: Read"
"15:21:00.5562355","ZCode.exe","23548","CloseFile","C:\Program Files\ZCode\ZCode.exe","SUCCESS",""
"15:21:00.5562757","ZCode.exe","23548","RegQueryKey","HKCU","SUCCESS","Query: HandleTags, HandleTags: 0x0"
"15:21:00.5562952","ZCode.exe","23548","RegOpenKey","HKCU\Software\Microsoft\DirectX\UserGpuPreferences","NAME NOT FOUND","Desired Access: Read"
"15:21:00.5564705","ZCode.exe","23548","RegOpenKey","HKLM\Hardware\DeviceMap\Video","SUCCESS","Desired Access: Read"
"15:21:00.5564869","ZCode.exe","23548","RegQueryValue","HKLM\HARDWARE\DEVICEMAP\VIDEO\\Device\Video0","SUCCESS","Type: REG_SZ, Length: 202, Data: \Registry\Machine\System\CurrentControlSet\Control\Video\{5D511F2A-3765-11F0-97F6-806E6F6E6963}\0000"
"15:21:00.5565208","ZCode.exe","23548","RegOpenKey","HKLM\System\CurrentControlSet\CONTROL\VIDEO\{5D511F2A-3765-11F0-97F6-806E6F6E6963}\0000","REPARSE","Desired Access: Read"
"15:21:00.5565405","ZCode.exe","23548","RegOpenKey","HKLM\System\CurrentControlSet\CONTROL\VIDEO\{5D511F2A-3765-11F0-97F6-806E6F6E6963}\0000","REPARSE","Desired Access: Read"
"15:21:00.5565602","ZCode.exe","23548","RegOpenKey","HKLM\System\CurrentControlSet\Control\Class\{4d36e968-e325-11ce-bfc1-08002be10318}\0000","SUCCESS","Desired Access: Read"
"15:21:00.5565774","ZCode.exe","23548","RegCloseKey","HKLM\HARDWARE\DEVICEMAP\VIDEO","SUCCESS",""
"15:21:00.5565962","ZCode.exe","23548","RegQueryValue","HKLM\System\CurrentControlSet\Control\Class\{4d36e968-e325-11ce-bfc1-08002be10318}\0000\PruningMode","NAME NOT FOUND","Length: 52"
"15:21:00.5566180","ZCode.exe","23548","RegCloseKey","HKLM\System\CurrentControlSet\Control\Class\{4d36e968-e325-11ce-bfc1-08002be10318}\0000","SUCCESS",""
"15:21:00.5566419","ZCode.exe","23548","RegOpenKey","HKLM\System\CurrentControlSet\Enum\PCI\VEN_8086&DEV_9A49&SUBSYS_0A201028&REV_01\3&11583659&0&10","SUCCESS","Desired Access: Query Value, Maximum Allowed"
"15:21:00.5566611","ZCode.exe","23548","RegQueryValue","HKLM\System\CurrentControlSet\Enum\PCI\VEN_8086&DEV_9A49&SUBSYS_0A201028&REV_01\3&11583659&0&10\HardwareID","BUFFER OVERFLOW","Length: 268"
"15:21:00.5566771","ZCode.exe","23548","RegCloseKey","HKLM\System\CurrentControlSet\Enum\PCI\VEN_8086&DEV_9A49&SUBSYS_0A201028&REV_01\3&11583659&0&10","SUCCESS",""
"15:21:00.5566942","ZCode.exe","23548","RegOpenKey","HKLM\System\CurrentControlSet\Enum\PCI\VEN_8086&DEV_9A49&SUBSYS_0A201028&REV_01\3&11583659&0&10","SUCCESS","Desired Access: Query Value, Maximum Allowed"
"15:21:00.5567084","ZCode.exe","23548","RegQueryValue","HKLM\System\CurrentControlSet\Enum\PCI\VEN_8086&DEV_9A49&SUBSYS_0A201028&REV_01\3&11583659&0&10\HardwareID","SUCCESS","Type: REG_MULTI_SZ, Length: 292, Data: PCI\VEN_8086&DEV_9A49&SUBSYS_0A201028&REV_01, PCI\VEN_8086&DEV_9A49&SUBSYS_0A201028, PCI\VEN_8086&DEV_9A49&CC_030000, PCI\VEN_8086&DEV_9A49&CC_0300"
"15:21:00.5567239","ZCode.exe","23548","RegCloseKey","HKLM\System\CurrentControlSet\Enum\PCI\VEN_8086&DEV_9A49&SUBSYS_0A201028&REV_01\3&11583659&0&10","SUCCESS",""
"15:21:00.5567376","ZCode.exe","23548","RegOpenKey","HKLM\Hardware\DeviceMap\Video","SUCCESS","Desired Access: Read"
"15:21:00.5567507","ZCode.exe","23548","RegQueryValue","HKLM\HARDWARE\DEVICEMAP\VIDEO\\Device\Video0","SUCCESS","Type: REG_SZ, Length: 202, Data: \Registry\Machine\System\CurrentControlSet\Control\Video\{5D511F2A-3765-11F0-97F6-806E6F6E6963}\0000"
"15:21:00.5567665","ZCode.exe","23548","RegCloseKey","HKLM\HARDWARE\DEVICEMAP\VIDEO","SUCCESS",""
"15:21:00.5568199","ZCode.exe","23548","RegOpenKey","HKLM\Hardware\DeviceMap\Video","SUCCESS","Desired Access: Read"
"15:21:00.5568344","ZCode.exe","23548","RegQueryValue","HKLM\HARDWARE\DEVICEMAP\VIDEO\\Device\Video1","SUCCESS","Type: REG_SZ, Length: 202, Data: \Registry\Machine\System\CurrentControlSet\Control\Video\{5D511F2A-3765-11F0-97F6-806E6F6E6963}\0001"
"15:21:00.5568558","ZCode.exe","23548","RegOpenKey","HKLM\System\CurrentControlSet\CONTROL\VIDEO\{5D511F2A-3765-11F0-97F6-806E6F6E6963}\0001","REPARSE","Desired Access: Read"
"15:21:00.5568718","ZCode.exe","23548","RegOpenKey","HKLM\System\CurrentControlSet\CONTROL\VIDEO\{5D511F2A-3765-11F0-97F6-806E6F6E6963}\0001","REPARSE","Desired Access: Read"
"15:21:00.5568873","ZCode.exe","23548","RegOpenKey","HKLM\System\CurrentControlSet\Control\Class\{4d36e968-e325-11ce-bfc1-08002be10318}\0000","SUCCESS","Desired Access: Read"
"15:21:00.5569019","ZCode.exe","23548","RegCloseKey","HKLM\HARDWARE\DEVICEMAP\VIDEO","SUCCESS",""
"15:21:00.5569134","ZCode.exe","23548","RegQueryValue","HKLM\System\CurrentControlSet\Control\Class\{4d36e968-e325-11ce-bfc1-08002be10318}\0000\PruningMode","NAME NOT FOUND","Length: 52"
"15:21:00.5569308","ZCode.exe","23548","RegCloseKey","HKLM\System\CurrentControlSet\Control\Class\{4d36e968-e325-11ce-bfc1-08002be10318}\0000","SUCCESS",""
"15:21:00.5569473","ZCode.exe","23548","RegOpenKey","HKLM\System\CurrentControlSet\Enum\PCI\VEN_8086&DEV_9A49&SUBSYS_0A201028&REV_01\3&11583659&0&10","SUCCESS","Desired Access: Query Value, Maximum Allowed"
"15:21:00.5569624","ZCode.exe","23548","RegQueryValue","HKLM\System\CurrentControlSet\Enum\PCI\VEN_8086&DEV_9A49&SUBSYS_0A201028&REV_01\3&11583659&0&10\HardwareID","BUFFER OVERFLOW","Length: 268"
"15:21:00.5569768","ZCode.exe","23548","RegCloseKey","HKLM\System\CurrentControlSet\Enum\PCI\VEN_8086&DEV_9A49&SUBSYS_0A201028&REV_01\3&11583659&0&10","SUCCESS",""
"15:21:00.5569925","ZCode.exe","23548","RegOpenKey","HKLM\System\CurrentControlSet\Enum\PCI\VEN_8086&DEV_9A49&SUBSYS_0A201028&REV_01\3&11583659&0&10","SUCCESS","Desired Access: Query Value, Maximum Allowed"
"15:21:00.5570076","ZCode.exe","23548","RegQueryValue","HKLM\System\CurrentControlSet\Enum\PCI\VEN_8086&DEV_9A49&SUBSYS_0A201028&REV_01\3&11583659&0&10\HardwareID","SUCCESS","Type: REG_MULTI_SZ, Length: 292, Data: PCI\VEN_8086&DEV_9A49&SUBSYS_0A201028&REV_01, PCI\VEN_8086&DEV_9A49&SUBSYS_0A201028, PCI\VEN_8086&DEV_9A49&CC_030000, PCI\VEN_8086&DEV_9A49&CC_0300"
"15:21:00.5570477","ZCode.exe","23548","RegCloseKey","HKLM\System\CurrentControlSet\Enum\PCI\VEN_8086&DEV_9A49&SUBSYS_0A201028&REV_01\3&11583659&0&10","SUCCESS",""
"15:21:00.5570617","ZCode.exe","23548","RegOpenKey","HKLM\Hardware\DeviceMap\Video","SUCCESS","Desired Access: Read"
"15:21:00.5570753","ZCode.exe","23548","RegQueryValue","HKLM\HARDWARE\DEVICEMAP\VIDEO\\Device\Video1","SUCCESS","Type: REG_SZ, Length: 202, Data: \Registry\Machine\System\CurrentControlSet\Control\Video\{5D511F2A-3765-11F0-97F6-806E6F6E6963}\0001"
"15:21:00.5570902","ZCode.exe","23548","RegCloseKey","HKLM\HARDWARE\DEVICEMAP\VIDEO","SUCCESS",""
"15:21:00.5571333","ZCode.exe","23548","RegOpenKey","HKLM\Hardware\DeviceMap\Video","SUCCESS","Desired Access: Read"
"15:21:00.5571475","ZCode.exe","23548","RegQueryValue","HKLM\HARDWARE\DEVICEMAP\VIDEO\\Device\Video2","SUCCESS","Type: REG_SZ, Length: 202, Data: \Registry\Machine\System\CurrentControlSet\Control\Video\{5D511F2A-3765-11F0-97F6-806E6F6E6963}\0002"
"15:21:00.5571680","ZCode.exe","23548","RegOpenKey","HKLM\System\CurrentControlSet\CONTROL\VIDEO\{5D511F2A-3765-11F0-97F6-806E6F6E6963}\0002","REPARSE","Desired Access: Read"
"15:21:00.5571824","ZCode.exe","23548","RegOpenKey","HKLM\System\CurrentControlSet\CONTROL\VIDEO\{5D511F2A-3765-11F0-97F6-806E6F6E6963}\0002","REPARSE","Desired Access: Read"
"15:21:00.5571976","ZCode.exe","23548","RegOpenKey","HKLM\System\CurrentControlSet\Control\Class\{4d36e968-e325-11ce-bfc1-08002be10318}\0000","SUCCESS","Desired Access: Read"
"15:21:00.5572125","ZCode.exe","23548","RegCloseKey","HKLM\HARDWARE\DEVICEMAP\VIDEO","SUCCESS",""
"15:21:00.5572234","ZCode.exe","23548","RegQueryValue","HKLM\System\CurrentControlSet\Control\Class\{4d36e968-e325-11ce-bfc1-08002be10318}\0000\PruningMode","NAME NOT FOUND","Length: 52"
"15:21:00.5572425","ZCode.exe","23548","RegCloseKey","HKLM\System\CurrentControlSet\Control\Class\{4d36e968-e325-11ce-bfc1-08002be10318}\0000","SUCCESS",""
"15:21:00.5572591","ZCode.exe","23548","RegOpenKey","HKLM\System\CurrentControlSet\Enum\PCI\VEN_8086&DEV_9A49&SUBSYS_0A201028&REV_01\3&11583659&0&10","SUCCESS","Desired Access: Query Value, Maximum Allowed"
"15:21:00.5572736","ZCode.exe","23548","RegQueryValue","HKLM\System\CurrentControlSet\Enum\PCI\VEN_8086&DEV_9A49&SUBSYS_0A201028&REV_01\3&11583659&0&10\HardwareID","BUFFER OVERFLOW","Length: 268"
"15:21:00.5573007","ZCode.exe","23548","RegCloseKey","HKLM\System\CurrentControlSet\Enum\PCI\VEN_8086&DEV_9A49&SUBSYS_0A201028&REV_01\3&11583659&0&10","SUCCESS",""
"15:21:00.5573444","ZCode.exe","23548","RegOpenKey","HKLM\System\CurrentControlSet\Enum\PCI\VEN_8086&DEV_9A49&SUBSYS_0A201028&REV_01\3&11583659&0&10","SUCCESS","Desired Access: Query Value, Maximum Allowed"
"15:21:00.5573593","ZCode.exe","23548","RegQueryValue","HKLM\System\CurrentControlSet\Enum\PCI\VEN_8086&DEV_9A49&SUBSYS_0A201028&REV_01\3&11583659&0&10\HardwareID","SUCCESS","Type: REG_MULTI_SZ, Length: 292, Data: PCI\VEN_8086&DEV_9A49&SUBSYS_0A201028&REV_01, PCI\VEN_8086&DEV_9A49&SUBSYS_0A201028, PCI\VEN_8086&DEV_9A49&CC_030000, PCI\VEN_8086&DEV_9A49&CC_0300"
"15:21:00.5573737","ZCode.exe","23548","RegCloseKey","HKLM\System\CurrentControlSet\Enum\PCI\VEN_8086&DEV_9A49&SUBSYS_0A201028&REV_01\3&11583659&0&10","SUCCESS",""
"15:21:00.5573874","ZCode.exe","23548","RegOpenKey","HKLM\Hardware\DeviceMap\Video","SUCCESS","Desired Access: Read"
"15:21:00.5574005","ZCode.exe","23548","RegQueryValue","HKLM\HARDWARE\DEVICEMAP\VIDEO\\Device\Video2","SUCCESS","Type: REG_SZ, Length: 202, Data: \Registry\Machine\System\CurrentControlSet\Control\Video\{5D511F2A-3765-11F0-97F6-806E6F6E6963}\0002"
"15:21:00.5574194","ZCode.exe","23548","RegCloseKey","HKLM\HARDWARE\DEVICEMAP\VIDEO","SUCCESS",""
"15:21:00.5574742","ZCode.exe","23548","RegOpenKey","HKLM\Hardware\DeviceMap\Video","SUCCESS","Desired Access: Read"
"15:21:00.5574880","ZCode.exe","23548","RegQueryValue","HKLM\HARDWARE\DEVICEMAP\VIDEO\\Device\Video3","SUCCESS","Type: REG_SZ, Length: 202, Data: \Registry\Machine\System\CurrentControlSet\Control\Video\{5D511F2A-3765-11F0-97F6-806E6F6E6963}\0003"
"15:21:00.5575125","ZCode.exe","23548","RegOpenKey","HKLM\System\CurrentControlSet\CONTROL\VIDEO\{5D511F2A-3765-11F0-97F6-806E6F6E6963}\0003","REPARSE","Desired Access: Read"
"15:21:00.5575278","ZCode.exe","23548","RegOpenKey","HKLM\System\CurrentControlSet\CONTROL\VIDEO\{5D511F2A-3765-11F0-97F6-806E6F6E6963}\0003","REPARSE","Desired Access: Read"
"15:21:00.5575462","ZCode.exe","23548","RegOpenKey","HKLM\System\CurrentControlSet\Control\Class\{4d36e968-e325-11ce-bfc1-08002be10318}\0000","SUCCESS","Desired Access: Read"
"15:21:00.5575734","ZCode.exe","23548","RegCloseKey","HKLM\HARDWARE\DEVICEMAP\VIDEO","SUCCESS",""
"15:21:00.5575859","ZCode.exe","23548","RegQueryValue","HKLM\System\CurrentControlSet\Control\Class\{4d36e968-e325-11ce-bfc1-08002be10318}\0000\PruningMode","NAME NOT FOUND","Length: 52"
"15:21:00.5576035","ZCode.exe","23548","RegCloseKey","HKLM\System\CurrentControlSet\Control\Class\{4d36e968-e325-11ce-bfc1-08002be10318}\0000","SUCCESS",""
"15:21:00.5576200","ZCode.exe","23548","RegOpenKey","HKLM\System\CurrentControlSet\Enum\PCI\VEN_8086&DEV_9A49&SUBSYS_0A201028&REV_01\3&11583659&0&10","SUCCESS","Desired Access: Query Value, Maximum Allowed"
"15:21:00.5576596","ZCode.exe","23548","RegQueryValue","HKLM\System\CurrentControlSet\Enum\PCI\VEN_8086&DEV_9A49&SUBSYS_0A201028&REV_01\3&11583659&0&10\HardwareID","BUFFER OVERFLOW","Length: 268"
"15:21:00.5576942","ZCode.exe","23548","RegCloseKey","HKLM\System\CurrentControlSet\Enum\PCI\VEN_8086&DEV_9A49&SUBSYS_0A201028&REV_01\3&11583659&0&10","SUCCESS",""
"15:21:00.5577111","ZCode.exe","23548","RegOpenKey","HKLM\System\CurrentControlSet\Enum\PCI\VEN_8086&DEV_9A49&SUBSYS_0A201028&REV_01\3&11583659&0&10","SUCCESS","Desired Access: Query Value, Maximum Allowed"
"15:21:00.5577268","ZCode.exe","23548","RegQueryValue","HKLM\System\CurrentControlSet\Enum\PCI\VEN_8086&DEV_9A49&SUBSYS_0A201028&REV_01\3&11583659&0&10\HardwareID","SUCCESS","Type: REG_MULTI_SZ, Length: 292, Data: PCI\VEN_8086&DEV_9A49&SUBSYS_0A201028&REV_01, PCI\VEN_8086&DEV_9A49&SUBSYS_0A201028, PCI\VEN_8086&DEV_9A49&CC_030000, PCI\VEN_8086&DEV_9A49&CC_0300"
"15:21:00.5577382","ZCode.exe","23548","RegCloseKey","HKLM\System\CurrentControlSet\Enum\PCI\VEN_8086&DEV_9A49&SUBSYS_0A201028&REV_01\3&11583659&0&10","SUCCESS",""
"15:21:00.5577503","ZCode.exe","23548","RegOpenKey","HKLM\Hardware\DeviceMap\Video","SUCCESS","Desired Access: Read"
"15:21:00.5577618","ZCode.exe","23548","RegQueryValue","HKLM\HARDWARE\DEVICEMAP\VIDEO\\Device\Video3","SUCCESS","Type: REG_SZ, Length: 202, Data: \Registry\Machine\System\CurrentControlSet\Control\Video\{5D511F2A-3765-11F0-97F6-806E6F6E6963}\0003"
"15:21:00.5577734","ZCode.exe","23548","RegCloseKey","HKLM\HARDWARE\DEVICEMAP\VIDEO","SUCCESS",""
"15:21:00.5578518","ZCode.exe","23548","RegQueryKey","HKCU","SUCCESS","Query: HandleTags, HandleTags: 0x0"
"15:21:00.5578636","ZCode.exe","23548","RegOpenKey","HKCU\Software\Microsoft\DirectX\UserGpuPreferences","NAME NOT FOUND","Desired Access: Read"
"15:21:00.5580563","ZCode.exe","23548","RegQueryKey","HKCU","SUCCESS","Query: HandleTags, HandleTags: 0x0"
"15:21:00.5580694","ZCode.exe","23548","RegOpenKey","HKCU\Software\Microsoft\DirectX\UserGpuPreferences","NAME NOT FOUND","Desired Access: Read"
"15:21:00.5582432","ZCode.exe","23548","CreateFile","C:\Program Files\ZCode","SUCCESS","Desired Access: Execute/Traverse, Synchronize, Disposition: Open, Options: Directory, Synchronous IO Non-Alert, Attributes: n/a, ShareMode: Read, Write, AllocationSize: n/a, OpenResult: Opened"
"15:21:00.5582747","ZCode.exe","23548","CloseFile","C:\Program Files\ZCode","SUCCESS",""
"15:21:00.5584317","ZCode.exe","23548","CreateFile","C:\Program Files\ZCode\d3d11.dll","NAME NOT FOUND","Desired Access: Read Attributes, Disposition: Open, Options: Open Reparse Point, Attributes: n/a, ShareMode: Read, Write, Delete, AllocationSize: n/a"
"15:21:00.5586119","ZCode.exe","23548","CreateFile","C:\Windows\System32\d3d11.dll","SUCCESS","Desired Access: Read Attributes, Disposition: Open, Options: Open Reparse Point, Attributes: n/a, ShareMode: Read, Write, Delete, AllocationSize: n/a, OpenResult: Opened"
"15:21:00.5586565","ZCode.exe","23548","QueryBasicInformationFile","C:\Windows\System32\d3d11.dll","SUCCESS","CreationTime: 24-06-2026 11:34:01, LastAccessTime: 26-06-2026 15:19:41, LastWriteTime: 24-06-2026 11:34:01, ChangeTime: 24-06-2026 16:31:22, FileAttributes: A"
"15:21:00.5586699","ZCode.exe","23548","CloseFile","C:\Windows\System32\d3d11.dll","SUCCESS",""
"15:21:00.5587748","ZCode.exe","23548","CreateFile","C:\Windows\System32\d3d11.dll","SUCCESS","Desired Access: Read Data/List Directory, Execute/Traverse, Synchronize, Disposition: Open, Options: Synchronous IO Non-Alert, Non-Directory File, Attributes: n/a, ShareMode: Read, Delete, AllocationSize: n/a, OpenResult: Opened"
"15:21:00.5588080","ZCode.exe","23548","CreateFileMapping","C:\Windows\System32\d3d11.dll","FILE LOCKED WITH ONLY READERS","SyncType: SyncTypeCreateSection, PageProtection: PAGE_EXECUTE"
"15:21:00.5588345","ZCode.exe","23548","CreateFileMapping","C:\Windows\System32\d3d11.dll","SUCCESS","SyncType: SyncTypeOther"
"15:21:00.5589386","ZCode.exe","23548","Load Image","C:\Windows\System32\d3d11.dll","SUCCESS","Image Base: 0x7ffb02ca0000, Image Size: 0x260000"
"15:21:00.5591221","ZCode.exe","23548","CloseFile","C:\Windows\System32\d3d11.dll","SUCCESS",""
"15:21:00.5597990","ZCode.exe","23548","CreateFile","C:\Program Files\ZCode\ZCode.exe","SUCCESS","Desired Access: Generic Read, Disposition: Open, Options: Synchronous IO Non-Alert, Non-Directory File, Attributes: N, ShareMode: Read, Delete, AllocationSize: n/a, OpenResult: Opened"
"15:21:00.5598269","ZCode.exe","23548","QueryStandardInformationFile","C:\Program Files\ZCode\ZCode.exe","SUCCESS","AllocationSize: 222867456, EndOfFile: 222866328, NumberOfLinks: 1, DeletePending: False, Directory: False"
"15:21:00.5598448","ZCode.exe","23548","RegOpenKey","HKCU\Software\Microsoft\Windows\CurrentVersion\Explorer\Shell Folders","SUCCESS","Desired Access: Query Value"
"15:21:00.5598959","ZCode.exe","23548","RegQueryValue","HKCU\Software\Microsoft\Windows\CurrentVersion\Explorer\Shell Folders\Cache","SUCCESS","Type: REG_SZ, Length: 112, Data: C:\Users\DELL\AppData\Local\Microsoft\Windows\INetCache"
"15:21:00.5599147","ZCode.exe","23548","RegCloseKey","HKCU\Software\Microsoft\Windows\CurrentVersion\Explorer\Shell Folders","SUCCESS",""
"15:21:00.5599449","ZCode.exe","23548","RegOpenKey","HKLM\Software\Microsoft\Windows NT\CurrentVersion\AppCompatFlags\Layers","SUCCESS","Desired Access: Read"
"15:21:00.5599597","ZCode.exe","23548","RegQueryValue","HKLM\SOFTWARE\Microsoft\Windows NT\CurrentVersion\AppCompatFlags\Layers\C:\Program Files\ZCode\ZCode.exe","NAME NOT FOUND","Length: 1024"
"15:21:00.5599719","ZCode.exe","23548","RegCloseKey","HKLM\SOFTWARE\Microsoft\Windows NT\CurrentVersion\AppCompatFlags\Layers","SUCCESS",""
"15:21:00.5599883","ZCode.exe","23548","RegOpenKey","HKCU\Software\Microsoft\Windows NT\CurrentVersion\AppCompatFlags\Layers","SUCCESS","Desired Access: Read"
"15:21:00.5600009","ZCode.exe","23548","RegQueryValue","HKCU\Software\Microsoft\Windows NT\CurrentVersion\AppCompatFlags\Layers\C:\Program Files\ZCode\ZCode.exe","NAME NOT FOUND","Length: 1024"
"15:21:00.5600104","ZCode.exe","23548","RegCloseKey","HKCU\Software\Microsoft\Windows NT\CurrentVersion\AppCompatFlags\Layers","SUCCESS",""
"15:21:00.5600207","ZCode.exe","23548","RegOpenKey","HKLM\Software\Microsoft\Windows NT\CurrentVersion\AppCompatFlags\Custom\ZCode.exe","NAME NOT FOUND","Desired Access: Read"
"15:21:00.5600418","ZCode.exe","23548","CloseFile","C:\Program Files\ZCode\ZCode.exe","SUCCESS",""
"15:21:00.5602254","ZCode.exe","23548","CreateFile","C:\Program Files\ZCode\ZCode.exe","SUCCESS","Desired Access: Generic Read, Disposition: Open, Options: Synchronous IO Non-Alert, Non-Directory File, Attributes: N, ShareMode: Read, Delete, AllocationSize: n/a, OpenResult: Opened"
"15:21:00.5602472","ZCode.exe","23548","QueryStandardInformationFile","C:\Program Files\ZCode\ZCode.exe","SUCCESS","AllocationSize: 222867456, EndOfFile: 222866328, NumberOfLinks: 1, DeletePending: False, Directory: False"
"15:21:00.5602623","ZCode.exe","23548","RegOpenKey","HKCU\Software\Microsoft\Windows\CurrentVersion\Explorer\Shell Folders","SUCCESS","Desired Access: Query Value"
"15:21:00.5602760","ZCode.exe","23548","RegQueryValue","HKCU\Software\Microsoft\Windows\CurrentVersion\Explorer\Shell Folders\Cache","SUCCESS","Type: REG_SZ, Length: 112, Data: C:\Users\DELL\AppData\Local\Microsoft\Windows\INetCache"
"15:21:00.5602879","ZCode.exe","23548","RegCloseKey","HKCU\Software\Microsoft\Windows\CurrentVersion\Explorer\Shell Folders","SUCCESS",""
"15:21:00.5603063","ZCode.exe","23548","RegOpenKey","HKLM\Software\Microsoft\Windows NT\CurrentVersion\AppCompatFlags\Layers","SUCCESS","Desired Access: Read"
"15:21:00.5603170","ZCode.exe","23548","RegQueryValue","HKLM\SOFTWARE\Microsoft\Windows NT\CurrentVersion\AppCompatFlags\Layers\C:\Program Files\ZCode\ZCode.exe","NAME NOT FOUND","Length: 1024"
"15:21:00.5603257","ZCode.exe","23548","RegCloseKey","HKLM\SOFTWARE\Microsoft\Windows NT\CurrentVersion\AppCompatFlags\Layers","SUCCESS",""
"15:21:00.5603364","ZCode.exe","23548","RegOpenKey","HKCU\Software\Microsoft\Windows NT\CurrentVersion\AppCompatFlags\Layers","SUCCESS","Desired Access: Read"
"15:21:00.5603475","ZCode.exe","23548","RegQueryValue","HKCU\Software\Microsoft\Windows NT\CurrentVersion\AppCompatFlags\Layers\C:\Program Files\ZCode\ZCode.exe","NAME NOT FOUND","Length: 1024"
"15:21:00.5603599","ZCode.exe","23548","RegCloseKey","HKCU\Software\Microsoft\Windows NT\CurrentVersion\AppCompatFlags\Layers","SUCCESS",""
"15:21:00.5603695","ZCode.exe","23548","RegOpenKey","HKLM\Software\Microsoft\Windows NT\CurrentVersion\AppCompatFlags\Custom\ZCode.exe","NAME NOT FOUND","Desired Access: Read"
"15:21:00.5604013","ZCode.exe","23548","CloseFile","C:\Program Files\ZCode\ZCode.exe","SUCCESS",""
"15:21:00.5610516","ZCode.exe","23548","CreateFile","C:\Windows\System32\DriverStore\FileRepository\iigd_dch.inf_amd64_890d8eaa182f97be\igd10iumd64.dll","SUCCESS","Desired Access: Read Attributes, Disposition: Open, Options: Open Reparse Point, Attributes: n/a, ShareMode: Read, Write, Delete, AllocationSize: n/a, OpenResult: Opened"
"15:21:00.5610817","ZCode.exe","23548","QueryBasicInformationFile","C:\Windows\System32\DriverStore\FileRepository\iigd_dch.inf_amd64_890d8eaa182f97be\igd10iumd64.dll","SUCCESS","CreationTime: 28-04-2026 17:23:44, LastAccessTime: 26-06-2026 15:20:56, LastWriteTime: 11-02-2026 19:30:58, ChangeTime: 20-06-2026 09:18:52, FileAttributes: A"
"15:21:00.5610954","ZCode.exe","23548","CloseFile","C:\Windows\System32\DriverStore\FileRepository\iigd_dch.inf_amd64_890d8eaa182f97be\igd10iumd64.dll","SUCCESS",""
"15:21:00.5612040","ZCode.exe","23548","CreateFile","C:\Windows\System32\DriverStore\FileRepository\iigd_dch.inf_amd64_890d8eaa182f97be\igd10iumd64.dll","SUCCESS","Desired Access: Read Data/List Directory, Execute/Traverse, Synchronize, Disposition: Open, Options: Synchronous IO Non-Alert, Non-Directory File, Attributes: n/a, ShareMode: Read, Delete, AllocationSize: n/a, OpenResult: Opened"
"15:21:00.5612328","ZCode.exe","23548","CreateFileMapping","C:\Windows\System32\DriverStore\FileRepository\iigd_dch.inf_amd64_890d8eaa182f97be\igd10iumd64.dll","FILE LOCKED WITH ONLY READERS","SyncType: SyncTypeCreateSection, PageProtection: PAGE_EXECUTE"
"15:21:00.5612634","ZCode.exe","23548","CreateFileMapping","C:\Windows\System32\DriverStore\FileRepository\iigd_dch.inf_amd64_890d8eaa182f97be\igd10iumd64.dll","SUCCESS","SyncType: SyncTypeOther"
"15:21:00.5613681","ZCode.exe","23548","Load Image","C:\Windows\System32\DriverStore\FileRepository\iigd_dch.inf_amd64_890d8eaa182f97be\igd10iumd64.dll","SUCCESS","Image Base: 0x7ffafe9e0000, Image Size: 0x51b000"
"15:21:00.5615021","ZCode.exe","23548","CloseFile","C:\Windows\System32\DriverStore\FileRepository\iigd_dch.inf_amd64_890d8eaa182f97be\igd10iumd64.dll","SUCCESS",""
"15:21:00.5618604","ZCode.exe","23548","CreateFile","C:\Windows\System32\apphelp.dll","SUCCESS","Desired Access: Read Attributes, Disposition: Open, Options: Open Reparse Point, Attributes: n/a, ShareMode: Read, Write, Delete, AllocationSize: n/a, OpenResult: Opened"
"15:21:00.5619432","ZCode.exe","23548","QueryBasicInformationFile","C:\Windows\System32\apphelp.dll","SUCCESS","CreationTime: 24-06-2026 11:33:55, LastAccessTime: 26-06-2026 15:19:08, LastWriteTime: 24-06-2026 11:33:55, ChangeTime: 24-06-2026 16:31:20, FileAttributes: A"
"15:21:00.5619621","ZCode.exe","23548","CloseFile","C:\Windows\System32\apphelp.dll","SUCCESS",""
"15:21:00.5621302","ZCode.exe","23548","CreateFile","C:\Windows\System32\apphelp.dll","SUCCESS","Desired Access: Read Data/List Directory, Execute/Traverse, Synchronize, Disposition: Open, Options: Synchronous IO Non-Alert, Non-Directory File, Attributes: n/a, ShareMode: Read, Delete, AllocationSize: n/a, OpenResult: Opened"
"15:21:00.5621744","ZCode.exe","23548","CreateFileMapping","C:\Windows\System32\apphelp.dll","FILE LOCKED WITH ONLY READERS","SyncType: SyncTypeCreateSection, PageProtection: PAGE_EXECUTE"
"15:21:00.5622052","ZCode.exe","23548","CreateFileMapping","C:\Windows\System32\apphelp.dll","SUCCESS","SyncType: SyncTypeOther"
"15:21:00.5623308","ZCode.exe","23548","Load Image","C:\Windows\System32\apphelp.dll","SUCCESS","Image Base: 0x7ffb039b0000, Image Size: 0xa0000"
"15:21:00.5625079","ZCode.exe","23548","CloseFile","C:\Windows\System32\apphelp.dll","SUCCESS",""
"15:21:00.5626511","ZCode.exe","23548","RegOpenKey","HKLM\Software\Microsoft\Windows NT\CurrentVersion\AppCompatFlags","SUCCESS","Desired Access: Query Value"
"15:21:00.5626775","ZCode.exe","23548","RegQueryValue","HKLM\SOFTWARE\Microsoft\Windows NT\CurrentVersion\AppCompatFlags\LogFlags","NAME NOT FOUND","Length: 20"
"15:21:00.5626946","ZCode.exe","23548","RegCloseKey","HKLM\SOFTWARE\Microsoft\Windows NT\CurrentVersion\AppCompatFlags","SUCCESS",""
"15:21:00.5627112","ZCode.exe","23548","RegOpenKey","HKLM\OSDATA\Software\Microsoft\Windows NT\CurrentVersion\AppCompatFlags","NAME NOT FOUND","Desired Access: Query Value"
"15:21:00.5627758","ZCode.exe","23548","QueryNameInformationFile","C:\Windows\System32\apphelp.dll","SUCCESS","Name: \Windows\System32\apphelp.dll"
"15:21:00.5630401","ZCode.exe","23548","CreateFile","C:\Windows\System32\DriverStore\FileRepository\iigd_dch.inf_amd64_890d8eaa182f97be\igd10iumd64.dll","SUCCESS","Desired Access: Generic Read, Disposition: Open, Options: Synchronous IO Non-Alert, Non-Directory File, Attributes: N, ShareMode: Read, AllocationSize: n/a, OpenResult: Opened"
"15:21:00.5631011","ZCode.exe","23548","QuerySecurityFile","C:\Windows\System32\DriverStore\FileRepository\iigd_dch.inf_amd64_890d8eaa182f97be\igd10iumd64.dll","SUCCESS","Information: Owner, Group, DACL, SACL, Label, Attribute, Process Trust Label, 0x100"
"15:21:00.5631514","ZCode.exe","23548","RegOpenKey","HKLM\Software\Microsoft\Windows NT\CurrentVersion\AppCompatFlags\SdbUpdates","SUCCESS","Desired Access: Read"
"15:21:00.5631762","ZCode.exe","23548","RegQueryValue","HKLM\SOFTWARE\Microsoft\Windows NT\CurrentVersion\AppCompatFlags\SdbUpdates\DisableDoubleQuerySdbs","NAME NOT FOUND","Length: 20"
"15:21:00.5631967","ZCode.exe","23548","RegCloseKey","HKLM\SOFTWARE\Microsoft\Windows NT\CurrentVersion\AppCompatFlags\SdbUpdates","SUCCESS",""
"15:21:00.5632323","ZCode.exe","23548","RegOpenKey","HKLM\Software\Microsoft\Windows NT\CurrentVersion\AppCompatFlags\SdbUpdates\ManifestedMergeStubSdbs","SUCCESS","Desired Access: Read"
"15:21:00.5632598","ZCode.exe","23548","RegEnumValue","HKLM\SOFTWARE\Microsoft\Windows NT\CurrentVersion\AppCompatFlags\SdbUpdates\ManifestedMergeStubSdbs","SUCCESS","Index: 0, Type: REG_SZ, Length: 24, Data: sysmain.sdb"
"15:21:00.5632780","ZCode.exe","23548","RegEnumValue","HKLM\SOFTWARE\Microsoft\Windows NT\CurrentVersion\AppCompatFlags\SdbUpdates\ManifestedMergeStubSdbs","SUCCESS","Index: 0, Type: REG_SZ"
"15:21:00.5633008","ZCode.exe","23548","RegCloseKey","HKLM\SOFTWARE\Microsoft\Windows NT\CurrentVersion\AppCompatFlags\SdbUpdates\ManifestedMergeStubSdbs","SUCCESS",""
"15:21:00.5633236","ZCode.exe","23548","RegOpenKey","HKLM\Software\Microsoft\Windows NT\CurrentVersion\AppCompatFlags\SdbUpdates","SUCCESS","Desired Access: Read"
"15:21:00.5633413","ZCode.exe","23548","RegQueryValue","HKLM\SOFTWARE\Microsoft\Windows NT\CurrentVersion\AppCompatFlags\SdbUpdates\StagedDelete_sysMerge.sdb","NAME NOT FOUND","Length: 0"
"15:21:00.5633643","ZCode.exe","23548","RegCloseKey","HKLM\SOFTWARE\Microsoft\Windows NT\CurrentVersion\AppCompatFlags\SdbUpdates","SUCCESS",""
"15:21:00.5633819","ZCode.exe","23548","RegOpenKey","HKLM\Software\Microsoft\Windows NT\CurrentVersion\AppCompatFlags\SdbUpdates","SUCCESS","Desired Access: Read"
"15:21:00.5633987","ZCode.exe","23548","RegQueryValue","HKLM\SOFTWARE\Microsoft\Windows NT\CurrentVersion\AppCompatFlags\SdbUpdates\sysMerge.sdb","BUFFER TOO SMALL","Length: 0"
"15:21:00.5634132","ZCode.exe","23548","RegQueryValue","HKLM\SOFTWARE\Microsoft\Windows NT\CurrentVersion\AppCompatFlags\SdbUpdates\sysMerge.sdb","SUCCESS","Type: REG_SZ, Length: 58, Data: 01DBFA347540B59D.sysmain.sdb"
"15:21:00.5634288","ZCode.exe","23548","RegQueryValue","HKLM\SOFTWARE\Microsoft\Windows NT\CurrentVersion\AppCompatFlags\SdbUpdates\MergeVer_sysMerge.sdb","SUCCESS","Type: REG_DWORD, Length: 4, Data: 1"
"15:21:00.5634625","ZCode.exe","23548","RegQueryValue","HKLM\SOFTWARE\Microsoft\Windows NT\CurrentVersion\AppCompatFlags\SdbUpdates\MergeVer","SUCCESS","Type: REG_DWORD, Length: 4, Data: 1"
"15:21:00.5634786","ZCode.exe","23548","RegQueryValue","HKLM\SOFTWARE\Microsoft\Windows NT\CurrentVersion\AppCompatFlags\SdbUpdates\MinMergeVer","SUCCESS","Type: REG_DWORD, Length: 4, Data: 0"
"15:21:00.5635423","ZCode.exe","23548","RegOpenKey","HKLM\Software\Microsoft\Windows NT\CurrentVersion\AppCompatFlags\SdbUpdates","SUCCESS","Desired Access: Read"
"15:21:00.5635936","ZCode.exe","23548","RegQueryValue","HKLM\SOFTWARE\Microsoft\Windows NT\CurrentVersion\AppCompatFlags\SdbUpdates\DisableDoubleQuerySdbs","NAME NOT FOUND","Length: 20"
"15:21:00.5636119","ZCode.exe","23548","RegCloseKey","HKLM\SOFTWARE\Microsoft\Windows NT\CurrentVersion\AppCompatFlags\SdbUpdates","SUCCESS",""
"15:21:00.5636304","ZCode.exe","23548","RegOpenKey","HKLM\Software\Microsoft\Windows NT\CurrentVersion\AppCompatFlags\SdbUpdates\ManifestedMergeStubSdbs","SUCCESS","Desired Access: Read"
"15:21:00.5636483","ZCode.exe","23548","RegEnumValue","HKLM\SOFTWARE\Microsoft\Windows NT\CurrentVersion\AppCompatFlags\SdbUpdates\ManifestedMergeStubSdbs","SUCCESS","Index: 0, Type: REG_SZ, Length: 24, Data: sysmain.sdb"
"15:21:00.5636621","ZCode.exe","23548","RegEnumValue","HKLM\SOFTWARE\Microsoft\Windows NT\CurrentVersion\AppCompatFlags\SdbUpdates\ManifestedMergeStubSdbs","SUCCESS","Index: 1, Type: REG_SZ, Length: 24, Data: msimain.sdb"
"15:21:00.5636767","ZCode.exe","23548","RegEnumValue","HKLM\SOFTWARE\Microsoft\Windows NT\CurrentVersion\AppCompatFlags\SdbUpdates\ManifestedMergeStubSdbs","NO MORE ENTRIES","Index: 2, Length: 42"
"15:21:00.5636960","ZCode.exe","23548","RegCloseKey","HKLM\SOFTWARE\Microsoft\Windows NT\CurrentVersion\AppCompatFlags\SdbUpdates\ManifestedMergeStubSdbs","SUCCESS",""
"15:21:00.5637138","ZCode.exe","23548","RegCloseKey","HKLM\SOFTWARE\Microsoft\Windows NT\CurrentVersion\AppCompatFlags\SdbUpdates","SUCCESS",""
"15:21:00.5637507","ZCode.exe","23548","RegOpenKey","HKLM\Software\Microsoft\Windows NT\CurrentVersion\AppCompatFlags\SdbUpdates","SUCCESS","Desired Access: Read"
"15:21:00.5637688","ZCode.exe","23548","RegQueryValue","HKLM\SOFTWARE\Microsoft\Windows NT\CurrentVersion\AppCompatFlags\SdbUpdates\StagedDelete_sysmain.sdb","NAME NOT FOUND","Length: 0"
"15:21:00.5637935","ZCode.exe","23548","RegCloseKey","HKLM\SOFTWARE\Microsoft\Windows NT\CurrentVersion\AppCompatFlags\SdbUpdates","SUCCESS",""
"15:21:00.5638165","ZCode.exe","23548","RegOpenKey","HKLM\Software\Microsoft\Windows NT\CurrentVersion\AppCompatFlags\SdbUpdates","SUCCESS","Desired Access: Read"
"15:21:00.5638387","ZCode.exe","23548","RegQueryValue","HKLM\SOFTWARE\Microsoft\Windows NT\CurrentVersion\AppCompatFlags\SdbUpdates\sysmain.sdb","BUFFER TOO SMALL","Length: 0"
"15:21:00.5638552","ZCode.exe","23548","RegQueryValue","HKLM\SOFTWARE\Microsoft\Windows NT\CurrentVersion\AppCompatFlags\SdbUpdates\sysmain.sdb","SUCCESS","Type: REG_SZ, Length: 58, Data: 01DD03FCD47E9A81.sysmain.sdb"
"15:21:00.5638715","ZCode.exe","23548","RegQueryValue","HKLM\SOFTWARE\Microsoft\Windows NT\CurrentVersion\AppCompatFlags\SdbUpdates\MergeVer_sysmain.sdb","SUCCESS","Type: REG_DWORD, Length: 4, Data: 1"
"15:21:00.5638878","ZCode.exe","23548","RegQueryValue","HKLM\SOFTWARE\Microsoft\Windows NT\CurrentVersion\AppCompatFlags\SdbUpdates\MergeVer","SUCCESS","Type: REG_DWORD, Length: 4, Data: 1"
"15:21:00.5639028","ZCode.exe","23548","RegQueryValue","HKLM\SOFTWARE\Microsoft\Windows NT\CurrentVersion\AppCompatFlags\SdbUpdates\MinMergeVer","SUCCESS","Type: REG_DWORD, Length: 4, Data: 0"
"15:21:00.5639475","ZCode.exe","23548","RegOpenKey","HKLM\Software\Microsoft\Windows NT\CurrentVersion\AppCompatFlags\SdbUpdates","SUCCESS","Desired Access: Read"
"15:21:00.5639603","ZCode.exe","23548","RegQueryValue","HKLM\SOFTWARE\Microsoft\Windows NT\CurrentVersion\AppCompatFlags\SdbUpdates\DisableDoubleQuerySdbs","NAME NOT FOUND","Length: 20"
"15:21:00.5639981","ZCode.exe","23548","RegCloseKey","HKLM\SOFTWARE\Microsoft\Windows NT\CurrentVersion\AppCompatFlags\SdbUpdates","SUCCESS",""
"15:21:00.5640130","ZCode.exe","23548","RegOpenKey","HKLM\Software\Microsoft\Windows NT\CurrentVersion\AppCompatFlags\SdbUpdates\ManifestedMergeStubSdbs","SUCCESS","Desired Access: Read"
"15:21:00.5640262","ZCode.exe","23548","RegEnumValue","HKLM\SOFTWARE\Microsoft\Windows NT\CurrentVersion\AppCompatFlags\SdbUpdates\ManifestedMergeStubSdbs","SUCCESS","Index: 0, Type: REG_SZ, Length: 24, Data: sysmain.sdb"
"15:21:00.5640460","ZCode.exe","23548","RegEnumValue","HKLM\SOFTWARE\Microsoft\Windows NT\CurrentVersion\AppCompatFlags\SdbUpdates\ManifestedMergeStubSdbs","SUCCESS","Index: 0, Type: REG_SZ"
"15:21:00.5640580","ZCode.exe","23548","RegCloseKey","HKLM\SOFTWARE\Microsoft\Windows NT\CurrentVersion\AppCompatFlags\SdbUpdates\ManifestedMergeStubSdbs","SUCCESS",""
"15:21:00.5640859","ZCode.exe","23548","RegCloseKey","HKLM\SOFTWARE\Microsoft\Windows NT\CurrentVersion\AppCompatFlags\SdbUpdates","SUCCESS",""
"15:21:00.5641099","ZCode.exe","23548","QueryBasicInformationFile","C:\Windows\System32\DriverStore\FileRepository\iigd_dch.inf_amd64_890d8eaa182f97be\igd10iumd64.dll","SUCCESS","CreationTime: 28-04-2026 17:23:44, LastAccessTime: 26-06-2026 15:21:00, LastWriteTime: 11-02-2026 19:30:58, ChangeTime: 20-06-2026 09:18:52, FileAttributes: A"
"15:21:00.5641441","ZCode.exe","23548","QueryBasicInformationFile","C:\Windows\System32\DriverStore\FileRepository\iigd_dch.inf_amd64_890d8eaa182f97be\igd10iumd64.dll","SUCCESS","CreationTime: 28-04-2026 17:23:44, LastAccessTime: 26-06-2026 15:21:00, LastWriteTime: 11-02-2026 19:30:58, ChangeTime: 20-06-2026 09:18:52, FileAttributes: A"
"15:21:00.5641571","ZCode.exe","23548","QueryNameInformationFile","C:\Windows\System32\DriverStore\FileRepository\iigd_dch.inf_amd64_890d8eaa182f97be\igd10iumd64.dll","SUCCESS","Name: \Windows\System32\DriverStore\FileRepository\iigd_dch.inf_amd64_890d8eaa182f97be\igd10iumd64.dll"
"15:21:00.5642256","ZCode.exe","23548","CloseFile","C:\Windows\System32\DriverStore\FileRepository\iigd_dch.inf_amd64_890d8eaa182f97be\igd10iumd64.dll","SUCCESS",""
"15:21:00.5646320","ZCode.exe","23548","RegOpenKey","HKLM\System\CurrentControlSet\Enum\PCI\VEN_8086&DEV_9A49&SUBSYS_0A201028&REV_01\3&11583659&0&10","SUCCESS","Desired Access: Query Value, Maximum Allowed"
"15:21:00.5646626","ZCode.exe","23548","RegOpenKey","HKLM\System\CurrentControlSet\Enum\PCI\VEN_8086&DEV_9A49&SUBSYS_0A201028&REV_01\3&11583659&0&10\Properties\{83da6326-97a6-4088-9453-a1923f573b29}\0009","SUCCESS","Desired Access: Query Value"
"15:21:00.5646807","ZCode.exe","23548","RegQueryValue","HKLM\System\CurrentControlSet\Enum\PCI\VEN_8086&DEV_9A49&SUBSYS_0A201028&REV_01\3&11583659&0&10\Properties\{83da6326-97a6-4088-9453-a1923f573b29}\0009\(Default)","NAME NOT FOUND","Length: 140"
"15:21:00.5646975","ZCode.exe","23548","RegCloseKey","HKLM\System\CurrentControlSet\Enum\PCI\VEN_8086&DEV_9A49&SUBSYS_0A201028&REV_01\3&11583659&0&10\Properties\{83da6326-97a6-4088-9453-a1923f573b29}\0009","SUCCESS",""
"15:21:00.5647115","ZCode.exe","23548","RegCloseKey","HKLM\System\CurrentControlSet\Enum\PCI\VEN_8086&DEV_9A49&SUBSYS_0A201028&REV_01\3&11583659&0&10","SUCCESS",""
"15:21:00.5650141","ZCode.exe","23548","CreateFile","C:\Windows\System32\DriverStore\FileRepository\iigd_dch.inf_amd64_890d8eaa182f97be\igd10um64xe.dll","SUCCESS","Desired Access: Read Attributes, Disposition: Open, Options: Open Reparse Point, Attributes: n/a, ShareMode: Read, Write, Delete, AllocationSize: n/a, OpenResult: Opened"
"15:21:00.5650503","ZCode.exe","23548","QueryBasicInformationFile","C:\Windows\System32\DriverStore\FileRepository\iigd_dch.inf_amd64_890d8eaa182f97be\igd10um64xe.dll","SUCCESS","CreationTime: 28-04-2026 17:23:44, LastAccessTime: 26-06-2026 15:19:41, LastWriteTime: 11-02-2026 19:31:04, ChangeTime: 29-05-2026 08:59:05, FileAttributes: A"
"15:21:00.5650647","ZCode.exe","23548","CloseFile","C:\Windows\System32\DriverStore\FileRepository\iigd_dch.inf_amd64_890d8eaa182f97be\igd10um64xe.dll","SUCCESS",""
"15:21:00.5651820","ZCode.exe","23548","CreateFile","C:\Windows\System32\DriverStore\FileRepository\iigd_dch.inf_amd64_890d8eaa182f97be\igd10um64xe.dll","SUCCESS","Desired Access: Read Data/List Directory, Execute/Traverse, Synchronize, Disposition: Open, Options: Synchronous IO Non-Alert, Non-Directory File, Attributes: n/a, ShareMode: Read, Delete, AllocationSize: n/a, OpenResult: Opened"
"15:21:00.5652110","ZCode.exe","23548","CreateFileMapping","C:\Windows\System32\DriverStore\FileRepository\iigd_dch.inf_amd64_890d8eaa182f97be\igd10um64xe.dll","FILE LOCKED WITH ONLY READERS","SyncType: SyncTypeCreateSection, PageProtection: PAGE_EXECUTE"
"15:21:00.5652407","ZCode.exe","23548","CreateFileMapping","C:\Windows\System32\DriverStore\FileRepository\iigd_dch.inf_amd64_890d8eaa182f97be\igd10um64xe.dll","SUCCESS","SyncType: SyncTypeOther"
"15:21:00.5653703","ZCode.exe","23548","Load Image","C:\Windows\System32\DriverStore\FileRepository\iigd_dch.inf_amd64_890d8eaa182f97be\igd10um64xe.dll","SUCCESS","Image Base: 0x7ffafd860000, Image Size: 0x1116000"
"15:21:00.5655275","ZCode.exe","23548","CloseFile","C:\Windows\System32\DriverStore\FileRepository\iigd_dch.inf_amd64_890d8eaa182f97be\igd10um64xe.dll","SUCCESS",""
"15:21:00.5661216","ZCode.exe","23548","RegQueryKey","HKLM","SUCCESS","Query: HandleTags, HandleTags: 0x0"
"15:21:00.5661386","ZCode.exe","23548","RegOpenKey","HKLM\System\CurrentControlSet\CONTROL\CLASS\{4D36E968-E325-11CE-BFC1-08002BE10318}\0000","SUCCESS","Desired Access: Query Value"
"15:21:00.5661656","ZCode.exe","23548","RegQueryValue","HKLM\System\CurrentControlSet\Control\Class\{4d36e968-e325-11ce-bfc1-08002be10318}\0000\ControlApiPath","BUFFER OVERFLOW","Length: 12"
"15:21:00.5662316","ZCode.exe","23548","RegQueryValue","HKLM\System\CurrentControlSet\Control\Class\{4d36e968-e325-11ce-bfc1-08002be10318}\0000\ControlApiPath","BUFFER OVERFLOW","Length: 144"
"15:21:00.5662549","ZCode.exe","23548","RegQueryValue","HKLM\System\CurrentControlSet\Control\Class\{4d36e968-e325-11ce-bfc1-08002be10318}\0000\ControlApiPath","SUCCESS","Type: REG_SZ, Length: 206, Data: C:\WINDOWS\System32\DriverStore\FileRepository\iigd_dch.inf_amd64_890d8eaa182f97be\IntelControlLib.dll"
"15:21:00.5662761","ZCode.exe","23548","RegCloseKey","HKLM\System\CurrentControlSet\Control\Class\{4d36e968-e325-11ce-bfc1-08002be10318}\0000","SUCCESS",""
"15:21:00.5662918","ZCode.exe","23548","RegQueryKey","HKLM","SUCCESS","Query: HandleTags, HandleTags: 0x0"
"15:21:00.5663100","ZCode.exe","23548","RegOpenKey","HKLM\System\CurrentControlSet\CONTROL\CLASS\{4D36E968-E325-11CE-BFC1-08002BE10318}\0000","SUCCESS","Desired Access: Query Value"
"15:21:00.5663373","ZCode.exe","23548","RegQueryValue","HKLM\System\CurrentControlSet\Control\Class\{4d36e968-e325-11ce-bfc1-08002be10318}\0000\ControlApiPath","BUFFER OVERFLOW","Length: 116"
"15:21:00.5663543","ZCode.exe","23548","RegQueryValue","HKLM\System\CurrentControlSet\Control\Class\{4d36e968-e325-11ce-bfc1-08002be10318}\0000\ControlApiPath","BUFFER OVERFLOW","Length: 144"
"15:21:00.5663678","ZCode.exe","23548","RegQueryValue","HKLM\System\CurrentControlSet\Control\Class\{4d36e968-e325-11ce-bfc1-08002be10318}\0000\ControlApiPath","SUCCESS","Type: REG_SZ, Length: 206, Data: C:\WINDOWS\System32\DriverStore\FileRepository\iigd_dch.inf_amd64_890d8eaa182f97be\IntelControlLib.dll"
"15:21:00.5663846","ZCode.exe","23548","RegCloseKey","HKLM\System\CurrentControlSet\Control\Class\{4d36e968-e325-11ce-bfc1-08002be10318}\0000","SUCCESS",""
"15:21:00.5666488","ZCode.exe","23548","CreateFile","C:\Windows\System32\DriverStore\FileRepository\iigd_dch.inf_amd64_890d8eaa182f97be\IntelControlLib.dll","SUCCESS","Desired Access: Read Attributes, Disposition: Open, Options: Open Reparse Point, Attributes: n/a, ShareMode: Read, Write, Delete, AllocationSize: n/a, OpenResult: Opened"
"15:21:00.5666936","ZCode.exe","23548","QueryBasicInformationFile","C:\Windows\System32\DriverStore\FileRepository\iigd_dch.inf_amd64_890d8eaa182f97be\IntelControlLib.dll","SUCCESS","CreationTime: 28-04-2026 17:23:45, LastAccessTime: 26-06-2026 15:20:56, LastWriteTime: 11-02-2026 19:32:02, ChangeTime: 29-05-2026 08:59:05, FileAttributes: A"
"15:21:00.5667336","ZCode.exe","23548","CloseFile","C:\Windows\System32\DriverStore\FileRepository\iigd_dch.inf_amd64_890d8eaa182f97be\IntelControlLib.dll","SUCCESS",""
"15:21:00.5668913","ZCode.exe","23548","CreateFile","C:\Windows\System32\DriverStore\FileRepository\iigd_dch.inf_amd64_890d8eaa182f97be\IntelControlLib.dll","SUCCESS","Desired Access: Read Data/List Directory, Execute/Traverse, Synchronize, Disposition: Open, Options: Synchronous IO Non-Alert, Non-Directory File, Attributes: n/a, ShareMode: Read, Delete, AllocationSize: n/a, OpenResult: Opened"
"15:21:00.5669292","ZCode.exe","23548","CreateFileMapping","C:\Windows\System32\DriverStore\FileRepository\iigd_dch.inf_amd64_890d8eaa182f97be\IntelControlLib.dll","FILE LOCKED WITH ONLY READERS","SyncType: SyncTypeCreateSection, PageProtection: PAGE_EXECUTE"
"15:21:00.5669521","ZCode.exe","23548","CreateFileMapping","C:\Windows\System32\DriverStore\FileRepository\iigd_dch.inf_amd64_890d8eaa182f97be\IntelControlLib.dll","SUCCESS","SyncType: SyncTypeOther"
"15:21:00.5670200","ZCode.exe","23548","Load Image","C:\Windows\System32\DriverStore\FileRepository\iigd_dch.inf_amd64_890d8eaa182f97be\IntelControlLib.dll","SUCCESS","Image Base: 0x7ffacd8c0000, Image Size: 0xb2000"
"15:21:00.5671085","ZCode.exe","23548","RegOpenKey","HKLM\Software\Microsoft\Windows\CurrentVersion\SideBySide","SUCCESS","Desired Access: Read"
"15:21:00.5671402","ZCode.exe","23548","RegQueryValue","HKLM\SOFTWARE\Microsoft\Windows\CurrentVersion\SideBySide\PreferExternalManifest","NAME NOT FOUND","Length: 20"
"15:21:00.5671619","ZCode.exe","23548","RegCloseKey","HKLM\SOFTWARE\Microsoft\Windows\CurrentVersion\SideBySide","SUCCESS",""
"15:21:00.5672758","ZCode.exe","23548","CreateFile","C:\Windows\System32\DriverStore\FileRepository\iigd_dch.inf_amd64_890d8eaa182f97be\IntelControlLib.dll","SUCCESS","Desired Access: Generic Read, Disposition: Open, Options: Synchronous IO Non-Alert, Non-Directory File, Attributes: n/a, ShareMode: Read, Delete, AllocationSize: n/a, OpenResult: Opened"
"15:21:00.5676157","ZCode.exe","23548","CloseFile","C:\Windows\System32\DriverStore\FileRepository\iigd_dch.inf_amd64_890d8eaa182f97be\IntelControlLib.dll","SUCCESS",""
"15:21:00.5677933","ZCode.exe","23548","CloseFile","C:\Windows\System32\DriverStore\FileRepository\iigd_dch.inf_amd64_890d8eaa182f97be\IntelControlLib.dll","SUCCESS",""
"15:21:00.5683895","ZCode.exe","23548","RegQueryKey","HKLM","SUCCESS","Query: HandleTags, HandleTags: 0x0"
"15:21:00.5684235","ZCode.exe","23548","RegOpenKey","HKLM\SOFTWARE\Intel\Display\IGCL","NAME NOT FOUND","Desired Access: Query Value"
"15:21:00.5685038","ZCode.exe","23548","RegOpenKey","HKLM\System\CurrentControlSet\Control\DeviceClasses\{1ca05180-a699-450a-9a0c-de4fbe3ddd89}","SUCCESS","Desired Access: All Access"
"15:21:00.5685618","ZCode.exe","23548","RegOpenKey","HKLM\System\CurrentControlSet\Control\DeviceClasses\{1ca05180-a699-450a-9a0c-de4fbe3ddd89}\Properties","NAME NOT FOUND","Desired Access: Query Value"
"15:21:00.5686130","ZCode.exe","23548","RegCloseKey","HKLM\System\CurrentControlSet\Control\DeviceClasses\{1ca05180-a699-450a-9a0c-de4fbe3ddd89}","SUCCESS",""
"15:21:00.5686500","ZCode.exe","23548","RegOpenKey","HKLM\System\CurrentControlSet\Control\DeviceClasses\{1ca05180-a699-450a-9a0c-de4fbe3ddd89}","SUCCESS","Desired Access: All Access"
"15:21:00.5686812","ZCode.exe","23548","RegOpenKey","HKLM\System\CurrentControlSet\Control\DeviceClasses\{1ca05180-a699-450a-9a0c-de4fbe3ddd89}\Properties","NAME NOT FOUND","Desired Access: Query Value"
"15:21:00.5687343","ZCode.exe","23548","RegCloseKey","HKLM\System\CurrentControlSet\Control\DeviceClasses\{1ca05180-a699-450a-9a0c-de4fbe3ddd89}","SUCCESS",""
"15:21:00.5687717","ZCode.exe","23548","RegOpenKey","HKLM\System\CurrentControlSet\Enum\ROOT\BASICRENDER\0000","SUCCESS","Desired Access: Query Value"
"15:21:00.5688026","ZCode.exe","23548","RegQueryValue","HKLM\System\CurrentControlSet\Enum\ROOT\BasicRender\0000\Phantom","NAME NOT FOUND","Length: 140"
"15:21:00.5688276","ZCode.exe","23548","RegCloseKey","HKLM\System\CurrentControlSet\Enum\ROOT\BasicRender\0000","SUCCESS",""
"15:21:00.5688937","ZCode.exe","23548","RegOpenKey","HKLM\System\CurrentControlSet\Enum\ROOT\BASICRENDER\0000","SUCCESS","Desired Access: Query Value, Maximum Allowed"
"15:21:00.5689277","ZCode.exe","23548","RegOpenKey","HKLM\System\CurrentControlSet\Enum\ROOT\BasicRender\0000\Properties\{a8b865dd-2e3d-4094-ad97-e593a70c75d6}\0008","SUCCESS","Desired Access: Query Value"
"15:21:00.5689702","ZCode.exe","23548","RegQueryValue","HKLM\System\CurrentControlSet\Enum\ROOT\BasicRender\0000\Properties\{a8b865dd-2e3d-4094-ad97-e593a70c75d6}\0008\(Default)","SUCCESS","Type: <Unknown: 4294901778>, Length: 34, Data: "
"15:21:00.5689934","ZCode.exe","23548","RegCloseKey","HKLM\System\CurrentControlSet\Enum\ROOT\BasicRender\0000\Properties\{a8b865dd-2e3d-4094-ad97-e593a70c75d6}\0008","SUCCESS",""
"15:21:00.5690531","ZCode.exe","23548","RegCloseKey","HKLM\System\CurrentControlSet\Enum\ROOT\BasicRender\0000","SUCCESS",""
"15:21:00.5691113","ZCode.exe","23548","RegOpenKey","HKLM\System\CurrentControlSet\Enum\PCI\VEN_8086&DEV_9A49&SUBSYS_0A201028&REV_01\3&11583659&0&10","SUCCESS","Desired Access: Query Value"
"15:21:00.5691418","ZCode.exe","23548","RegQueryValue","HKLM\System\CurrentControlSet\Enum\PCI\VEN_8086&DEV_9A49&SUBSYS_0A201028&REV_01\3&11583659&0&10\Phantom","NAME NOT FOUND","Length: 140"
"15:21:00.5692058","ZCode.exe","23548","RegCloseKey","HKLM\System\CurrentControlSet\Enum\PCI\VEN_8086&DEV_9A49&SUBSYS_0A201028&REV_01\3&11583659&0&10","SUCCESS",""
"15:21:00.5692508","ZCode.exe","23548","RegOpenKey","HKLM\System\CurrentControlSet\Enum\PCI\VEN_8086&DEV_9A49&SUBSYS_0A201028&REV_01\3&11583659&0&10","SUCCESS","Desired Access: Query Value, Maximum Allowed"
"15:21:00.5692765","ZCode.exe","23548","RegOpenKey","HKLM\System\CurrentControlSet\Enum\PCI\VEN_8086&DEV_9A49&SUBSYS_0A201028&REV_01\3&11583659&0&10\Properties\{a8b865dd-2e3d-4094-ad97-e593a70c75d6}\0008","SUCCESS","Desired Access: Query Value"
"15:21:00.5693015","ZCode.exe","23548","RegQueryValue","HKLM\System\CurrentControlSet\Enum\PCI\VEN_8086&DEV_9A49&SUBSYS_0A201028&REV_01\3&11583659&0&10\Properties\{a8b865dd-2e3d-4094-ad97-e593a70c75d6}\0008\(Default)","SUCCESS","Type: <Unknown: 4294901778>, Length: 76, Data: "
"15:21:00.5693220","ZCode.exe","23548","RegCloseKey","HKLM\System\CurrentControlSet\Enum\PCI\VEN_8086&DEV_9A49&SUBSYS_0A201028&REV_01\3&11583659&0&10\Properties\{a8b865dd-2e3d-4094-ad97-e593a70c75d6}\0008","SUCCESS",""
"15:21:00.5693633","ZCode.exe","23548","RegCloseKey","HKLM\System\CurrentControlSet\Enum\PCI\VEN_8086&DEV_9A49&SUBSYS_0A201028&REV_01\3&11583659&0&10","SUCCESS",""
"15:21:00.5695528","ZCode.exe","23548","RegOpenKey","HKLM\System\CurrentControlSet\Enum\PCI\VEN_8086&DEV_9A49&SUBSYS_0A201028&REV_01\3&11583659&0&10","SUCCESS","Desired Access: Query Value, Maximum Allowed"
"15:21:00.5695870","ZCode.exe","23548","RegQueryValue","HKLM\System\CurrentControlSet\Enum\PCI\VEN_8086&DEV_9A49&SUBSYS_0A201028&REV_01\3&11583659&0&10\Driver","SUCCESS","Type: REG_SZ, Length: 88, Data: {4d36e968-e325-11ce-bfc1-08002be10318}\0000"
"15:21:00.5696101","ZCode.exe","23548","RegCloseKey","HKLM\System\CurrentControlSet\Enum\PCI\VEN_8086&DEV_9A49&SUBSYS_0A201028&REV_01\3&11583659&0&10","SUCCESS",""
"15:21:00.5696301","ZCode.exe","23548","RegOpenKey","HKLM\System\CurrentControlSet\Control\Class\{4d36e968-e325-11ce-bfc1-08002be10318}\0000","SUCCESS","Desired Access: Read"
"15:21:00.5696506","ZCode.exe","23548","RegQueryKey","HKLM\System\CurrentControlSet\Control\Class\{4d36e968-e325-11ce-bfc1-08002be10318}\0000","SUCCESS","Query: HandleTags, HandleTags: 0x0"
"15:21:00.5696667","ZCode.exe","23548","RegSetInfoKey","HKLM\System\CurrentControlSet\Control\Class\{4d36e968-e325-11ce-bfc1-08002be10318}\0000","SUCCESS","KeySetInformationClass: KeySetHandleTagsInformation, Length: 0"
"15:21:00.5696803","ZCode.exe","23548","RegQueryValue","HKLM\System\CurrentControlSet\Control\Class\{4d36e968-e325-11ce-bfc1-08002be10318}\0000\96AF374A-219A-425c-A2D8-BCFB4FA8D266","NAME NOT FOUND","Length: 20"
"15:21:00.5697116","ZCode.exe","23548","RegCloseKey","HKLM\System\CurrentControlSet\Control\Class\{4d36e968-e325-11ce-bfc1-08002be10318}\0000","SUCCESS",""
"15:21:00.5700091","ZCode.exe","23548","CreateFile","C:\Windows\System32\DriverStore\FileRepository\iigd_dch.inf_amd64_890d8eaa182f97be\igsc.dll","NAME NOT FOUND","Desired Access: Read Attributes, Disposition: Open, Options: Open Reparse Point, Attributes: n/a, ShareMode: Read, Write, Delete, AllocationSize: n/a"
"15:21:00.5701982","ZCode.exe","23548","RegQueryKey","HKCU","SUCCESS","Query: HandleTags, HandleTags: 0x0"
"15:21:00.5702206","ZCode.exe","23548","RegOpenKey","HKCU\Software\Microsoft\DirectX\UserGpuPreferences","NAME NOT FOUND","Desired Access: Read"
"15:21:00.5710576","ZCode.exe","23548","RegQueryKey","HKCU","SUCCESS","Query: HandleTags, HandleTags: 0x0"
"15:21:00.5710756","ZCode.exe","23548","RegOpenKey","HKCU\Software\Microsoft\DirectX\UserGpuPreferences","NAME NOT FOUND","Desired Access: Read"
"15:21:00.5718897","ZCode.exe","23548","CreateFile","C:\Windows\System32\DriverStore\FileRepository\iigd_dch.inf_amd64_890d8eaa182f97be\igsc.dll","NAME NOT FOUND","Desired Access: Read Attributes, Disposition: Open, Options: Open Reparse Point, Attributes: n/a, ShareMode: Read, Write, Delete, AllocationSize: n/a"
"15:21:00.5720198","ZCode.exe","23548","RegQueryKey","HKCU","SUCCESS","Query: HandleTags, HandleTags: 0x0"
"15:21:00.5720371","ZCode.exe","23548","RegOpenKey","HKCU\Software\Microsoft\DirectX\UserGpuPreferences","NAME NOT FOUND","Desired Access: Read"
"15:21:00.5726071","ZCode.exe","23548","RegQueryKey","HKCU","SUCCESS","Query: HandleTags, HandleTags: 0x0"
"15:21:00.5726218","ZCode.exe","23548","RegOpenKey","HKCU\Software\Microsoft\DirectX\UserGpuPreferences","NAME NOT FOUND","Desired Access: Read"
"15:21:00.5730348","ZCode.exe","23548","RegQueryKey","HKLM","SUCCESS","Query: HandleTags, HandleTags: 0x0"
"15:21:00.5730469","ZCode.exe","23548","RegOpenKey","HKLM\SOFTWARE\Intel\EG","NAME NOT FOUND","Desired Access: Query Value"
"15:21:00.5730692","ZCode.exe","23548","RegQueryKey","HKLM","SUCCESS","Query: HandleTags, HandleTags: 0x0"
"15:21:00.5730785","ZCode.exe","23548","RegOpenKey","HKLM\SOFTWARE\Intel\Display\IGCL","NAME NOT FOUND","Desired Access: Query Value"
"15:21:00.5731125","ZCode.exe","23548","RegOpenKey","HKLM\System\CurrentControlSet\Enum\PCI\VEN_8086&DEV_9A49&SUBSYS_0A201028&REV_01\3&11583659&0&10","SUCCESS","Desired Access: Query Value, Maximum Allowed"
"15:21:00.5731297","ZCode.exe","23548","RegQueryValue","HKLM\System\CurrentControlSet\Enum\PCI\VEN_8086&DEV_9A49&SUBSYS_0A201028&REV_01\3&11583659&0&10\Driver","SUCCESS","Type: REG_SZ, Length: 88, Data: {4d36e968-e325-11ce-bfc1-08002be10318}\0000"
"15:21:00.5731443","ZCode.exe","23548","RegCloseKey","HKLM\System\CurrentControlSet\Enum\PCI\VEN_8086&DEV_9A49&SUBSYS_0A201028&REV_01\3&11583659&0&10","SUCCESS",""
"15:21:00.5731901","ZCode.exe","23548","RegOpenKey","HKLM\System\CurrentControlSet\Control\Class\{4d36e968-e325-11ce-bfc1-08002be10318}\0000","SUCCESS","Desired Access: Read"
"15:21:00.5732122","ZCode.exe","23548","RegQueryKey","HKLM\System\CurrentControlSet\Control\Class\{4d36e968-e325-11ce-bfc1-08002be10318}\0000","SUCCESS","Query: HandleTags, HandleTags: 0x0"
"15:21:00.5732265","ZCode.exe","23548","RegSetInfoKey","HKLM\System\CurrentControlSet\Control\Class\{4d36e968-e325-11ce-bfc1-08002be10318}\0000","SUCCESS","KeySetInformationClass: KeySetHandleTagsInformation, Length: 0"
"15:21:00.5732408","ZCode.exe","23548","RegQueryValue","HKLM\System\CurrentControlSet\Control\Class\{4d36e968-e325-11ce-bfc1-08002be10318}\0000\IGCLGamingDisableControl","SUCCESS","Type: REG_DWORD, Length: 4, Data: 81924"
"15:21:00.5732613","ZCode.exe","23548","RegCloseKey","HKLM\System\CurrentControlSet\Control\Class\{4d36e968-e325-11ce-bfc1-08002be10318}\0000","SUCCESS",""
"15:21:00.5733735","ZCode.exe","23548","RegOpenKey","HKLM\System\CurrentControlSet\Enum\PCI\VEN_8086&DEV_9A49&SUBSYS_0A201028&REV_01\3&11583659&0&10","SUCCESS","Desired Access: Query Value, Maximum Allowed"
"15:21:00.5733935","ZCode.exe","23548","RegQueryValue","HKLM\System\CurrentControlSet\Enum\PCI\VEN_8086&DEV_9A49&SUBSYS_0A201028&REV_01\3&11583659&0&10\Driver","SUCCESS","Type: REG_SZ, Length: 88, Data: {4d36e968-e325-11ce-bfc1-08002be10318}\0000"
"15:21:00.5734120","ZCode.exe","23548","RegCloseKey","HKLM\System\CurrentControlSet\Enum\PCI\VEN_8086&DEV_9A49&SUBSYS_0A201028&REV_01\3&11583659&0&10","SUCCESS",""
"15:21:00.5734303","ZCode.exe","23548","RegOpenKey","HKLM\System\CurrentControlSet\Control\Class\{4d36e968-e325-11ce-bfc1-08002be10318}\0000","SUCCESS","Desired Access: Read"
"15:21:00.5734473","ZCode.exe","23548","RegQueryKey","HKLM\System\CurrentControlSet\Control\Class\{4d36e968-e325-11ce-bfc1-08002be10318}\0000","SUCCESS","Query: HandleTags, HandleTags: 0x0"
"15:21:00.5734799","ZCode.exe","23548","RegSetInfoKey","HKLM\System\CurrentControlSet\Control\Class\{4d36e968-e325-11ce-bfc1-08002be10318}\0000","SUCCESS","KeySetInformationClass: KeySetHandleTagsInformation, Length: 0"
"15:21:00.5734986","ZCode.exe","23548","RegOpenKey","HKLM\System\CurrentControlSet\Control\Class\{4d36e968-e325-11ce-bfc1-08002be10318}\0000\3DKeys","SUCCESS","Desired Access: All Access"
"15:21:00.5735174","ZCode.exe","23548","RegQueryValue","HKLM\System\CurrentControlSet\Control\Class\{4d36e968-e325-11ce-bfc1-08002be10318}\0000\3DKeys\ZCode.exe_Cmaa","NAME NOT FOUND","Length: 20"
"15:21:00.5735355","ZCode.exe","23548","RegCloseKey","HKLM\System\CurrentControlSet\Control\Class\{4d36e968-e325-11ce-bfc1-08002be10318}\0000","SUCCESS",""
"15:21:00.5735497","ZCode.exe","23548","RegCloseKey","HKLM\System\CurrentControlSet\Control\Class\{4d36e968-e325-11ce-bfc1-08002be10318}\0000\3DKeys","SUCCESS",""
"15:21:00.5736031","ZCode.exe","23548","RegOpenKey","HKLM\System\CurrentControlSet\Enum\PCI\VEN_8086&DEV_9A49&SUBSYS_0A201028&REV_01\3&11583659&0&10","SUCCESS","Desired Access: Query Value, Maximum Allowed"
"15:21:00.5736246","ZCode.exe","23548","RegQueryValue","HKLM\System\CurrentControlSet\Enum\PCI\VEN_8086&DEV_9A49&SUBSYS_0A201028&REV_01\3&11583659&0&10\Driver","SUCCESS","Type: REG_SZ, Length: 88, Data: {4d36e968-e325-11ce-bfc1-08002be10318}\0000"
"15:21:00.5736440","ZCode.exe","23548","RegCloseKey","HKLM\System\CurrentControlSet\Enum\PCI\VEN_8086&DEV_9A49&SUBSYS_0A201028&REV_01\3&11583659&0&10","SUCCESS",""
"15:21:00.5736622","ZCode.exe","23548","RegOpenKey","HKLM\System\CurrentControlSet\Control\Class\{4d36e968-e325-11ce-bfc1-08002be10318}\0000","SUCCESS","Desired Access: Read"
"15:21:00.5736803","ZCode.exe","23548","RegQueryKey","HKLM\System\CurrentControlSet\Control\Class\{4d36e968-e325-11ce-bfc1-08002be10318}\0000","SUCCESS","Query: HandleTags, HandleTags: 0x0"
"15:21:00.5736943","ZCode.exe","23548","RegSetInfoKey","HKLM\System\CurrentControlSet\Control\Class\{4d36e968-e325-11ce-bfc1-08002be10318}\0000","SUCCESS","KeySetInformationClass: KeySetHandleTagsInformation, Length: 0"
"15:21:00.5737118","ZCode.exe","23548","RegOpenKey","HKLM\System\CurrentControlSet\Control\Class\{4d36e968-e325-11ce-bfc1-08002be10318}\0000\3DKeys","SUCCESS","Desired Access: All Access"
"15:21:00.5737225","ZCode.exe","23548","RegQueryValue","HKLM\System\CurrentControlSet\Control\Class\{4d36e968-e325-11ce-bfc1-08002be10318}\0000\3DKeys\Global_Cmaa","NAME NOT FOUND","Length: 20"
"15:21:00.5737332","ZCode.exe","23548","RegCloseKey","HKLM\System\CurrentControlSet\Control\Class\{4d36e968-e325-11ce-bfc1-08002be10318}\0000","SUCCESS",""
"15:21:00.5737570","ZCode.exe","23548","RegCloseKey","HKLM\System\CurrentControlSet\Control\Class\{4d36e968-e325-11ce-bfc1-08002be10318}\0000\3DKeys","SUCCESS",""
"15:21:00.5738008","ZCode.exe","23548","RegOpenKey","HKLM\System\CurrentControlSet\Enum\PCI\VEN_8086&DEV_9A49&SUBSYS_0A201028&REV_01\3&11583659&0&10","SUCCESS","Desired Access: Query Value, Maximum Allowed"
"15:21:00.5738144","ZCode.exe","23548","RegQueryValue","HKLM\System\CurrentControlSet\Enum\PCI\VEN_8086&DEV_9A49&SUBSYS_0A201028&REV_01\3&11583659&0&10\Driver","SUCCESS","Type: REG_SZ, Length: 88, Data: {4d36e968-e325-11ce-bfc1-08002be10318}\0000"
"15:21:00.5738271","ZCode.exe","23548","RegCloseKey","HKLM\System\CurrentControlSet\Enum\PCI\VEN_8086&DEV_9A49&SUBSYS_0A201028&REV_01\3&11583659&0&10","SUCCESS",""
"15:21:00.5738378","ZCode.exe","23548","RegOpenKey","HKLM\System\CurrentControlSet\Control\Class\{4d36e968-e325-11ce-bfc1-08002be10318}\0000","SUCCESS","Desired Access: Read"
"15:21:00.5738488","ZCode.exe","23548","RegQueryKey","HKLM\System\CurrentControlSet\Control\Class\{4d36e968-e325-11ce-bfc1-08002be10318}\0000","SUCCESS","Query: HandleTags, HandleTags: 0x0"
"15:21:00.5738576","ZCode.exe","23548","RegSetInfoKey","HKLM\System\CurrentControlSet\Control\Class\{4d36e968-e325-11ce-bfc1-08002be10318}\0000","SUCCESS","KeySetInformationClass: KeySetHandleTagsInformation, Length: 0"
"15:21:00.5738667","ZCode.exe","23548","RegOpenKey","HKLM\System\CurrentControlSet\Control\Class\{4d36e968-e325-11ce-bfc1-08002be10318}\0000\3DKeys","SUCCESS","Desired Access: All Access"
"15:21:00.5738770","ZCode.exe","23548","RegQueryValue","HKLM\System\CurrentControlSet\Control\Class\{4d36e968-e325-11ce-bfc1-08002be10318}\0000\3DKeys\ZCode.exe_AsyncFlipMode","NAME NOT FOUND","Length: 20"
"15:21:00.5739098","ZCode.exe","23548","RegCloseKey","HKLM\System\CurrentControlSet\Control\Class\{4d36e968-e325-11ce-bfc1-08002be10318}\0000","SUCCESS",""
"15:21:00.5739228","ZCode.exe","23548","RegCloseKey","HKLM\System\CurrentControlSet\Control\Class\{4d36e968-e325-11ce-bfc1-08002be10318}\0000\3DKeys","SUCCESS",""
"15:21:00.5739757","ZCode.exe","23548","RegOpenKey","HKLM\System\CurrentControlSet\Enum\PCI\VEN_8086&DEV_9A49&SUBSYS_0A201028&REV_01\3&11583659&0&10","SUCCESS","Desired Access: Query Value, Maximum Allowed"
"15:21:00.5739977","ZCode.exe","23548","RegQueryValue","HKLM\System\CurrentControlSet\Enum\PCI\VEN_8086&DEV_9A49&SUBSYS_0A201028&REV_01\3&11583659&0&10\Driver","SUCCESS","Type: REG_SZ, Length: 88, Data: {4d36e968-e325-11ce-bfc1-08002be10318}\0000"
"15:21:00.5740165","ZCode.exe","23548","RegCloseKey","HKLM\System\CurrentControlSet\Enum\PCI\VEN_8086&DEV_9A49&SUBSYS_0A201028&REV_01\3&11583659&0&10","SUCCESS",""
"15:21:00.5740296","ZCode.exe","23548","RegOpenKey","HKLM\System\CurrentControlSet\Control\Class\{4d36e968-e325-11ce-bfc1-08002be10318}\0000","SUCCESS","Desired Access: Read"
"15:21:00.5740422","ZCode.exe","23548","RegQueryKey","HKLM\System\CurrentControlSet\Control\Class\{4d36e968-e325-11ce-bfc1-08002be10318}\0000","SUCCESS","Query: HandleTags, HandleTags: 0x0"
"15:21:00.5740507","ZCode.exe","23548","RegSetInfoKey","HKLM\System\CurrentControlSet\Control\Class\{4d36e968-e325-11ce-bfc1-08002be10318}\0000","SUCCESS","KeySetInformationClass: KeySetHandleTagsInformation, Length: 0"
"15:21:00.5740603","ZCode.exe","23548","RegOpenKey","HKLM\System\CurrentControlSet\Control\Class\{4d36e968-e325-11ce-bfc1-08002be10318}\0000\3DKeys","SUCCESS","Desired Access: All Access"
"15:21:00.5740705","ZCode.exe","23548","RegQueryValue","HKLM\System\CurrentControlSet\Control\Class\{4d36e968-e325-11ce-bfc1-08002be10318}\0000\3DKeys\Global_AsyncFlipMode","NAME NOT FOUND","Length: 20"
"15:21:00.5740801","ZCode.exe","23548","RegCloseKey","HKLM\System\CurrentControlSet\Control\Class\{4d36e968-e325-11ce-bfc1-08002be10318}\0000","SUCCESS",""
"15:21:00.5740902","ZCode.exe","23548","RegCloseKey","HKLM\System\CurrentControlSet\Control\Class\{4d36e968-e325-11ce-bfc1-08002be10318}\0000\3DKeys","SUCCESS",""
"15:21:00.5741329","ZCode.exe","23548","RegOpenKey","HKLM\System\CurrentControlSet\Enum\PCI\VEN_8086&DEV_9A49&SUBSYS_0A201028&REV_01\3&11583659&0&10","SUCCESS","Desired Access: Query Value, Maximum Allowed"
"15:21:00.5741456","ZCode.exe","23548","RegQueryValue","HKLM\System\CurrentControlSet\Enum\PCI\VEN_8086&DEV_9A49&SUBSYS_0A201028&REV_01\3&11583659&0&10\Driver","SUCCESS","Type: REG_SZ, Length: 88, Data: {4d36e968-e325-11ce-bfc1-08002be10318}\0000"
"15:21:00.5741574","ZCode.exe","23548","RegCloseKey","HKLM\System\CurrentControlSet\Enum\PCI\VEN_8086&DEV_9A49&SUBSYS_0A201028&REV_01\3&11583659&0&10","SUCCESS",""
"15:21:00.5741770","ZCode.exe","23548","RegOpenKey","HKLM\System\CurrentControlSet\Control\Class\{4d36e968-e325-11ce-bfc1-08002be10318}\0000","SUCCESS","Desired Access: Read"
"15:21:00.5741867","ZCode.exe","23548","RegQueryKey","HKLM\System\CurrentControlSet\Control\Class\{4d36e968-e325-11ce-bfc1-08002be10318}\0000","SUCCESS","Query: HandleTags, HandleTags: 0x0"
"15:21:00.5741956","ZCode.exe","23548","RegSetInfoKey","HKLM\System\CurrentControlSet\Control\Class\{4d36e968-e325-11ce-bfc1-08002be10318}\0000","SUCCESS","KeySetInformationClass: KeySetHandleTagsInformation, Length: 0"
"15:21:00.5742138","ZCode.exe","23548","RegOpenKey","HKLM\System\CurrentControlSet\Control\Class\{4d36e968-e325-11ce-bfc1-08002be10318}\0000\3DKeys","SUCCESS","Desired Access: All Access"
"15:21:00.5742254","ZCode.exe","23548","RegQueryValue","HKLM\System\CurrentControlSet\Control\Class\{4d36e968-e325-11ce-bfc1-08002be10318}\0000\3DKeys\ZCode.exe_AppProfile_Compat","NAME NOT FOUND","Length: 48"
"15:21:00.5742395","ZCode.exe","23548","RegCloseKey","HKLM\System\CurrentControlSet\Control\Class\{4d36e968-e325-11ce-bfc1-08002be10318}\0000","SUCCESS",""
"15:21:00.5742568","ZCode.exe","23548","RegCloseKey","HKLM\System\CurrentControlSet\Control\Class\{4d36e968-e325-11ce-bfc1-08002be10318}\0000\3DKeys","SUCCESS",""
"15:21:00.5742898","ZCode.exe","23548","RegOpenKey","HKLM\System\CurrentControlSet\Enum\PCI\VEN_8086&DEV_9A49&SUBSYS_0A201028&REV_01\3&11583659&0&10","SUCCESS","Desired Access: Query Value, Maximum Allowed"
"15:21:00.5743015","ZCode.exe","23548","RegQueryValue","HKLM\System\CurrentControlSet\Enum\PCI\VEN_8086&DEV_9A49&SUBSYS_0A201028&REV_01\3&11583659&0&10\Driver","SUCCESS","Type: REG_SZ, Length: 88, Data: {4d36e968-e325-11ce-bfc1-08002be10318}\0000"
"15:21:00.5743241","ZCode.exe","23548","RegCloseKey","HKLM\System\CurrentControlSet\Enum\PCI\VEN_8086&DEV_9A49&SUBSYS_0A201028&REV_01\3&11583659&0&10","SUCCESS",""
"15:21:00.5743352","ZCode.exe","23548","RegOpenKey","HKLM\System\CurrentControlSet\Control\Class\{4d36e968-e325-11ce-bfc1-08002be10318}\0000","SUCCESS","Desired Access: Read"
"15:21:00.5743536","ZCode.exe","23548","RegQueryKey","HKLM\System\CurrentControlSet\Control\Class\{4d36e968-e325-11ce-bfc1-08002be10318}\0000","SUCCESS","Query: HandleTags, HandleTags: 0x0"
"15:21:00.5743646","ZCode.exe","23548","RegSetInfoKey","HKLM\System\CurrentControlSet\Control\Class\{4d36e968-e325-11ce-bfc1-08002be10318}\0000","SUCCESS","KeySetInformationClass: KeySetHandleTagsInformation, Length: 0"
"15:21:00.5743747","ZCode.exe","23548","RegOpenKey","HKLM\System\CurrentControlSet\Control\Class\{4d36e968-e325-11ce-bfc1-08002be10318}\0000\3DKeys","SUCCESS","Desired Access: All Access"
"15:21:00.5743846","ZCode.exe","23548","RegQueryValue","HKLM\System\CurrentControlSet\Control\Class\{4d36e968-e325-11ce-bfc1-08002be10318}\0000\3DKeys\ZCode.exe_AppProfile_Perf","NAME NOT FOUND","Length: 48"
"15:21:00.5743973","ZCode.exe","23548","RegCloseKey","HKLM\System\CurrentControlSet\Control\Class\{4d36e968-e325-11ce-bfc1-08002be10318}\0000","SUCCESS",""
"15:21:00.5744063","ZCode.exe","23548","RegCloseKey","HKLM\System\CurrentControlSet\Control\Class\{4d36e968-e325-11ce-bfc1-08002be10318}\0000\3DKeys","SUCCESS",""
"15:21:00.5744437","ZCode.exe","23548","RegOpenKey","HKLM\System\CurrentControlSet\Enum\PCI\VEN_8086&DEV_9A49&SUBSYS_0A201028&REV_01\3&11583659&0&10","SUCCESS","Desired Access: Query Value, Maximum Allowed"
"15:21:00.5744577","ZCode.exe","23548","RegQueryValue","HKLM\System\CurrentControlSet\Enum\PCI\VEN_8086&DEV_9A49&SUBSYS_0A201028&REV_01\3&11583659&0&10\Driver","SUCCESS","Type: REG_SZ, Length: 88, Data: {4d36e968-e325-11ce-bfc1-08002be10318}\0000"
"15:21:00.5744695","ZCode.exe","23548","RegCloseKey","HKLM\System\CurrentControlSet\Enum\PCI\VEN_8086&DEV_9A49&SUBSYS_0A201028&REV_01\3&11583659&0&10","SUCCESS",""
"15:21:00.5744898","ZCode.exe","23548","RegOpenKey","HKLM\System\CurrentControlSet\Control\Class\{4d36e968-e325-11ce-bfc1-08002be10318}\0000","SUCCESS","Desired Access: Read"
"15:21:00.5745105","ZCode.exe","23548","RegQueryKey","HKLM\System\CurrentControlSet\Control\Class\{4d36e968-e325-11ce-bfc1-08002be10318}\0000","SUCCESS","Query: HandleTags, HandleTags: 0x0"
"15:21:00.5745266","ZCode.exe","23548","RegSetInfoKey","HKLM\System\CurrentControlSet\Control\Class\{4d36e968-e325-11ce-bfc1-08002be10318}\0000","SUCCESS","KeySetInformationClass: KeySetHandleTagsInformation, Length: 0"
"15:21:00.5745428","ZCode.exe","23548","RegOpenKey","HKLM\System\CurrentControlSet\Control\Class\{4d36e968-e325-11ce-bfc1-08002be10318}\0000\3DKeys","SUCCESS","Desired Access: All Access"
"15:21:00.5745547","ZCode.exe","23548","RegQueryValue","HKLM\System\CurrentControlSet\Control\Class\{4d36e968-e325-11ce-bfc1-08002be10318}\0000\3DKeys\ZCode.exe_Emul64bitAtomic","NAME NOT FOUND","Length: 20"
"15:21:00.5745666","ZCode.exe","23548","RegCloseKey","HKLM\System\CurrentControlSet\Control\Class\{4d36e968-e325-11ce-bfc1-08002be10318}\0000","SUCCESS",""
"15:21:00.5745758","ZCode.exe","23548","RegCloseKey","HKLM\System\CurrentControlSet\Control\Class\{4d36e968-e325-11ce-bfc1-08002be10318}\0000\3DKeys","SUCCESS",""
"15:21:00.5746100","ZCode.exe","23548","RegOpenKey","HKLM\System\CurrentControlSet\Enum\PCI\VEN_8086&DEV_9A49&SUBSYS_0A201028&REV_01\3&11583659&0&10","SUCCESS","Desired Access: Query Value, Maximum Allowed"
"15:21:00.5746292","ZCode.exe","23548","RegQueryValue","HKLM\System\CurrentControlSet\Enum\PCI\VEN_8086&DEV_9A49&SUBSYS_0A201028&REV_01\3&11583659&0&10\Driver","SUCCESS","Type: REG_SZ, Length: 88, Data: {4d36e968-e325-11ce-bfc1-08002be10318}\0000"
"15:21:00.5746410","ZCode.exe","23548","RegCloseKey","HKLM\System\CurrentControlSet\Enum\PCI\VEN_8086&DEV_9A49&SUBSYS_0A201028&REV_01\3&11583659&0&10","SUCCESS",""
"15:21:00.5746520","ZCode.exe","23548","RegOpenKey","HKLM\System\CurrentControlSet\Control\Class\{4d36e968-e325-11ce-bfc1-08002be10318}\0000","SUCCESS","Desired Access: Read"
"15:21:00.5746748","ZCode.exe","23548","RegQueryKey","HKLM\System\CurrentControlSet\Control\Class\{4d36e968-e325-11ce-bfc1-08002be10318}\0000","SUCCESS","Query: HandleTags, HandleTags: 0x0"
"15:21:00.5746833","ZCode.exe","23548","RegSetInfoKey","HKLM\System\CurrentControlSet\Control\Class\{4d36e968-e325-11ce-bfc1-08002be10318}\0000","SUCCESS","KeySetInformationClass: KeySetHandleTagsInformation, Length: 0"
"15:21:00.5746927","ZCode.exe","23548","RegOpenKey","HKLM\System\CurrentControlSet\Control\Class\{4d36e968-e325-11ce-bfc1-08002be10318}\0000\3DKeys","SUCCESS","Desired Access: All Access"
"15:21:00.5747025","ZCode.exe","23548","RegQueryValue","HKLM\System\CurrentControlSet\Control\Class\{4d36e968-e325-11ce-bfc1-08002be10318}\0000\3DKeys\Global_Emul64bitAtomic","NAME NOT FOUND","Length: 20"
"15:21:00.5747116","ZCode.exe","23548","RegCloseKey","HKLM\System\CurrentControlSet\Control\Class\{4d36e968-e325-11ce-bfc1-08002be10318}\0000","SUCCESS",""
"15:21:00.5747205","ZCode.exe","23548","RegCloseKey","HKLM\System\CurrentControlSet\Control\Class\{4d36e968-e325-11ce-bfc1-08002be10318}\0000\3DKeys","SUCCESS",""
"15:21:00.5747497","ZCode.exe","23548","RegOpenKey","HKLM\System\CurrentControlSet\Enum\PCI\VEN_8086&DEV_9A49&SUBSYS_0A201028&REV_01\3&11583659&0&10","SUCCESS","Desired Access: Query Value, Maximum Allowed"
"15:21:00.5747601","ZCode.exe","23548","RegQueryValue","HKLM\System\CurrentControlSet\Enum\PCI\VEN_8086&DEV_9A49&SUBSYS_0A201028&REV_01\3&11583659&0&10\Driver","SUCCESS","Type: REG_SZ, Length: 88, Data: {4d36e968-e325-11ce-bfc1-08002be10318}\0000"
"15:21:00.5747796","ZCode.exe","23548","RegCloseKey","HKLM\System\CurrentControlSet\Enum\PCI\VEN_8086&DEV_9A49&SUBSYS_0A201028&REV_01\3&11583659&0&10","SUCCESS",""
"15:21:00.5747899","ZCode.exe","23548","RegOpenKey","HKLM\System\CurrentControlSet\Control\Class\{4d36e968-e325-11ce-bfc1-08002be10318}\0000","SUCCESS","Desired Access: Read"
"15:21:00.5748077","ZCode.exe","23548","RegQueryKey","HKLM\System\CurrentControlSet\Control\Class\{4d36e968-e325-11ce-bfc1-08002be10318}\0000","SUCCESS","Query: HandleTags, HandleTags: 0x0"
"15:21:00.5748157","ZCode.exe","23548","RegSetInfoKey","HKLM\System\CurrentControlSet\Control\Class\{4d36e968-e325-11ce-bfc1-08002be10318}\0000","SUCCESS","KeySetInformationClass: KeySetHandleTagsInformation, Length: 0"
"15:21:00.5748246","ZCode.exe","23548","RegOpenKey","HKLM\System\CurrentControlSet\Control\Class\{4d36e968-e325-11ce-bfc1-08002be10318}\0000\3DKeys","SUCCESS","Desired Access: All Access"
"15:21:00.5748334","ZCode.exe","23548","RegQueryValue","HKLM\System\CurrentControlSet\Control\Class\{4d36e968-e325-11ce-bfc1-08002be10318}\0000\3DKeys\ZCode.exe_GlobalOrPerApp","NAME NOT FOUND","Length: 20"
"15:21:00.5748427","ZCode.exe","23548","RegCloseKey","HKLM\System\CurrentControlSet\Control\Class\{4d36e968-e325-11ce-bfc1-08002be10318}\0000","SUCCESS",""
"15:21:00.5748508","ZCode.exe","23548","RegCloseKey","HKLM\System\CurrentControlSet\Control\Class\{4d36e968-e325-11ce-bfc1-08002be10318}\0000\3DKeys","SUCCESS",""
"15:21:00.5748734","ZCode.exe","23548","RegOpenKey","HKLM\System\CurrentControlSet\Enum\PCI\VEN_8086&DEV_9A49&SUBSYS_0A201028&REV_01\3&11583659&0&10","SUCCESS","Desired Access: Query Value, Maximum Allowed"
"15:21:00.5748837","ZCode.exe","23548","RegQueryValue","HKLM\System\CurrentControlSet\Enum\PCI\VEN_8086&DEV_9A49&SUBSYS_0A201028&REV_01\3&11583659&0&10\Driver","SUCCESS","Type: REG_SZ, Length: 88, Data: {4d36e968-e325-11ce-bfc1-08002be10318}\0000"
"15:21:00.5749026","ZCode.exe","23548","RegCloseKey","HKLM\System\CurrentControlSet\Enum\PCI\VEN_8086&DEV_9A49&SUBSYS_0A201028&REV_01\3&11583659&0&10","SUCCESS",""
"15:21:00.5749121","ZCode.exe","23548","RegOpenKey","HKLM\System\CurrentControlSet\Control\Class\{4d36e968-e325-11ce-bfc1-08002be10318}\0000","SUCCESS","Desired Access: Read"
"15:21:00.5749212","ZCode.exe","23548","RegQueryKey","HKLM\System\CurrentControlSet\Control\Class\{4d36e968-e325-11ce-bfc1-08002be10318}\0000","SUCCESS","Query: HandleTags, HandleTags: 0x0"
"15:21:00.5749288","ZCode.exe","23548","RegSetInfoKey","HKLM\System\CurrentControlSet\Control\Class\{4d36e968-e325-11ce-bfc1-08002be10318}\0000","SUCCESS","KeySetInformationClass: KeySetHandleTagsInformation, Length: 0"
"15:21:00.5749374","ZCode.exe","23548","RegOpenKey","HKLM\System\CurrentControlSet\Control\Class\{4d36e968-e325-11ce-bfc1-08002be10318}\0000\3DKeys","SUCCESS","Desired Access: All Access"
"15:21:00.5749458","ZCode.exe","23548","RegQueryValue","HKLM\System\CurrentControlSet\Control\Class\{4d36e968-e325-11ce-bfc1-08002be10318}\0000\3DKeys\Global_GlobalOrPerApp","NAME NOT FOUND","Length: 20"
"15:21:00.5749550","ZCode.exe","23548","RegCloseKey","HKLM\System\CurrentControlSet\Control\Class\{4d36e968-e325-11ce-bfc1-08002be10318}\0000","SUCCESS",""
"15:21:00.5749709","ZCode.exe","23548","RegCloseKey","HKLM\System\CurrentControlSet\Control\Class\{4d36e968-e325-11ce-bfc1-08002be10318}\0000\3DKeys","SUCCESS",""
"15:21:00.5750007","ZCode.exe","23548","RegOpenKey","HKLM\System\CurrentControlSet\Enum\PCI\VEN_8086&DEV_9A49&SUBSYS_0A201028&REV_01\3&11583659&0&10","SUCCESS","Desired Access: Query Value, Maximum Allowed"
"15:21:00.5750149","ZCode.exe","23548","RegQueryValue","HKLM\System\CurrentControlSet\Enum\PCI\VEN_8086&DEV_9A49&SUBSYS_0A201028&REV_01\3&11583659&0&10\Driver","SUCCESS","Type: REG_SZ, Length: 88, Data: {4d36e968-e325-11ce-bfc1-08002be10318}\0000"
"15:21:00.5750337","ZCode.exe","23548","RegCloseKey","HKLM\System\CurrentControlSet\Enum\PCI\VEN_8086&DEV_9A49&SUBSYS_0A201028&REV_01\3&11583659&0&10","SUCCESS",""
"15:21:00.5750557","ZCode.exe","23548","RegOpenKey","HKLM\System\CurrentControlSet\Control\Class\{4d36e968-e325-11ce-bfc1-08002be10318}\0000","SUCCESS","Desired Access: Read"
"15:21:00.5750657","ZCode.exe","23548","RegQueryKey","HKLM\System\CurrentControlSet\Control\Class\{4d36e968-e325-11ce-bfc1-08002be10318}\0000","SUCCESS","Query: HandleTags, HandleTags: 0x0"
"15:21:00.5750735","ZCode.exe","23548","RegSetInfoKey","HKLM\System\CurrentControlSet\Control\Class\{4d36e968-e325-11ce-bfc1-08002be10318}\0000","SUCCESS","KeySetInformationClass: KeySetHandleTagsInformation, Length: 0"
"15:21:00.5750915","ZCode.exe","23548","RegOpenKey","HKLM\System\CurrentControlSet\Control\Class\{4d36e968-e325-11ce-bfc1-08002be10318}\0000\3DKeys","SUCCESS","Desired Access: All Access"
"15:21:00.5751014","ZCode.exe","23548","RegQueryValue","HKLM\System\CurrentControlSet\Control\Class\{4d36e968-e325-11ce-bfc1-08002be10318}\0000\3DKeys\ZCode.exe_FrameGeneration","NAME NOT FOUND","Length: 20"
"15:21:00.5751108","ZCode.exe","23548","RegCloseKey","HKLM\System\CurrentControlSet\Control\Class\{4d36e968-e325-11ce-bfc1-08002be10318}\0000","SUCCESS",""
"15:21:00.5751223","ZCode.exe","23548","RegCloseKey","HKLM\System\CurrentControlSet\Control\Class\{4d36e968-e325-11ce-bfc1-08002be10318}\0000\3DKeys","SUCCESS",""
"15:21:00.5751465","ZCode.exe","23548","RegOpenKey","HKLM\System\CurrentControlSet\Enum\PCI\VEN_8086&DEV_9A49&SUBSYS_0A201028&REV_01\3&11583659&0&10","SUCCESS","Desired Access: Query Value, Maximum Allowed"
"15:21:00.5751569","ZCode.exe","23548","RegQueryValue","HKLM\System\CurrentControlSet\Enum\PCI\VEN_8086&DEV_9A49&SUBSYS_0A201028&REV_01\3&11583659&0&10\Driver","SUCCESS","Type: REG_SZ, Length: 88, Data: {4d36e968-e325-11ce-bfc1-08002be10318}\0000"
"15:21:00.5751758","ZCode.exe","23548","RegCloseKey","HKLM\System\CurrentControlSet\Enum\PCI\VEN_8086&DEV_9A49&SUBSYS_0A201028&REV_01\3&11583659&0&10","SUCCESS",""
"15:21:00.5751859","ZCode.exe","23548","RegOpenKey","HKLM\System\CurrentControlSet\Control\Class\{4d36e968-e325-11ce-bfc1-08002be10318}\0000","SUCCESS","Desired Access: Read"
"15:21:00.5751959","ZCode.exe","23548","RegQueryKey","HKLM\System\CurrentControlSet\Control\Class\{4d36e968-e325-11ce-bfc1-08002be10318}\0000","SUCCESS","Query: HandleTags, HandleTags: 0x0"
"15:21:00.5752066","ZCode.exe","23548","RegSetInfoKey","HKLM\System\CurrentControlSet\Control\Class\{4d36e968-e325-11ce-bfc1-08002be10318}\0000","SUCCESS","KeySetInformationClass: KeySetHandleTagsInformation, Length: 0"
"15:21:00.5752201","ZCode.exe","23548","RegOpenKey","HKLM\System\CurrentControlSet\Control\Class\{4d36e968-e325-11ce-bfc1-08002be10318}\0000\3DKeys","SUCCESS","Desired Access: All Access"
"15:21:00.5752345","ZCode.exe","23548","RegQueryValue","HKLM\System\CurrentControlSet\Control\Class\{4d36e968-e325-11ce-bfc1-08002be10318}\0000\3DKeys\Global_FrameGeneration","NAME NOT FOUND","Length: 20"
"15:21:00.5752507","ZCode.exe","23548","RegCloseKey","HKLM\System\CurrentControlSet\Control\Class\{4d36e968-e325-11ce-bfc1-08002be10318}\0000","SUCCESS",""
"15:21:00.5752691","ZCode.exe","23548","RegCloseKey","HKLM\System\CurrentControlSet\Control\Class\{4d36e968-e325-11ce-bfc1-08002be10318}\0000\3DKeys","SUCCESS",""
"15:21:00.5753378","ZCode.exe","23548","RegOpenKey","HKLM\System\CurrentControlSet\Enum\PCI\VEN_8086&DEV_9A49&SUBSYS_0A201028&REV_01\3&11583659&0&10","SUCCESS","Desired Access: Query Value, Maximum Allowed"
"15:21:00.5753552","ZCode.exe","23548","RegQueryValue","HKLM\System\CurrentControlSet\Enum\PCI\VEN_8086&DEV_9A49&SUBSYS_0A201028&REV_01\3&11583659&0&10\Driver","SUCCESS","Type: REG_SZ, Length: 88, Data: {4d36e968-e325-11ce-bfc1-08002be10318}\0000"
"15:21:00.5753724","ZCode.exe","23548","RegCloseKey","HKLM\System\CurrentControlSet\Enum\PCI\VEN_8086&DEV_9A49&SUBSYS_0A201028&REV_01\3&11583659&0&10","SUCCESS",""
"15:21:00.5753883","ZCode.exe","23548","RegOpenKey","HKLM\System\CurrentControlSet\Control\Class\{4d36e968-e325-11ce-bfc1-08002be10318}\0000","SUCCESS","Desired Access: Read"
"15:21:00.5754039","ZCode.exe","23548","RegQueryKey","HKLM\System\CurrentControlSet\Control\Class\{4d36e968-e325-11ce-bfc1-08002be10318}\0000","SUCCESS","Query: HandleTags, HandleTags: 0x0"
"15:21:00.5754175","ZCode.exe","23548","RegSetInfoKey","HKLM\System\CurrentControlSet\Control\Class\{4d36e968-e325-11ce-bfc1-08002be10318}\0000","SUCCESS","KeySetInformationClass: KeySetHandleTagsInformation, Length: 0"
"15:21:00.5754323","ZCode.exe","23548","RegOpenKey","HKLM\System\CurrentControlSet\Control\Class\{4d36e968-e325-11ce-bfc1-08002be10318}\0000\3DKeys","SUCCESS","Desired Access: All Access"
"15:21:00.5754466","ZCode.exe","23548","RegQueryValue","HKLM\System\CurrentControlSet\Control\Class\{4d36e968-e325-11ce-bfc1-08002be10318}\0000\3DKeys\ZCode.exe_GlobalOrPerApp","NAME NOT FOUND","Length: 20"
"15:21:00.5754610","ZCode.exe","23548","RegCloseKey","HKLM\System\CurrentControlSet\Control\Class\{4d36e968-e325-11ce-bfc1-08002be10318}\0000","SUCCESS",""
"15:21:00.5754746","ZCode.exe","23548","RegCloseKey","HKLM\System\CurrentControlSet\Control\Class\{4d36e968-e325-11ce-bfc1-08002be10318}\0000\3DKeys","SUCCESS",""
"15:21:00.5755063","ZCode.exe","23548","RegOpenKey","HKLM\System\CurrentControlSet\Enum\PCI\VEN_8086&DEV_9A49&SUBSYS_0A201028&REV_01\3&11583659&0&10","SUCCESS","Desired Access: Query Value, Maximum Allowed"
"15:21:00.5755231","ZCode.exe","23548","RegQueryValue","HKLM\System\CurrentControlSet\Enum\PCI\VEN_8086&DEV_9A49&SUBSYS_0A201028&REV_01\3&11583659&0&10\Driver","SUCCESS","Type: REG_SZ, Length: 88, Data: {4d36e968-e325-11ce-bfc1-08002be10318}\0000"
"15:21:00.5755431","ZCode.exe","23548","RegCloseKey","HKLM\System\CurrentControlSet\Enum\PCI\VEN_8086&DEV_9A49&SUBSYS_0A201028&REV_01\3&11583659&0&10","SUCCESS",""
"15:21:00.5755611","ZCode.exe","23548","RegOpenKey","HKLM\System\CurrentControlSet\Control\Class\{4d36e968-e325-11ce-bfc1-08002be10318}\0000","SUCCESS","Desired Access: Read"
"15:21:00.5755794","ZCode.exe","23548","RegQueryKey","HKLM\System\CurrentControlSet\Control\Class\{4d36e968-e325-11ce-bfc1-08002be10318}\0000","SUCCESS","Query: HandleTags, HandleTags: 0x0"
"15:21:00.5756128","ZCode.exe","23548","RegSetInfoKey","HKLM\System\CurrentControlSet\Control\Class\{4d36e968-e325-11ce-bfc1-08002be10318}\0000","SUCCESS","KeySetInformationClass: KeySetHandleTagsInformation, Length: 0"
"15:21:00.5756709","ZCode.exe","23548","RegOpenKey","HKLM\System\CurrentControlSet\Control\Class\{4d36e968-e325-11ce-bfc1-08002be10318}\0000\3DKeys","SUCCESS","Desired Access: All Access"
"15:21:00.5756978","ZCode.exe","23548","RegQueryValue","HKLM\System\CurrentControlSet\Control\Class\{4d36e968-e325-11ce-bfc1-08002be10318}\0000\3DKeys\ZCode.exe_GlobalOrPerApp","NAME NOT FOUND","Length: 20"
"15:21:00.5757167","ZCode.exe","23548","RegCloseKey","HKLM\System\CurrentControlSet\Control\Class\{4d36e968-e325-11ce-bfc1-08002be10318}\0000","SUCCESS",""
"15:21:00.5757292","ZCode.exe","23548","RegCloseKey","HKLM\System\CurrentControlSet\Control\Class\{4d36e968-e325-11ce-bfc1-08002be10318}\0000\3DKeys","SUCCESS",""
"15:21:00.5757812","ZCode.exe","23548","RegOpenKey","HKLM\System\CurrentControlSet\Enum\PCI\VEN_8086&DEV_9A49&SUBSYS_0A201028&REV_01\3&11583659&0&10","SUCCESS","Desired Access: Query Value, Maximum Allowed"
"15:21:00.5758008","ZCode.exe","23548","RegQueryValue","HKLM\System\CurrentControlSet\Enum\PCI\VEN_8086&DEV_9A49&SUBSYS_0A201028&REV_01\3&11583659&0&10\Driver","SUCCESS","Type: REG_SZ, Length: 88, Data: {4d36e968-e325-11ce-bfc1-08002be10318}\0000"
"15:21:00.5758207","ZCode.exe","23548","RegCloseKey","HKLM\System\CurrentControlSet\Enum\PCI\VEN_8086&DEV_9A49&SUBSYS_0A201028&REV_01\3&11583659&0&10","SUCCESS",""
"15:21:00.5758394","ZCode.exe","23548","RegOpenKey","HKLM\System\CurrentControlSet\Control\Class\{4d36e968-e325-11ce-bfc1-08002be10318}\0000","SUCCESS","Desired Access: Read"
"15:21:00.5758660","ZCode.exe","23548","RegQueryKey","HKLM\System\CurrentControlSet\Control\Class\{4d36e968-e325-11ce-bfc1-08002be10318}\0000","SUCCESS","Query: HandleTags, HandleTags: 0x0"
"15:21:00.5758831","ZCode.exe","23548","RegSetInfoKey","HKLM\System\CurrentControlSet\Control\Class\{4d36e968-e325-11ce-bfc1-08002be10318}\0000","SUCCESS","KeySetInformationClass: KeySetHandleTagsInformation, Length: 0"
"15:21:00.5758986","ZCode.exe","23548","RegOpenKey","HKLM\System\CurrentControlSet\Control\Class\{4d36e968-e325-11ce-bfc1-08002be10318}\0000\3DKeys","SUCCESS","Desired Access: All Access"
"15:21:00.5759142","ZCode.exe","23548","RegQueryValue","HKLM\System\CurrentControlSet\Control\Class\{4d36e968-e325-11ce-bfc1-08002be10318}\0000\3DKeys\ZCode.exe_AsyncFlipMode","NAME NOT FOUND","Length: 20"
"15:21:00.5759307","ZCode.exe","23548","RegCloseKey","HKLM\System\CurrentControlSet\Control\Class\{4d36e968-e325-11ce-bfc1-08002be10318}\0000","SUCCESS",""
"15:21:00.5759486","ZCode.exe","23548","RegCloseKey","HKLM\System\CurrentControlSet\Control\Class\{4d36e968-e325-11ce-bfc1-08002be10318}\0000\3DKeys","SUCCESS",""
"15:21:00.5759899","ZCode.exe","23548","RegOpenKey","HKLM\System\CurrentControlSet\Enum\PCI\VEN_8086&DEV_9A49&SUBSYS_0A201028&REV_01\3&11583659&0&10","SUCCESS","Desired Access: Query Value, Maximum Allowed"
"15:21:00.5760084","ZCode.exe","23548","RegQueryValue","HKLM\System\CurrentControlSet\Enum\PCI\VEN_8086&DEV_9A49&SUBSYS_0A201028&REV_01\3&11583659&0&10\Driver","SUCCESS","Type: REG_SZ, Length: 88, Data: {4d36e968-e325-11ce-bfc1-08002be10318}\0000"
"15:21:00.5760307","ZCode.exe","23548","RegCloseKey","HKLM\System\CurrentControlSet\Enum\PCI\VEN_8086&DEV_9A49&SUBSYS_0A201028&REV_01\3&11583659&0&10","SUCCESS",""
"15:21:00.5760608","ZCode.exe","23548","RegOpenKey","HKLM\System\CurrentControlSet\Control\Class\{4d36e968-e325-11ce-bfc1-08002be10318}\0000","SUCCESS","Desired Access: Read"
"15:21:00.5760881","ZCode.exe","23548","RegQueryKey","HKLM\System\CurrentControlSet\Control\Class\{4d36e968-e325-11ce-bfc1-08002be10318}\0000","SUCCESS","Query: HandleTags, HandleTags: 0x0"
"15:21:00.5761048","ZCode.exe","23548","RegSetInfoKey","HKLM\System\CurrentControlSet\Control\Class\{4d36e968-e325-11ce-bfc1-08002be10318}\0000","SUCCESS","KeySetInformationClass: KeySetHandleTagsInformation, Length: 0"
"15:21:00.5761191","ZCode.exe","23548","RegOpenKey","HKLM\System\CurrentControlSet\Control\Class\{4d36e968-e325-11ce-bfc1-08002be10318}\0000\3DKeys","SUCCESS","Desired Access: All Access"
"15:21:00.5761341","ZCode.exe","23548","RegQueryValue","HKLM\System\CurrentControlSet\Control\Class\{4d36e968-e325-11ce-bfc1-08002be10318}\0000\3DKeys\Global_AsyncFlipMode","NAME NOT FOUND","Length: 20"
"15:21:00.5761605","ZCode.exe","23548","RegCloseKey","HKLM\System\CurrentControlSet\Control\Class\{4d36e968-e325-11ce-bfc1-08002be10318}\0000","SUCCESS",""
"15:21:00.5761794","ZCode.exe","23548","RegCloseKey","HKLM\System\CurrentControlSet\Control\Class\{4d36e968-e325-11ce-bfc1-08002be10318}\0000\3DKeys","SUCCESS",""
"15:21:00.5764618","ZCode.exe","23548","CreateFile","C:\Windows\System32\DriverStore\FileRepository\iigd_dch.inf_amd64_890d8eaa182f97be\igdgmm2_64.dll","SUCCESS","Desired Access: Read Attributes, Disposition: Open, Options: Open Reparse Point, Attributes: n/a, ShareMode: Read, Write, Delete, AllocationSize: n/a, OpenResult: Opened"
"15:21:00.5765042","ZCode.exe","23548","QueryBasicInformationFile","C:\Windows\System32\DriverStore\FileRepository\iigd_dch.inf_amd64_890d8eaa182f97be\igdgmm2_64.dll","SUCCESS","CreationTime: 28-04-2026 17:23:45, LastAccessTime: 26-06-2026 15:19:41, LastWriteTime: 11-02-2026 19:31:28, ChangeTime: 29-05-2026 08:59:05, FileAttributes: A"
"15:21:00.5765209","ZCode.exe","23548","CloseFile","C:\Windows\System32\DriverStore\FileRepository\iigd_dch.inf_amd64_890d8eaa182f97be\igdgmm2_64.dll","SUCCESS",""
"15:21:00.5766162","ZCode.exe","23548","CreateFile","C:\Windows\System32\DriverStore\FileRepository\iigd_dch.inf_amd64_890d8eaa182f97be\igdgmm2_64.dll","SUCCESS","Desired Access: Read Data/List Directory, Execute/Traverse, Synchronize, Disposition: Open, Options: Synchronous IO Non-Alert, Non-Directory File, Attributes: n/a, ShareMode: Read, Delete, AllocationSize: n/a, OpenResult: Opened"
"15:21:00.5766423","ZCode.exe","23548","CreateFileMapping","C:\Windows\System32\DriverStore\FileRepository\iigd_dch.inf_amd64_890d8eaa182f97be\igdgmm2_64.dll","FILE LOCKED WITH ONLY READERS","SyncType: SyncTypeCreateSection, PageProtection: PAGE_EXECUTE"
"15:21:00.5766741","ZCode.exe","23548","CreateFileMapping","C:\Windows\System32\DriverStore\FileRepository\iigd_dch.inf_amd64_890d8eaa182f97be\igdgmm2_64.dll","SUCCESS","SyncType: SyncTypeOther"
"15:21:00.5768014","ZCode.exe","23548","Load Image","C:\Windows\System32\DriverStore\FileRepository\iigd_dch.inf_amd64_890d8eaa182f97be\igdgmm2_64.dll","SUCCESS","Image Base: 0x7ffafd770000, Image Size: 0x53000"
"15:21:00.5769143","ZCode.exe","23548","CloseFile","C:\Windows\System32\DriverStore\FileRepository\iigd_dch.inf_amd64_890d8eaa182f97be\igdgmm2_64.dll","SUCCESS",""
"15:21:00.5773847","ZCode.exe","23548","CreateFile","C:\Windows\System32\DriverStore\FileRepository\iigd_dch.inf_amd64_890d8eaa182f97be\igdgmm64.dll","SUCCESS","Desired Access: Read Attributes, Disposition: Open, Options: Open Reparse Point, Attributes: n/a, ShareMode: Read, Write, Delete, AllocationSize: n/a, OpenResult: Opened"
"15:21:00.5774233","ZCode.exe","23548","QueryBasicInformationFile","C:\Windows\System32\DriverStore\FileRepository\iigd_dch.inf_amd64_890d8eaa182f97be\igdgmm64.dll","SUCCESS","CreationTime: 28-04-2026 17:23:45, LastAccessTime: 26-06-2026 15:19:41, LastWriteTime: 11-02-2026 19:31:30, ChangeTime: 29-05-2026 08:59:06, FileAttributes: A"
"15:21:00.5774413","ZCode.exe","23548","CloseFile","C:\Windows\System32\DriverStore\FileRepository\iigd_dch.inf_amd64_890d8eaa182f97be\igdgmm64.dll","SUCCESS",""
"15:21:00.5775286","ZCode.exe","23548","CreateFile","C:\Windows\System32\DriverStore\FileRepository\iigd_dch.inf_amd64_890d8eaa182f97be\igdgmm64.dll","SUCCESS","Desired Access: Read Data/List Directory, Execute/Traverse, Synchronize, Disposition: Open, Options: Synchronous IO Non-Alert, Non-Directory File, Attributes: n/a, ShareMode: Read, Delete, AllocationSize: n/a, OpenResult: Opened"
"15:21:00.5775586","ZCode.exe","23548","CreateFileMapping","C:\Windows\System32\DriverStore\FileRepository\iigd_dch.inf_amd64_890d8eaa182f97be\igdgmm64.dll","FILE LOCKED WITH ONLY READERS","SyncType: SyncTypeCreateSection, PageProtection: PAGE_EXECUTE"
"15:21:00.5776233","ZCode.exe","23548","CreateFileMapping","C:\Windows\System32\DriverStore\FileRepository\iigd_dch.inf_amd64_890d8eaa182f97be\igdgmm64.dll","SUCCESS","SyncType: SyncTypeOther"
"15:21:00.5777206","ZCode.exe","23548","Load Image","C:\Windows\System32\DriverStore\FileRepository\iigd_dch.inf_amd64_890d8eaa182f97be\igdgmm64.dll","SUCCESS","Image Base: 0x7ffafd000000, Image Size: 0x5ab000"
"15:21:00.5778202","ZCode.exe","23548","CloseFile","C:\Windows\System32\DriverStore\FileRepository\iigd_dch.inf_amd64_890d8eaa182f97be\igdgmm64.dll","SUCCESS",""
"15:21:00.5788658","ZCode.exe","23548","CreateFile","C:\Windows\System32\DriverStore\FileRepository\iigd_dch.inf_amd64_890d8eaa182f97be\dxgi.dll","NAME NOT FOUND","Desired Access: Read Attributes, Disposition: Open, Options: Open Reparse Point, Attributes: n/a, ShareMode: Read, Write, Delete, AllocationSize: n/a"
"15:21:00.5791102","ZCode.exe","23548","CreateFile","C:\Windows\System32\DriverStore\FileRepository\iigd_dch.inf_amd64_890d8eaa182f97be\igc64.dll","SUCCESS","Desired Access: Read Attributes, Disposition: Open, Options: Open Reparse Point, Attributes: n/a, ShareMode: Read, Write, Delete, AllocationSize: n/a, OpenResult: Opened"
"15:21:00.5791438","ZCode.exe","23548","QueryBasicInformationFile","C:\Windows\System32\DriverStore\FileRepository\iigd_dch.inf_amd64_890d8eaa182f97be\igc64.dll","SUCCESS","CreationTime: 28-04-2026 17:23:44, LastAccessTime: 26-06-2026 15:20:56, LastWriteTime: 11-02-2026 19:30:58, ChangeTime: 29-05-2026 08:59:08, FileAttributes: A"
"15:21:00.5791580","ZCode.exe","23548","CloseFile","C:\Windows\System32\DriverStore\FileRepository\iigd_dch.inf_amd64_890d8eaa182f97be\igc64.dll","SUCCESS",""
"15:21:00.5792556","ZCode.exe","23548","CreateFile","C:\Windows\System32\DriverStore\FileRepository\iigd_dch.inf_amd64_890d8eaa182f97be\igc64.dll","SUCCESS","Desired Access: Read Data/List Directory, Execute/Traverse, Synchronize, Disposition: Open, Options: Synchronous IO Non-Alert, Non-Directory File, Attributes: n/a, ShareMode: Read, Delete, AllocationSize: n/a, OpenResult: Opened"
"15:21:00.5792819","ZCode.exe","23548","CreateFileMapping","C:\Windows\System32\DriverStore\FileRepository\iigd_dch.inf_amd64_890d8eaa182f97be\igc64.dll","FILE LOCKED WITH ONLY READERS","SyncType: SyncTypeCreateSection, PageProtection: PAGE_EXECUTE"
"15:21:00.5793092","ZCode.exe","23548","CreateFileMapping","C:\Windows\System32\DriverStore\FileRepository\iigd_dch.inf_amd64_890d8eaa182f97be\igc64.dll","SUCCESS","SyncType: SyncTypeOther"
"15:21:00.5795302","ZCode.exe","23548","Load Image","C:\Windows\System32\DriverStore\FileRepository\iigd_dch.inf_amd64_890d8eaa182f97be\igc64.dll","SUCCESS","Image Base: 0x7ffaf7be0000, Image Size: 0x52b4000"
"15:21:00.5796772","ZCode.exe","23548","CloseFile","C:\Windows\System32\DriverStore\FileRepository\iigd_dch.inf_amd64_890d8eaa182f97be\igc64.dll","SUCCESS",""
"15:21:00.5833625","ZCode.exe","23548","RegQueryKey","HKLM","SUCCESS","Query: HandleTags, HandleTags: 0x0"
"15:21:00.5833826","ZCode.exe","23548","RegOpenKey","HKLM\System\CurrentControlSet\Control\GraphicsDrivers","REPARSE","Desired Access: Read"
"15:21:00.5834026","ZCode.exe","23548","RegOpenKey","HKLM\System\CurrentControlSet\Control\GraphicsDrivers","SUCCESS","Desired Access: Read"
"15:21:00.5834303","ZCode.exe","23548","RegCloseKey","HKLM\System\CurrentControlSet\Control\GraphicsDrivers","SUCCESS",""
"15:21:00.5837064","ZCode.exe","23548","CreateFile","C:\Program Files\ZCode\ZCode.exe","SUCCESS","Desired Access: Generic Read, Disposition: Open, Options: Synchronous IO Non-Alert, Non-Directory File, Attributes: N, ShareMode: Read, Write, Delete, AllocationSize: n/a, OpenResult: Opened"
"15:21:00.5837684","ZCode.exe","23548","QueryStandardInformationFile","C:\Program Files\ZCode\ZCode.exe","SUCCESS","AllocationSize: 222867456, EndOfFile: 222866328, NumberOfLinks: 1, DeletePending: False, Directory: False"
"15:21:00.5837947","ZCode.exe","23548","CloseFile","C:\Program Files\ZCode\ZCode.exe","SUCCESS",""
"15:21:00.5838504","ZCode.exe","23548","RegQueryKey","HKCU","SUCCESS","Query: HandleTags, HandleTags: 0x0"
"15:21:00.5838674","ZCode.exe","23548","RegOpenKey","HKCU\Software\Microsoft\Direct3D","NAME NOT FOUND","Desired Access: Read"
"15:21:00.5838876","ZCode.exe","23548","RegQueryKey","HKLM","SUCCESS","Query: HandleTags, HandleTags: 0x0"
"15:21:00.5839013","ZCode.exe","23548","RegOpenKey","HKLM\Software\Microsoft\Direct3D","NAME NOT FOUND","Desired Access: Read"
"15:21:00.5841581","ZCode.exe","23548","RegOpenKey","HKLM\System\CurrentControlSet\Control\GraphicsDrivers\Scheduler","REPARSE","Desired Access: Read, Maximum Allowed"
"15:21:00.5841896","ZCode.exe","23548","RegOpenKey","HKLM\System\CurrentControlSet\Control\GraphicsDrivers\Scheduler","NAME NOT FOUND","Desired Access: Read, Maximum Allowed"
"15:21:00.5844113","ZCode.exe","23548","Thread Create","","SUCCESS","Thread ID: 24656"
"15:21:00.5851204","ZCode.exe","23548","CreateFile","C:\Windows\System32\DriverStore\FileRepository\iigd_dch.inf_amd64_890d8eaa182f97be\dxgi.dll","NAME NOT FOUND","Desired Access: Read Attributes, Disposition: Open, Options: Open Reparse Point, Attributes: n/a, ShareMode: Read, Write, Delete, AllocationSize: n/a"
"15:21:00.5937319","ZCode.exe","23548","Thread Create","","SUCCESS","Thread ID: 13324"
"15:21:00.5955022","ZCode.exe","23548","RegQueryKey","HKLM","SUCCESS","Query: HandleTags, HandleTags: 0x0"
"15:21:00.5955301","ZCode.exe","23548","RegOpenKey","HKLM\Software\Microsoft\Windows\CurrentVersion\Explorer\FolderDescriptions","SUCCESS","Desired Access: Read"
"15:21:00.5955686","ZCode.exe","23548","RegQueryKey","HKLM\SOFTWARE\Microsoft\Windows\CurrentVersion\Explorer\FolderDescriptions","SUCCESS","Query: HandleTags, HandleTags: 0x0"
"15:21:00.5956056","ZCode.exe","23548","RegOpenKey","HKLM\SOFTWARE\Microsoft\Windows\CurrentVersion\Explorer\FolderDescriptions\{A520A1A4-1780-4FF6-BD18-167343C5AF16}","SUCCESS","Desired Access: Read"
"15:21:00.5956406","ZCode.exe","23548","RegCloseKey","HKLM\SOFTWARE\Microsoft\Windows\CurrentVersion\Explorer\FolderDescriptions","SUCCESS",""
"15:21:00.5956724","ZCode.exe","23548","RegQueryValue","HKLM\SOFTWARE\Microsoft\Windows\CurrentVersion\Explorer\FolderDescriptions\{A520A1A4-1780-4FF6-BD18-167343C5AF16}\Category","SUCCESS","Type: REG_DWORD, Length: 4, Data: 4"
"15:21:00.5956905","ZCode.exe","23548","RegQueryValue","HKLM\SOFTWARE\Microsoft\Windows\CurrentVersion\Explorer\FolderDescriptions\{A520A1A4-1780-4FF6-BD18-167343C5AF16}\Name","SUCCESS","Type: REG_SZ, Length: 32, Data: LocalAppDataLow"
"15:21:00.5957136","ZCode.exe","23548","RegQueryValue","HKLM\SOFTWARE\Microsoft\Windows\CurrentVersion\Explorer\FolderDescriptions\{A520A1A4-1780-4FF6-BD18-167343C5AF16}\ParentFolder","NAME NOT FOUND","Length: 90"
"15:21:00.5957442","ZCode.exe","23548","RegQueryValue","HKLM\SOFTWARE\Microsoft\Windows\CurrentVersion\Explorer\FolderDescriptions\{A520A1A4-1780-4FF6-BD18-167343C5AF16}\DeferPrecreateAndRedirect","NAME NOT FOUND","Length: 90"
"15:21:00.5957796","ZCode.exe","23548","RegQueryValue","HKLM\SOFTWARE\Microsoft\Windows\CurrentVersion\Explorer\FolderDescriptions\{A520A1A4-1780-4FF6-BD18-167343C5AF16}\Description","NAME NOT FOUND","Length: 144"
"15:21:00.5957997","ZCode.exe","23548","RegQueryValue","HKLM\SOFTWARE\Microsoft\Windows\CurrentVersion\Explorer\FolderDescriptions\{A520A1A4-1780-4FF6-BD18-167343C5AF16}\RelativePath","SUCCESS","Type: REG_SZ, Length: 34, Data: AppData\LocalLow"
"15:21:00.5958180","ZCode.exe","23548","RegQueryValue","HKLM\SOFTWARE\Microsoft\Windows\CurrentVersion\Explorer\FolderDescriptions\{A520A1A4-1780-4FF6-BD18-167343C5AF16}\ParsingName","NAME NOT FOUND","Length: 144"
"15:21:00.5958528","ZCode.exe","23548","RegQueryValue","HKLM\SOFTWARE\Microsoft\Windows\CurrentVersion\Explorer\FolderDescriptions\{A520A1A4-1780-4FF6-BD18-167343C5AF16}\InfoTip","NAME NOT FOUND","Length: 144"
"15:21:00.5958708","ZCode.exe","23548","RegQueryValue","HKLM\SOFTWARE\Microsoft\Windows\CurrentVersion\Explorer\FolderDescriptions\{A520A1A4-1780-4FF6-BD18-167343C5AF16}\LocalizedName","NAME NOT FOUND","Length: 144"
"15:21:00.5958854","ZCode.exe","23548","RegQueryValue","HKLM\SOFTWARE\Microsoft\Windows\CurrentVersion\Explorer\FolderDescriptions\{A520A1A4-1780-4FF6-BD18-167343C5AF16}\Icon","NAME NOT FOUND","Length: 144"
"15:21:00.5958998","ZCode.exe","23548","RegQueryValue","HKLM\SOFTWARE\Microsoft\Windows\CurrentVersion\Explorer\FolderDescriptions\{A520A1A4-1780-4FF6-BD18-167343C5AF16}\Security","SUCCESS","Type: REG_SZ, Length: 40, Data: S:(ML;OICI;NW;;;LW)"
"15:21:00.5959154","ZCode.exe","23548","RegQueryValue","HKLM\SOFTWARE\Microsoft\Windows\CurrentVersion\Explorer\FolderDescriptions\{A520A1A4-1780-4FF6-BD18-167343C5AF16}\StreamResource","NAME NOT FOUND","Length: 144"
"15:21:00.5959541","ZCode.exe","23548","RegQueryValue","HKLM\SOFTWARE\Microsoft\Windows\CurrentVersion\Explorer\FolderDescriptions\{A520A1A4-1780-4FF6-BD18-167343C5AF16}\StreamResourceType","NAME NOT FOUND","Length: 144"
"15:21:00.5959700","ZCode.exe","23548","RegQueryValue","HKLM\SOFTWARE\Microsoft\Windows\CurrentVersion\Explorer\FolderDescriptions\{A520A1A4-1780-4FF6-BD18-167343C5AF16}\LocalRedirectOnly","SUCCESS","Type: REG_DWORD, Length: 4, Data: 1"
"15:21:00.5959854","ZCode.exe","23548","RegQueryValue","HKLM\SOFTWARE\Microsoft\Windows\CurrentVersion\Explorer\FolderDescriptions\{A520A1A4-1780-4FF6-BD18-167343C5AF16}\Roamable","NAME NOT FOUND","Length: 16"
"15:21:00.5960053","ZCode.exe","23548","RegQueryValue","HKLM\SOFTWARE\Microsoft\Windows\CurrentVersion\Explorer\FolderDescriptions\{A520A1A4-1780-4FF6-BD18-167343C5AF16}\PreCreate","SUCCESS","Type: REG_DWORD, Length: 4, Data: 1"
"15:21:00.5960444","ZCode.exe","23548","RegQueryValue","HKLM\SOFTWARE\Microsoft\Windows\CurrentVersion\Explorer\FolderDescriptions\{A520A1A4-1780-4FF6-BD18-167343C5AF16}\Stream","NAME NOT FOUND","Length: 16"
"15:21:00.5960608","ZCode.exe","23548","RegQueryValue","HKLM\SOFTWARE\Microsoft\Windows\CurrentVersion\Explorer\FolderDescriptions\{A520A1A4-1780-4FF6-BD18-167343C5AF16}\PublishExpandedPath","SUCCESS","Type: REG_DWORD, Length: 4, Data: 1"
"15:21:00.5960774","ZCode.exe","23548","RegQueryValue","HKLM\SOFTWARE\Microsoft\Windows\CurrentVersion\Explorer\FolderDescriptions\{A520A1A4-1780-4FF6-BD18-167343C5AF16}\DefinitionFlags","NAME NOT FOUND","Length: 16"
"15:21:00.5960925","ZCode.exe","23548","RegQueryValue","HKLM\SOFTWARE\Microsoft\Windows\CurrentVersion\Explorer\FolderDescriptions\{A520A1A4-1780-4FF6-BD18-167343C5AF16}\DPLProtectionLevel","NAME NOT FOUND","Length: 16"
"15:21:00.5961184","ZCode.exe","23548","RegQueryValue","HKLM\SOFTWARE\Microsoft\Windows\CurrentVersion\Explorer\FolderDescriptions\{A520A1A4-1780-4FF6-BD18-167343C5AF16}\Attributes","SUCCESS","Type: REG_DWORD, Length: 4, Data: 8192"
"15:21:00.5961400","ZCode.exe","23548","RegQueryValue","HKLM\SOFTWARE\Microsoft\Windows\CurrentVersion\Explorer\FolderDescriptions\{A520A1A4-1780-4FF6-BD18-167343C5AF16}\FolderTypeID","NAME NOT FOUND","Length: 90"
"15:21:00.5961636","ZCode.exe","23548","RegQueryValue","HKLM\SOFTWARE\Microsoft\Windows\CurrentVersion\Explorer\FolderDescriptions\{A520A1A4-1780-4FF6-BD18-167343C5AF16}\InitFolderHandler","NAME NOT FOUND","Length: 90"
"15:21:00.5961842","ZCode.exe","23548","RegQueryKey","HKLM\SOFTWARE\Microsoft\Windows\CurrentVersion\Explorer\FolderDescriptions\{A520A1A4-1780-4FF6-BD18-167343C5AF16}","SUCCESS","Query: HandleTags, HandleTags: 0x0"
"15:21:00.5962075","ZCode.exe","23548","RegOpenKey","HKLM\SOFTWARE\Microsoft\Windows\CurrentVersion\Explorer\FolderDescriptions\{A520A1A4-1780-4FF6-BD18-167343C5AF16}\PropertyBag","NAME NOT FOUND","Desired Access: Read"
"15:21:00.5962355","ZCode.exe","23548","RegCloseKey","HKLM\SOFTWARE\Microsoft\Windows\CurrentVersion\Explorer\FolderDescriptions\{A520A1A4-1780-4FF6-BD18-167343C5AF16}","SUCCESS",""
"15:21:00.5962630","ZCode.exe","23548","RegQueryKey","HKCU","SUCCESS","Query: HandleTags, HandleTags: 0x0"
"15:21:00.5962793","ZCode.exe","23548","RegOpenKey","HKCU\Software\Microsoft\Windows\CurrentVersion\Explorer","SUCCESS","Desired Access: Query Value"
"15:21:00.5963034","ZCode.exe","23548","RegQueryKey","HKCU\Software\Microsoft\Windows\CurrentVersion\Explorer","SUCCESS","Query: HandleTags, HandleTags: 0x0"
"15:21:00.5963197","ZCode.exe","23548","RegOpenKey","HKCU\Software\Microsoft\Windows\CurrentVersion\Explorer\SessionInfo\1","SUCCESS","Desired Access: Query Value"
"15:21:00.5963374","ZCode.exe","23548","RegQueryKey","HKCU\Software\Microsoft\Windows\CurrentVersion\Explorer\SessionInfo\1","SUCCESS","Query: HandleTags, HandleTags: 0x0"
"15:21:00.5963537","ZCode.exe","23548","RegOpenKey","HKCU\Software\Microsoft\Windows\CurrentVersion\Explorer\SessionInfo\1\KnownFolders","NAME NOT FOUND","Desired Access: Query Value"
"15:21:00.5963724","ZCode.exe","23548","RegCloseKey","HKCU\Software\Microsoft\Windows\CurrentVersion\Explorer\SessionInfo\1","SUCCESS",""
"15:21:00.5963943","ZCode.exe","23548","RegOpenKey","HKCU","SUCCESS","Desired Access: Read"
"15:21:00.5964273","ZCode.exe","23548","RegQueryKey","HKCU","SUCCESS","Query: HandleTags, HandleTags: 0x0"
"15:21:00.5964570","ZCode.exe","23548","RegOpenKey","HKCU\Software\Microsoft\Windows\CurrentVersion\Explorer\User Shell Folders","SUCCESS","Desired Access: Read"
"15:21:00.5964796","ZCode.exe","23548","RegCloseKey","HKCU","SUCCESS",""
"15:21:00.5964966","ZCode.exe","23548","RegQueryValue","HKCU\Software\Microsoft\Windows\CurrentVersion\Explorer\User Shell Folders\{A520A1A4-1780-4FF6-BD18-167343C5AF16}","NAME NOT FOUND","Length: 142"
"15:21:00.5965445","ZCode.exe","23548","RegQueryKey","HKCU","SUCCESS","Query: HandleTags, HandleTags: 0x0"
"15:21:00.5965616","ZCode.exe","23548","RegOpenKey","HKCU\Software\Microsoft\Windows\CurrentVersion\Explorer\KnownFolderSettings","NAME NOT FOUND","Desired Access: Query Value"
"15:21:00.5965868","ZCode.exe","23548","RegQueryKey","HKLM","SUCCESS","Query: HandleTags, HandleTags: 0x0"
"15:21:00.5966116","ZCode.exe","23548","RegOpenKey","HKLM\Software\Microsoft\Windows\CurrentVersion\Explorer\KnownFolderSettings","NAME NOT FOUND","Desired Access: Query Value"
"15:21:00.5966842","ZCode.exe","23548","RegQueryKey","HKLM","SUCCESS","Query: HandleTags, HandleTags: 0x0"
"15:21:00.5967058","ZCode.exe","23548","RegOpenKey","HKLM\Software\Microsoft\Windows NT\CurrentVersion\ProfileList\S-1-5-21-3723388597-1227904235-2670526452-1001","SUCCESS","Desired Access: Read"
"15:21:00.5967282","ZCode.exe","23548","RegQueryValue","HKLM\SOFTWARE\Microsoft\Windows NT\CurrentVersion\ProfileList\S-1-5-21-3723388597-1227904235-2670526452-1001\ProfileImagePath","BUFFER OVERFLOW","Length: 12"
"15:21:00.5967442","ZCode.exe","23548","RegQueryValue","HKLM\SOFTWARE\Microsoft\Windows NT\CurrentVersion\ProfileList\S-1-5-21-3723388597-1227904235-2670526452-1001\ProfileImagePath","SUCCESS","Type: REG_EXPAND_SZ, Length: 28, Data: C:\Users\DELL"
"15:21:00.5967628","ZCode.exe","23548","RegCloseKey","HKLM\SOFTWARE\Microsoft\Windows NT\CurrentVersion\ProfileList\S-1-5-21-3723388597-1227904235-2670526452-1001","SUCCESS",""
"15:21:00.5967828","ZCode.exe","23548","RegCloseKey","HKCU\Software\Microsoft\Windows\CurrentVersion\Explorer\User Shell Folders","SUCCESS",""
"15:21:00.5969744","ZCode.exe","23548","CreateFile","C:\Users\DELL\AppData\LocalLow","SUCCESS","Desired Access: Read Attributes, Disposition: Open, Options: Open Reparse Point, Attributes: n/a, ShareMode: Read, Write, Delete, AllocationSize: n/a, OpenResult: Opened"
"15:21:00.5970141","ZCode.exe","23548","QueryBasicInformationFile","C:\Users\DELL\AppData\LocalLow","SUCCESS","CreationTime: 23-05-2025 04:22:06, LastAccessTime: 26-06-2026 15:20:52, LastWriteTime: 01-06-2026 08:55:51, ChangeTime: 01-06-2026 08:55:51, FileAttributes: DNCI"
"15:21:00.5970311","ZCode.exe","23548","CloseFile","C:\Users\DELL\AppData\LocalLow","SUCCESS",""
"15:21:00.5972629","ZCode.exe","23548","CreateFile","C:\Program Files\ZCode","SUCCESS","Desired Access: Read Attributes, Disposition: Open, Options: Open Reparse Point, Attributes: n/a, ShareMode: Read, Write, Delete, AllocationSize: n/a, OpenResult: Opened"
"15:21:00.5973158","ZCode.exe","23548","QueryBasicInformationFile","C:\Program Files\ZCode","SUCCESS","CreationTime: 25-06-2026 15:21:19, LastAccessTime: 26-06-2026 15:21:00, LastWriteTime: 26-06-2026 12:58:00, ChangeTime: 26-06-2026 12:58:00, FileAttributes: D"
"15:21:00.5973351","ZCode.exe","23548","CloseFile","C:\Program Files\ZCode","SUCCESS",""
"15:21:00.5975509","ZCode.exe","23548","CreateFile","C:\Users","SUCCESS","Desired Access: Read Attributes, Disposition: Open, Options: Open Reparse Point, Attributes: n/a, ShareMode: Read, Write, Delete, AllocationSize: n/a, OpenResult: Opened"
"15:21:00.5975829","ZCode.exe","23548","QueryBasicInformationFile","C:\Users","SUCCESS","CreationTime: 01-04-2024 12:51:16, LastAccessTime: 26-06-2026 15:21:00, LastWriteTime: 23-04-2026 12:07:04, ChangeTime: 23-04-2026 12:07:04, FileAttributes: RD"
"15:21:00.5976139","ZCode.exe","23548","CloseFile","C:\Users","SUCCESS",""
"15:21:00.5978500","ZCode.exe","23548","CreateFile","C:\Users\DELL","SUCCESS","Desired Access: Read Attributes, Disposition: Open, Options: Open Reparse Point, Attributes: n/a, ShareMode: Read, Write, Delete, AllocationSize: n/a, OpenResult: Opened"
"15:21:00.5978788","ZCode.exe","23548","QueryBasicInformationFile","C:\Users\DELL","SUCCESS","CreationTime: 23-05-2025 04:22:06, LastAccessTime: 26-06-2026 15:21:00, LastWriteTime: 25-06-2026 15:21:36, ChangeTime: 25-06-2026 15:21:36, FileAttributes: D"
"15:21:00.5978945","ZCode.exe","23548","CloseFile","C:\Users\DELL","SUCCESS",""
"15:21:00.5980768","ZCode.exe","23548","CreateFile","C:\Users\DELL\AppData","SUCCESS","Desired Access: Read Attributes, Disposition: Open, Options: Open Reparse Point, Attributes: n/a, ShareMode: Read, Write, Delete, AllocationSize: n/a, OpenResult: Opened"
"15:21:00.5981019","ZCode.exe","23548","QueryBasicInformationFile","C:\Users\DELL\AppData","SUCCESS","CreationTime: 23-05-2025 04:22:06, LastAccessTime: 26-06-2026 15:21:00, LastWriteTime: 23-05-2025 04:22:06, ChangeTime: 25-05-2026 10:54:15, FileAttributes: HD"
"15:21:00.5981200","ZCode.exe","23548","CloseFile","C:\Users\DELL\AppData","SUCCESS",""
"15:21:00.5982919","ZCode.exe","23548","CreateFile","C:\Users\DELL\AppData\LocalLow","SUCCESS","Desired Access: Read Attributes, Disposition: Open, Options: Open Reparse Point, Attributes: n/a, ShareMode: Read, Write, Delete, AllocationSize: n/a, OpenResult: Opened"
"15:21:00.5983278","ZCode.exe","23548","QueryBasicInformationFile","C:\Users\DELL\AppData\LocalLow","SUCCESS","CreationTime: 23-05-2025 04:22:06, LastAccessTime: 26-06-2026 15:20:52, LastWriteTime: 01-06-2026 08:55:51, ChangeTime: 01-06-2026 08:55:51, FileAttributes: DNCI"
"15:21:00.5983423","ZCode.exe","23548","CloseFile","C:\Users\DELL\AppData\LocalLow","SUCCESS",""
"15:21:00.5985262","ZCode.exe","23548","CreateFile","C:\Users\DELL\AppData\LocalLow\Intel","SUCCESS","Desired Access: Read Attributes, Disposition: Open, Options: Open Reparse Point, Attributes: n/a, ShareMode: Read, Write, Delete, AllocationSize: n/a, OpenResult: Opened"
"15:21:00.5985625","ZCode.exe","23548","QueryBasicInformationFile","C:\Users\DELL\AppData\LocalLow\Intel","SUCCESS","CreationTime: 22-05-2025 16:10:16, LastAccessTime: 26-06-2026 10:14:34, LastWriteTime: 22-05-2025 16:10:16, ChangeTime: 23-04-2026 12:01:35, FileAttributes: DNCI"
"15:21:00.5985735","ZCode.exe","23548","CloseFile","C:\Users\DELL\AppData\LocalLow\Intel","SUCCESS",""
"15:21:00.5987269","ZCode.exe","23548","CreateFile","C:\Users\DELL\AppData\LocalLow\Intel\ShaderCache","SUCCESS","Desired Access: Read Attributes, Disposition: Open, Options: Open Reparse Point, Attributes: n/a, ShareMode: Read, Write, Delete, AllocationSize: n/a, OpenResult: Opened"
"15:21:00.5987853","ZCode.exe","23548","QueryBasicInformationFile","C:\Users\DELL\AppData\LocalLow\Intel\ShaderCache","SUCCESS","CreationTime: 22-05-2025 16:10:16, LastAccessTime: 26-06-2026 15:21:00, LastWriteTime: 25-06-2026 15:23:35, ChangeTime: 25-06-2026 15:23:35, FileAttributes: DNCI"
"15:21:00.5988007","ZCode.exe","23548","CloseFile","C:\Users\DELL\AppData\LocalLow\Intel\ShaderCache","SUCCESS",""
"15:21:00.5993015","ZCode.exe","23548","CreateFile","C:\Users\DELL\AppData\LocalLow\Intel\ShaderCache\00a87613e71b90c6f618419dc68cd49565cb2d5886375809caa5010ee12db2a6","SUCCESS","Desired Access: Read Attributes, Disposition: Open, Options: Open Reparse Point, Attributes: n/a, ShareMode: Read, Write, Delete, AllocationSize: n/a, OpenResult: Opened"
"15:21:00.5993364","ZCode.exe","23548","QueryBasicInformationFile","C:\Users\DELL\AppData\LocalLow\Intel\ShaderCache\00a87613e71b90c6f618419dc68cd49565cb2d5886375809caa5010ee12db2a6","SUCCESS","CreationTime: 25-06-2026 15:21:35, LastAccessTime: 26-06-2026 13:09:37, LastWriteTime: 26-06-2026 13:09:37, ChangeTime: 26-06-2026 13:09:37, FileAttributes: ANCI"
"15:21:00.5993504","ZCode.exe","23548","CloseFile","C:\Users\DELL\AppData\LocalLow\Intel\ShaderCache\00a87613e71b90c6f618419dc68cd49565cb2d5886375809caa5010ee12db2a6","SUCCESS",""
"15:21:00.5994702","ZCode.exe","23548","CreateFile","C:\Users\DELL\AppData\LocalLow\Intel\ShaderCache\00a87613e71b90c6f618419dc68cd49565cb2d5886375809caa5010ee12db2a6","SUCCESS","Desired Access: Generic Read/Write, Disposition: OpenIf, Options: Non-Directory File, Attributes: n/a, ShareMode: Read, Write, AllocationSize: 0, OpenResult: Opened"
"15:21:00.5995945","ZCode.exe","23548","CreateFile","C:\Users\DELL\AppData\LocalLow\Intel","SUCCESS","Desired Access: Read Data/List Directory, Synchronize, Disposition: Open, Options: Directory, Synchronous IO Non-Alert, Attributes: n/a, ShareMode: Read, Write, Delete, AllocationSize: n/a, OpenResult: Opened"
"15:21:00.5996324","ZCode.exe","23548","QueryDirectory","C:\Users\DELL\AppData\LocalLow\Intel\ShaderCache/*","NAME INVALID","FileInformationClass: FileBothDirectoryInformation, Filter: ShaderCache/*"
"15:21:00.5996546","ZCode.exe","23548","CloseFile","C:\Users\DELL\AppData\LocalLow\Intel","SUCCESS",""
"15:21:00.5997005","ZCode.exe","23548","LockFile","C:\Users\DELL\AppData\LocalLow\Intel\ShaderCache\00a87613e71b90c6f618419dc68cd49565cb2d5886375809caa5010ee12db2a6","SUCCESS","Exclusive: True, Offset: 0, Length: 4294967295, Fail Immediately: False"
"15:21:00.5997170","ZCode.exe","23548","QueryStandardInformationFile","C:\Users\DELL\AppData\LocalLow\Intel\ShaderCache\00a87613e71b90c6f618419dc68cd49565cb2d5886375809caa5010ee12db2a6","SUCCESS","AllocationSize: 512000, EndOfFile: 510856, NumberOfLinks: 1, DeletePending: False, Directory: False"
"15:21:00.5998640","ZCode.exe","23548","ReadFile","C:\Users\DELL\AppData\LocalLow\Intel\ShaderCache\00a87613e71b90c6f618419dc68cd49565cb2d5886375809caa5010ee12db2a6","SUCCESS","Offset: 0, Length: 510856, Priority: Normal"
"15:21:00.5999620","ZCode.exe","23548","QueryBasicInformationFile","C:\Users\DELL\AppData\LocalLow\Intel\ShaderCache\00a87613e71b90c6f618419dc68cd49565cb2d5886375809caa5010ee12db2a6","SUCCESS","CreationTime: 25-06-2026 15:21:35, LastAccessTime: 26-06-2026 13:09:37, LastWriteTime: 26-06-2026 13:09:37, ChangeTime: 26-06-2026 13:09:37, FileAttributes: ANCI"
"15:21:00.5999830","ZCode.exe","23548","UnlockFileSingle","C:\Users\DELL\AppData\LocalLow\Intel\ShaderCache\00a87613e71b90c6f618419dc68cd49565cb2d5886375809caa5010ee12db2a6","SUCCESS","Offset: 0, Length: 4294967295"
"15:21:00.6130991","ZCode.exe","23548","RegQueryKey","HKLM","SUCCESS","Query: HandleTags, HandleTags: 0x0"
"15:21:00.6131419","ZCode.exe","23548","RegOpenKey","HKLM\Software\Intel\Display\igfxcui\3D","NAME NOT FOUND","Desired Access: Read"
"15:21:00.6134766","ZCode.exe","23548","CreateFile","C:\Program Files\ZCode","SUCCESS","Desired Access: Read Attributes, Disposition: Open, Options: Open Reparse Point, Attributes: n/a, ShareMode: Read, Write, Delete, AllocationSize: n/a, OpenResult: Opened"
"15:21:00.6135164","ZCode.exe","23548","QueryBasicInformationFile","C:\Program Files\ZCode","SUCCESS","CreationTime: 25-06-2026 15:21:19, LastAccessTime: 26-06-2026 15:21:00, LastWriteTime: 26-06-2026 12:58:00, ChangeTime: 26-06-2026 12:58:00, FileAttributes: D"
"15:21:00.6135347","ZCode.exe","23548","CloseFile","C:\Program Files\ZCode","SUCCESS",""
"15:21:00.6137239","ZCode.exe","23548","CreateFile","C:\Users","SUCCESS","Desired Access: Read Attributes, Disposition: Open, Options: Open Reparse Point, Attributes: n/a, ShareMode: Read, Write, Delete, AllocationSize: n/a, OpenResult: Opened"
"15:21:00.6137523","ZCode.exe","23548","QueryBasicInformationFile","C:\Users","SUCCESS","CreationTime: 01-04-2024 12:51:16, LastAccessTime: 26-06-2026 15:21:00, LastWriteTime: 23-04-2026 12:07:04, ChangeTime: 23-04-2026 12:07:04, FileAttributes: RD"
"15:21:00.6137668","ZCode.exe","23548","CloseFile","C:\Users","SUCCESS",""
"15:21:00.6139749","ZCode.exe","23548","CreateFile","C:\Users\DELL","SUCCESS","Desired Access: Read Attributes, Disposition: Open, Options: Open Reparse Point, Attributes: n/a, ShareMode: Read, Write, Delete, AllocationSize: n/a, OpenResult: Opened"
"15:21:00.6140023","ZCode.exe","23548","QueryBasicInformationFile","C:\Users\DELL","SUCCESS","CreationTime: 23-05-2025 04:22:06, LastAccessTime: 26-06-2026 15:21:00, LastWriteTime: 25-06-2026 15:21:36, ChangeTime: 25-06-2026 15:21:36, FileAttributes: D"
"15:21:00.6140175","ZCode.exe","23548","CloseFile","C:\Users\DELL","SUCCESS",""
"15:21:00.6141660","ZCode.exe","23548","CreateFile","C:\Users\DELL\AppData","SUCCESS","Desired Access: Read Attributes, Disposition: Open, Options: Open Reparse Point, Attributes: n/a, ShareMode: Read, Write, Delete, AllocationSize: n/a, OpenResult: Opened"
"15:21:00.6141843","ZCode.exe","23548","QueryBasicInformationFile","C:\Users\DELL\AppData","SUCCESS","CreationTime: 23-05-2025 04:22:06, LastAccessTime: 26-06-2026 15:21:00, LastWriteTime: 23-05-2025 04:22:06, ChangeTime: 25-05-2026 10:54:15, FileAttributes: HD"
"15:21:00.6141936","ZCode.exe","23548","CloseFile","C:\Users\DELL\AppData","SUCCESS",""
"15:21:00.6143234","ZCode.exe","23548","CreateFile","C:\Users\DELL\AppData\LocalLow","SUCCESS","Desired Access: Read Attributes, Disposition: Open, Options: Open Reparse Point, Attributes: n/a, ShareMode: Read, Write, Delete, AllocationSize: n/a, OpenResult: Opened"
"15:21:00.6143943","ZCode.exe","23548","QueryBasicInformationFile","C:\Users\DELL\AppData\LocalLow","SUCCESS","CreationTime: 23-05-2025 04:22:06, LastAccessTime: 26-06-2026 15:21:00, LastWriteTime: 01-06-2026 08:55:51, ChangeTime: 01-06-2026 08:55:51, FileAttributes: DNCI"
"15:21:00.6144257","ZCode.exe","23548","CloseFile","C:\Users\DELL\AppData\LocalLow","SUCCESS",""
"15:21:00.6145935","ZCode.exe","23548","CreateFile","C:\Users\DELL\AppData\LocalLow\Intel","SUCCESS","Desired Access: Read Attributes, Disposition: Open, Options: Open Reparse Point, Attributes: n/a, ShareMode: Read, Write, Delete, AllocationSize: n/a, OpenResult: Opened"
"15:21:00.6146145","ZCode.exe","23548","QueryBasicInformationFile","C:\Users\DELL\AppData\LocalLow\Intel","SUCCESS","CreationTime: 22-05-2025 16:10:16, LastAccessTime: 26-06-2026 15:21:00, LastWriteTime: 22-05-2025 16:10:16, ChangeTime: 23-04-2026 12:01:35, FileAttributes: DNCI"
"15:21:00.6146242","ZCode.exe","23548","CloseFile","C:\Users\DELL\AppData\LocalLow\Intel","SUCCESS",""
"15:21:00.6148177","ZCode.exe","23548","CreateFile","C:\Users\DELL\AppData\LocalLow\Intel\ShaderCache","SUCCESS","Desired Access: Read Attributes, Disposition: Open, Options: Open Reparse Point, Attributes: n/a, ShareMode: Read, Write, Delete, AllocationSize: n/a, OpenResult: Opened"
"15:21:00.6148558","ZCode.exe","23548","QueryBasicInformationFile","C:\Users\DELL\AppData\LocalLow\Intel\ShaderCache","SUCCESS","CreationTime: 22-05-2025 16:10:16, LastAccessTime: 26-06-2026 15:21:00, LastWriteTime: 25-06-2026 15:23:35, ChangeTime: 25-06-2026 15:23:35, FileAttributes: DNCI"
"15:21:00.6148734","ZCode.exe","23548","CloseFile","C:\Users\DELL\AppData\LocalLow\Intel\ShaderCache","SUCCESS",""
"15:21:00.6153296","ZCode.exe","23548","CreateFile","C:\Users\DELL\AppData\LocalLow\Intel\ShaderCache\381b892b9d28e862380e4990e5f731cb0e4b256e1ca1364db8680d01d40f069b","SUCCESS","Desired Access: Read Attributes, Disposition: Open, Options: Open Reparse Point, Attributes: n/a, ShareMode: Read, Write, Delete, AllocationSize: n/a, OpenResult: Opened"
"15:21:00.6154055","ZCode.exe","23548","QueryBasicInformationFile","C:\Users\DELL\AppData\LocalLow\Intel\ShaderCache\381b892b9d28e862380e4990e5f731cb0e4b256e1ca1364db8680d01d40f069b","SUCCESS","CreationTime: 25-06-2026 15:21:35, LastAccessTime: 26-06-2026 13:04:03, LastWriteTime: 26-06-2026 13:04:03, ChangeTime: 26-06-2026 13:04:03, FileAttributes: ANCI"
"15:21:00.6154247","ZCode.exe","23548","CloseFile","C:\Users\DELL\AppData\LocalLow\Intel\ShaderCache\381b892b9d28e862380e4990e5f731cb0e4b256e1ca1364db8680d01d40f069b","SUCCESS",""
"15:21:00.6155829","ZCode.exe","23548","CreateFile","C:\Users\DELL\AppData\LocalLow\Intel\ShaderCache\381b892b9d28e862380e4990e5f731cb0e4b256e1ca1364db8680d01d40f069b","SUCCESS","Desired Access: Generic Read/Write, Disposition: OpenIf, Options: Non-Directory File, Attributes: n/a, ShareMode: Read, Write, AllocationSize: 0, OpenResult: Opened"
"15:21:00.6157064","ZCode.exe","23548","CreateFile","C:\Users\DELL\AppData\LocalLow\Intel","SUCCESS","Desired Access: Read Data/List Directory, Synchronize, Disposition: Open, Options: Directory, Synchronous IO Non-Alert, Attributes: n/a, ShareMode: Read, Write, Delete, AllocationSize: n/a, OpenResult: Opened"
"15:21:00.6157436","ZCode.exe","23548","QueryDirectory","C:\Users\DELL\AppData\LocalLow\Intel\ShaderCache/*","NAME INVALID","FileInformationClass: FileBothDirectoryInformation, Filter: ShaderCache/*"
"15:21:00.6157825","ZCode.exe","23548","CloseFile","C:\Users\DELL\AppData\LocalLow\Intel","SUCCESS",""
"15:21:00.6158279","ZCode.exe","23548","LockFile","C:\Users\DELL\AppData\LocalLow\Intel\ShaderCache\381b892b9d28e862380e4990e5f731cb0e4b256e1ca1364db8680d01d40f069b","SUCCESS","Exclusive: True, Offset: 0, Length: 4294967295, Fail Immediately: False"
"15:21:00.6158562","ZCode.exe","23548","QueryStandardInformationFile","C:\Users\DELL\AppData\LocalLow\Intel\ShaderCache\381b892b9d28e862380e4990e5f731cb0e4b256e1ca1364db8680d01d40f069b","SUCCESS","AllocationSize: 4096, EndOfFile: 1138, NumberOfLinks: 1, DeletePending: False, Directory: False"
"15:21:00.6158772","ZCode.exe","23548","ReadFile","C:\Users\DELL\AppData\LocalLow\Intel\ShaderCache\381b892b9d28e862380e4990e5f731cb0e4b256e1ca1364db8680d01d40f069b","SUCCESS","Offset: 0, Length: 1138, Priority: Normal"
"15:21:00.6159115","ZCode.exe","23548","QueryBasicInformationFile","C:\Users\DELL\AppData\LocalLow\Intel\ShaderCache\381b892b9d28e862380e4990e5f731cb0e4b256e1ca1364db8680d01d40f069b","SUCCESS","CreationTime: 25-06-2026 15:21:35, LastAccessTime: 26-06-2026 13:04:03, LastWriteTime: 26-06-2026 13:04:03, ChangeTime: 26-06-2026 13:04:03, FileAttributes: ANCI"
"15:21:00.6159299","ZCode.exe","23548","UnlockFileSingle","C:\Users\DELL\AppData\LocalLow\Intel\ShaderCache\381b892b9d28e862380e4990e5f731cb0e4b256e1ca1364db8680d01d40f069b","SUCCESS","Offset: 0, Length: 4294967295"
"15:21:00.6162967","ZCode.exe","23548","CreateFile","C:\Windows\System32\DriverStore\FileRepository\iigd_dch.inf_amd64_890d8eaa182f97be\igd10iumd64.dll","SUCCESS","Desired Access: Generic Read, Disposition: Open, Options: Synchronous IO Non-Alert, Non-Directory File, Attributes: N, ShareMode: Read, AllocationSize: n/a, OpenResult: Opened"
"15:21:00.6163305","ZCode.exe","23548","QueryBasicInformationFile","C:\Windows\System32\DriverStore\FileRepository\iigd_dch.inf_amd64_890d8eaa182f97be\igd10iumd64.dll","SUCCESS","CreationTime: 28-04-2026 17:23:44, LastAccessTime: 26-06-2026 15:21:00, LastWriteTime: 11-02-2026 19:30:58, ChangeTime: 20-06-2026 09:18:52, FileAttributes: A"
"15:21:00.6163462","ZCode.exe","23548","CloseFile","C:\Windows\System32\DriverStore\FileRepository\iigd_dch.inf_amd64_890d8eaa182f97be\igd10iumd64.dll","SUCCESS",""
"15:21:00.6167142","ZCode.exe","23548","CreateFile","C:\Windows\System32\DriverStore\FileRepository\iigd_dch.inf_amd64_890d8eaa182f97be\igd10iumd64.dll","SUCCESS","Desired Access: Read Attributes, Disposition: Open, Options: Open Reparse Point, Attributes: n/a, ShareMode: Read, Write, Delete, AllocationSize: n/a, OpenResult: Opened"
"15:21:00.6167547","ZCode.exe","23548","QueryBasicInformationFile","C:\Windows\System32\DriverStore\FileRepository\iigd_dch.inf_amd64_890d8eaa182f97be\igd10iumd64.dll","SUCCESS","CreationTime: 28-04-2026 17:23:44, LastAccessTime: 26-06-2026 15:21:00, LastWriteTime: 11-02-2026 19:30:58, ChangeTime: 20-06-2026 09:18:52, FileAttributes: A"
"15:21:00.6167699","ZCode.exe","23548","CloseFile","C:\Windows\System32\DriverStore\FileRepository\iigd_dch.inf_amd64_890d8eaa182f97be\igd10iumd64.dll","SUCCESS",""
"15:21:00.6169900","ZCode.exe","23548","CreateFile","C:\Windows\System32\DriverStore\FileRepository\iigd_dch.inf_amd64_890d8eaa182f97be\igd10iumd64.dll","SUCCESS","Desired Access: Read Attributes, Disposition: Open, Options: Open Reparse Point, Attributes: n/a, ShareMode: Read, Write, Delete, AllocationSize: n/a, OpenResult: Opened"
"15:21:00.6170217","ZCode.exe","23548","QueryBasicInformationFile","C:\Windows\System32\DriverStore\FileRepository\iigd_dch.inf_amd64_890d8eaa182f97be\igd10iumd64.dll","SUCCESS","CreationTime: 28-04-2026 17:23:44, LastAccessTime: 26-06-2026 15:21:00, LastWriteTime: 11-02-2026 19:30:58, ChangeTime: 20-06-2026 09:18:52, FileAttributes: A"
"15:21:00.6170357","ZCode.exe","23548","CloseFile","C:\Windows\System32\DriverStore\FileRepository\iigd_dch.inf_amd64_890d8eaa182f97be\igd10iumd64.dll","SUCCESS",""
"15:21:00.6170897","ZCode.exe","23548","RegQueryValue","HKLM\System\CurrentControlSet\Control\Notifications\41C61629A3BC30B5","BUFFER TOO SMALL","Length: 0"
"15:21:00.6171165","ZCode.exe","23548","RegQueryValue","HKLM\System\CurrentControlSet\Control\Notifications\41C61629A3BC30B5","SUCCESS","Type: REG_BINARY, Length: 132, Data: 01 00 04 80 00 00 00 00 00 00 00 00 00 00 00 00"
"15:21:00.6175666","ZCode.exe","23548","Thread Exit","","SUCCESS","Thread ID: 13324, User Time: 0.0000000, Kernel Time: 0.0000000"
"15:21:00.6184494","ZCode.exe","23548","CloseFile","C:\Users\DELL\AppData\LocalLow\Intel\ShaderCache\00a87613e71b90c6f618419dc68cd49565cb2d5886375809caa5010ee12db2a6","SUCCESS",""
"15:21:00.6192835","ZCode.exe","23548","LockFile","C:\Users\DELL\AppData\LocalLow\Intel\ShaderCache\381b892b9d28e862380e4990e5f731cb0e4b256e1ca1364db8680d01d40f069b","SUCCESS","Exclusive: True, Offset: 0, Length: 4294967295, Fail Immediately: False"
"15:21:00.6193551","ZCode.exe","23548","QueryBasicInformationFile","C:\Users\DELL\AppData\LocalLow\Intel\ShaderCache\381b892b9d28e862380e4990e5f731cb0e4b256e1ca1364db8680d01d40f069b","SUCCESS","CreationTime: 25-06-2026 15:21:35, LastAccessTime: 26-06-2026 13:04:03, LastWriteTime: 26-06-2026 13:04:03, ChangeTime: 26-06-2026 13:04:03, FileAttributes: ANCI"
"15:21:00.6193871","ZCode.exe","23548","UnlockFileSingle","C:\Users\DELL\AppData\LocalLow\Intel\ShaderCache\381b892b9d28e862380e4990e5f731cb0e4b256e1ca1364db8680d01d40f069b","SUCCESS","Offset: 0, Length: 4294967295"
"15:21:00.6194077","ZCode.exe","23548","LockFile","C:\Users\DELL\AppData\LocalLow\Intel\ShaderCache\381b892b9d28e862380e4990e5f731cb0e4b256e1ca1364db8680d01d40f069b","SUCCESS","Exclusive: True, Offset: 0, Length: 4294967295, Fail Immediately: False"
"15:21:00.6194243","ZCode.exe","23548","QueryBasicInformationFile","C:\Users\DELL\AppData\LocalLow\Intel\ShaderCache\381b892b9d28e862380e4990e5f731cb0e4b256e1ca1364db8680d01d40f069b","SUCCESS","CreationTime: 25-06-2026 15:21:35, LastAccessTime: 26-06-2026 13:04:03, LastWriteTime: 26-06-2026 13:04:03, ChangeTime: 26-06-2026 13:04:03, FileAttributes: ANCI"
"15:21:00.6194490","ZCode.exe","23548","WriteFile","C:\Users\DELL\AppData\LocalLow\Intel\ShaderCache\381b892b9d28e862380e4990e5f731cb0e4b256e1ca1364db8680d01d40f069b","SUCCESS","Offset: 26, Length: 72, Priority: Normal"
"15:21:00.6195279","ZCode.exe","23548","WriteFile","C:\Users\DELL\AppData\LocalLow\Intel\ShaderCache\381b892b9d28e862380e4990e5f731cb0e4b256e1ca1364db8680d01d40f069b","SUCCESS","Offset: 98, Length: 32, Priority: Normal"
"15:21:00.6195469","ZCode.exe","23548","QueryBasicInformationFile","C:\Users\DELL\AppData\LocalLow\Intel\ShaderCache\381b892b9d28e862380e4990e5f731cb0e4b256e1ca1364db8680d01d40f069b","SUCCESS","CreationTime: 25-06-2026 15:21:35, LastAccessTime: 26-06-2026 15:21:00, LastWriteTime: 26-06-2026 15:21:00, ChangeTime: 26-06-2026 15:21:00, FileAttributes: ANCI"
"15:21:00.6195705","ZCode.exe","23548","UnlockFileSingle","C:\Users\DELL\AppData\LocalLow\Intel\ShaderCache\381b892b9d28e862380e4990e5f731cb0e4b256e1ca1364db8680d01d40f069b","SUCCESS","Offset: 0, Length: 4294967295"
"15:21:00.6195991","ZCode.exe","23548","CloseFile","C:\Users\DELL\AppData\LocalLow\Intel\ShaderCache\381b892b9d28e862380e4990e5f731cb0e4b256e1ca1364db8680d01d40f069b","SUCCESS",""
"15:21:00.6219773","ZCode.exe","23548","Thread Exit","","SUCCESS","Thread ID: 24656, User Time: 0.0000000, Kernel Time: 0.0000000"
"15:21:00.6267511","ZCode.exe","23548","CreateFile","C:\Windows\System32\mf.dll","SUCCESS","Desired Access: Read Attributes, Disposition: Open, Options: Open Reparse Point, Attributes: n/a, ShareMode: Read, Write, Delete, AllocationSize: n/a, OpenResult: Opened"
"15:21:00.6268028","ZCode.exe","23548","QueryBasicInformationFile","C:\Windows\System32\mf.dll","SUCCESS","CreationTime: 24-06-2026 11:34:12, LastAccessTime: 26-06-2026 15:19:41, LastWriteTime: 24-06-2026 11:34:12, ChangeTime: 24-06-2026 16:31:22, FileAttributes: A"
"15:21:00.6268171","ZCode.exe","23548","CloseFile","C:\Windows\System32\mf.dll","SUCCESS",""
"15:21:00.6269343","ZCode.exe","23548","CreateFile","C:\Windows\System32\mf.dll","SUCCESS","Desired Access: Read Data/List Directory, Execute/Traverse, Synchronize, Disposition: Open, Options: Synchronous IO Non-Alert, Non-Directory File, Attributes: n/a, ShareMode: Read, Delete, AllocationSize: n/a, OpenResult: Opened"
"15:21:00.6269736","ZCode.exe","23548","CreateFileMapping","C:\Windows\System32\mf.dll","FILE LOCKED WITH ONLY READERS","SyncType: SyncTypeCreateSection, PageProtection: PAGE_READONLY"
"15:21:00.6270025","ZCode.exe","23548","CreateFileMapping","C:\Windows\System32\mf.dll","SUCCESS","SyncType: SyncTypeOther"
"15:21:00.6270592","ZCode.exe","23548","CloseFile","C:\Windows\System32\mf.dll","SUCCESS",""
"15:21:00.6273040","ZCode.exe","23548","CreateFile","C:\Windows\System32\mf.dll","SUCCESS","Desired Access: Read Attributes, Disposition: Open, Options: Open Reparse Point, Attributes: n/a, ShareMode: Read, Write, Delete, AllocationSize: n/a, OpenResult: Opened"
"15:21:00.6273560","ZCode.exe","23548","QueryBasicInformationFile","C:\Windows\System32\mf.dll","SUCCESS","CreationTime: 24-06-2026 11:34:12, LastAccessTime: 26-06-2026 15:21:00, LastWriteTime: 24-06-2026 11:34:12, ChangeTime: 24-06-2026 16:31:22, FileAttributes: A"
"15:21:00.6273692","ZCode.exe","23548","CloseFile","C:\Windows\System32\mf.dll","SUCCESS",""
"15:21:00.6274713","ZCode.exe","23548","CreateFile","C:\Windows\System32\mf.dll","SUCCESS","Desired Access: Read Data/List Directory, Execute/Traverse, Synchronize, Disposition: Open, Options: Synchronous IO Non-Alert, Non-Directory File, Attributes: n/a, ShareMode: Read, Delete, AllocationSize: n/a, OpenResult: Opened"
"15:21:00.6275048","ZCode.exe","23548","CreateFileMapping","C:\Windows\System32\mf.dll","FILE LOCKED WITH ONLY READERS","SyncType: SyncTypeCreateSection, PageProtection: PAGE_EXECUTE"
"15:21:00.6275318","ZCode.exe","23548","CreateFileMapping","C:\Windows\System32\mf.dll","SUCCESS","SyncType: SyncTypeOther"
"15:21:00.6276356","ZCode.exe","23548","Load Image","C:\Windows\System32\mf.dll","SUCCESS","Image Base: 0x7ffb00f10000, Image Size: 0x98000"
"15:21:00.6278219","ZCode.exe","23548","CloseFile","C:\Windows\System32\mf.dll","SUCCESS",""
"15:21:00.6284648","ZCode.exe","23548","CreateFile","C:\Windows\System32\mfplat.dll","SUCCESS","Desired Access: Read Attributes, Disposition: Open, Options: Open Reparse Point, Attributes: n/a, ShareMode: Read, Write, Delete, AllocationSize: n/a, OpenResult: Opened"
"15:21:00.6285490","ZCode.exe","23548","QueryBasicInformationFile","C:\Windows\System32\mfplat.dll","SUCCESS","CreationTime: 24-06-2026 11:34:13, LastAccessTime: 26-06-2026 15:19:41, LastWriteTime: 24-06-2026 11:34:13, ChangeTime: 24-06-2026 16:31:22, FileAttributes: A"
"15:21:00.6285669","ZCode.exe","23548","CloseFile","C:\Windows\System32\mfplat.dll","SUCCESS",""
"15:21:00.6287150","ZCode.exe","23548","CreateFile","C:\Windows\System32\mfplat.dll","SUCCESS","Desired Access: Read Data/List Directory, Execute/Traverse, Synchronize, Disposition: Open, Options: Synchronous IO Non-Alert, Non-Directory File, Attributes: n/a, ShareMode: Read, Delete, AllocationSize: n/a, OpenResult: Opened"
"15:21:00.6287491","ZCode.exe","23548","CreateFileMapping","C:\Windows\System32\mfplat.dll","FILE LOCKED WITH ONLY READERS","SyncType: SyncTypeCreateSection, PageProtection: PAGE_READONLY"
"15:21:00.6287730","ZCode.exe","23548","CreateFileMapping","C:\Windows\System32\mfplat.dll","SUCCESS","SyncType: SyncTypeOther"
"15:21:00.6288237","ZCode.exe","23548","CloseFile","C:\Windows\System32\mfplat.dll","SUCCESS",""
"15:21:00.6290608","ZCode.exe","23548","CreateFile","C:\Windows\System32\mfplat.dll","SUCCESS","Desired Access: Read Attributes, Disposition: Open, Options: Open Reparse Point, Attributes: n/a, ShareMode: Read, Write, Delete, AllocationSize: n/a, OpenResult: Opened"
"15:21:00.6291028","ZCode.exe","23548","QueryBasicInformationFile","C:\Windows\System32\mfplat.dll","SUCCESS","CreationTime: 24-06-2026 11:34:13, LastAccessTime: 26-06-2026 15:21:00, LastWriteTime: 24-06-2026 11:34:13, ChangeTime: 24-06-2026 16:31:22, FileAttributes: A"
"15:21:00.6291162","ZCode.exe","23548","CloseFile","C:\Windows\System32\mfplat.dll","SUCCESS",""
"15:21:00.6292618","ZCode.exe","23548","CreateFile","C:\Windows\System32\mfplat.dll","SUCCESS","Desired Access: Read Data/List Directory, Execute/Traverse, Synchronize, Disposition: Open, Options: Synchronous IO Non-Alert, Non-Directory File, Attributes: n/a, ShareMode: Read, Delete, AllocationSize: n/a, OpenResult: Opened"
"15:21:00.6292876","ZCode.exe","23548","CreateFileMapping","C:\Windows\System32\mfplat.dll","FILE LOCKED WITH ONLY READERS","SyncType: SyncTypeCreateSection, PageProtection: PAGE_EXECUTE"
"15:21:00.6293053","ZCode.exe","23548","CreateFileMapping","C:\Windows\System32\mfplat.dll","SUCCESS","SyncType: SyncTypeOther"
"15:21:00.6293768","ZCode.exe","23548","Load Image","C:\Windows\System32\mfplat.dll","SUCCESS","Image Base: 0x7ffb003c0000, Image Size: 0x223000"
"15:21:00.6295812","ZCode.exe","23548","CloseFile","C:\Windows\System32\mfplat.dll","SUCCESS",""
"15:21:00.6297292","ZCode.exe","23548","RegQueryKey","HKLM","SUCCESS","Query: HandleTags, HandleTags: 0x0"
"15:21:00.6297493","ZCode.exe","23548","RegOpenKey","HKLM\SOFTWARE\Microsoft\Windows Media Foundation\Platform","SUCCESS","Desired Access: Read"
"15:21:00.6297780","ZCode.exe","23548","RegQueryValue","HKLM\SOFTWARE\Microsoft\Windows Media Foundation\Platform\CallStackTracingNoisy","NAME NOT FOUND","Length: 16"
"15:21:00.6297939","ZCode.exe","23548","RegCloseKey","HKLM\SOFTWARE\Microsoft\Windows Media Foundation\Platform","SUCCESS",""
"15:21:00.6302327","ZCode.exe","23548","CreateFile","C:\Windows\System32\RTWorkQ.dll","SUCCESS","Desired Access: Read Attributes, Disposition: Open, Options: Open Reparse Point, Attributes: n/a, ShareMode: Read, Write, Delete, AllocationSize: n/a, OpenResult: Opened"
"15:21:00.6302837","ZCode.exe","23548","QueryBasicInformationFile","C:\Windows\System32\RTWorkQ.dll","SUCCESS","CreationTime: 24-06-2026 11:34:19, LastAccessTime: 26-06-2026 15:19:41, LastWriteTime: 24-06-2026 11:34:19, ChangeTime: 24-06-2026 16:31:22, FileAttributes: A"
"15:21:00.6303006","ZCode.exe","23548","CloseFile","C:\Windows\System32\RTWorkQ.dll","SUCCESS",""
"15:21:00.6304210","ZCode.exe","23548","CreateFile","C:\Windows\System32\RTWorkQ.dll","SUCCESS","Desired Access: Read Data/List Directory, Execute/Traverse, Synchronize, Disposition: Open, Options: Synchronous IO Non-Alert, Non-Directory File, Attributes: n/a, ShareMode: Read, Delete, AllocationSize: n/a, OpenResult: Opened"
"15:21:00.6304910","ZCode.exe","23548","CreateFileMapping","C:\Windows\System32\RTWorkQ.dll","FILE LOCKED WITH ONLY READERS","SyncType: SyncTypeCreateSection, PageProtection: PAGE_EXECUTE"
"15:21:00.6305392","ZCode.exe","23548","CreateFileMapping","C:\Windows\System32\RTWorkQ.dll","SUCCESS","SyncType: SyncTypeOther"
"15:21:00.6306570","ZCode.exe","23548","Load Image","C:\Windows\System32\RTWorkQ.dll","SUCCESS","Image Base: 0x7ffb00380000, Image Size: 0x3b000"
"15:21:00.6308021","ZCode.exe","23548","CloseFile","C:\Windows\System32\RTWorkQ.dll","SUCCESS",""
"15:21:00.6310058","ZCode.exe","23548","QueryNameInformationFile","C:\Windows\System32\mfplat.dll","SUCCESS","Name: \Windows\System32\mfplat.dll"
"15:21:00.6313446","ZCode.exe","23548","CreateFile","C:\Program Files\ZCode\vk_swiftshader.dll","SUCCESS","Desired Access: Read Attributes, Disposition: Open, Options: Open Reparse Point, Attributes: n/a, ShareMode: Read, Write, Delete, AllocationSize: n/a, OpenResult: Opened"
"15:21:00.6314045","ZCode.exe","23548","QueryBasicInformationFile","C:\Program Files\ZCode\vk_swiftshader.dll","SUCCESS","CreationTime: 25-06-2026 15:21:23, LastAccessTime: 26-06-2026 15:19:41, LastWriteTime: 26-06-2026 09:49:34, ChangeTime: 26-06-2026 12:57:57, FileAttributes: A"
"15:21:00.6314350","ZCode.exe","23548","CloseFile","C:\Program Files\ZCode\vk_swiftshader.dll","SUCCESS",""
"15:21:00.6315711","ZCode.exe","23548","CreateFile","C:\Program Files\ZCode\vk_swiftshader.dll","SUCCESS","Desired Access: Read Data/List Directory, Execute/Traverse, Synchronize, Disposition: Open, Options: Synchronous IO Non-Alert, Non-Directory File, Attributes: n/a, ShareMode: Read, Delete, AllocationSize: n/a, OpenResult: Opened"
"15:21:00.6316070","ZCode.exe","23548","CreateFileMapping","C:\Program Files\ZCode\vk_swiftshader.dll","FILE LOCKED WITH ONLY READERS","SyncType: SyncTypeCreateSection, PageProtection: PAGE_EXECUTE"
"15:21:00.6316428","ZCode.exe","23548","CreateFileMapping","C:\Program Files\ZCode\vk_swiftshader.dll","SUCCESS","SyncType: SyncTypeOther"
"15:21:00.6317259","ZCode.exe","23548","Load Image","C:\Program Files\ZCode\vk_swiftshader.dll","SUCCESS","Image Base: 0x7ffa980a0000, Image Size: 0x578000"
"15:21:00.6318661","ZCode.exe","23548","CloseFile","C:\Program Files\ZCode\vk_swiftshader.dll","SUCCESS",""
"15:21:00.6327304","ZCode.exe","23548","CreateFile","C:\Program Files\ZCode\dxil.dll","SUCCESS","Desired Access: Read Attributes, Disposition: Open, Options: Open Reparse Point, Attributes: n/a, ShareMode: Read, Write, Delete, AllocationSize: n/a, OpenResult: Opened"
"15:21:00.6327693","ZCode.exe","23548","QueryBasicInformationFile","C:\Program Files\ZCode\dxil.dll","SUCCESS","CreationTime: 26-06-2026 12:57:58, LastAccessTime: 26-06-2026 15:19:41, LastWriteTime: 26-06-2026 09:49:34, ChangeTime: 26-06-2026 12:57:56, FileAttributes: A"
"15:21:00.6327828","ZCode.exe","23548","CloseFile","C:\Program Files\ZCode\dxil.dll","SUCCESS",""
"15:21:00.6328889","ZCode.exe","23548","CreateFile","C:\Program Files\ZCode\dxil.dll","SUCCESS","Desired Access: Read Data/List Directory, Execute/Traverse, Synchronize, Disposition: Open, Options: Synchronous IO Non-Alert, Non-Directory File, Attributes: n/a, ShareMode: Read, Delete, AllocationSize: n/a, OpenResult: Opened"
"15:21:00.6329159","ZCode.exe","23548","CreateFileMapping","C:\Program Files\ZCode\dxil.dll","FILE LOCKED WITH ONLY READERS","SyncType: SyncTypeCreateSection, PageProtection: PAGE_EXECUTE"
"15:21:00.6329478","ZCode.exe","23548","CreateFileMapping","C:\Program Files\ZCode\dxil.dll","SUCCESS","SyncType: SyncTypeOther"
"15:21:00.6330267","ZCode.exe","23548","Load Image","C:\Program Files\ZCode\dxil.dll","SUCCESS","Image Base: 0x7ffadd8b0000, Image Size: 0x173000"
"15:21:00.6331117","ZCode.exe","23548","RegOpenKey","HKLM\Software\Microsoft\Windows\CurrentVersion\SideBySide","SUCCESS","Desired Access: Read"
"15:21:00.6331374","ZCode.exe","23548","RegQueryValue","HKLM\SOFTWARE\Microsoft\Windows\CurrentVersion\SideBySide\PreferExternalManifest","NAME NOT FOUND","Length: 20"
"15:21:00.6331574","ZCode.exe","23548","RegCloseKey","HKLM\SOFTWARE\Microsoft\Windows\CurrentVersion\SideBySide","SUCCESS",""
"15:21:00.6332699","ZCode.exe","23548","CreateFile","C:\Program Files\ZCode\dxil.dll","SUCCESS","Desired Access: Generic Read, Disposition: Open, Options: Synchronous IO Non-Alert, Non-Directory File, Attributes: n/a, ShareMode: Read, Delete, AllocationSize: n/a, OpenResult: Opened"
"15:21:00.6335813","ZCode.exe","23548","CloseFile","C:\Program Files\ZCode\dxil.dll","SUCCESS",""
"15:21:00.6337128","ZCode.exe","23548","CloseFile","C:\Program Files\ZCode\dxil.dll","SUCCESS",""
"15:21:00.6341583","ZCode.exe","23548","CreateFile","C:\Program Files\ZCode\dxcompiler.dll","SUCCESS","Desired Access: Read Attributes, Disposition: Open, Options: Open Reparse Point, Attributes: n/a, ShareMode: Read, Write, Delete, AllocationSize: n/a, OpenResult: Opened"
"15:21:00.6342065","ZCode.exe","23548","QueryBasicInformationFile","C:\Program Files\ZCode\dxcompiler.dll","SUCCESS","CreationTime: 26-06-2026 12:57:58, LastAccessTime: 26-06-2026 15:19:41, LastWriteTime: 26-06-2026 09:49:34, ChangeTime: 26-06-2026 12:57:56, FileAttributes: A"
"15:21:00.6342416","ZCode.exe","23548","CloseFile","C:\Program Files\ZCode\dxcompiler.dll","SUCCESS",""
"15:21:00.6343842","ZCode.exe","23548","CreateFile","C:\Program Files\ZCode\dxcompiler.dll","SUCCESS","Desired Access: Read Data/List Directory, Execute/Traverse, Synchronize, Disposition: Open, Options: Synchronous IO Non-Alert, Non-Directory File, Attributes: n/a, ShareMode: Read, Delete, AllocationSize: n/a, OpenResult: Opened"
"15:21:00.6344247","ZCode.exe","23548","CreateFileMapping","C:\Program Files\ZCode\dxcompiler.dll","FILE LOCKED WITH ONLY READERS","SyncType: SyncTypeCreateSection, PageProtection: PAGE_EXECUTE"
"15:21:00.6344451","ZCode.exe","23548","CreateFileMapping","C:\Program Files\ZCode\dxcompiler.dll","SUCCESS","SyncType: SyncTypeOther"
"15:21:00.6345362","ZCode.exe","23548","Load Image","C:\Program Files\ZCode\dxcompiler.dll","SUCCESS","Image Base: 0x7ffa8b360000, Image Size: 0x1885000"
"15:21:00.6347114","ZCode.exe","23548","Load Image","C:\Windows\System32\oleaut32.dll","SUCCESS","Image Base: 0x7ffb0bca0000, Image Size: 0xd9000"
"15:21:00.6349240","ZCode.exe","23548","CloseFile","C:\Program Files\ZCode\dxcompiler.dll","SUCCESS",""
"15:21:00.6351694","ZCode.exe","23548","RegQueryKey","HKLM","SUCCESS","Query: HandleTags, HandleTags: 0x0"
"15:21:00.6352008","ZCode.exe","23548","RegOpenKey","HKLM\SOFTWARE\Microsoft\OLEAUT","NAME NOT FOUND","Desired Access: Query Value"
"15:21:00.6362428","ZCode.exe","23548","Thread Create","","SUCCESS","Thread ID: 24652"
"15:21:00.6362943","ZCode.exe","23548","Thread Create","","SUCCESS","Thread ID: 23508"
"15:21:00.6363279","ZCode.exe","23548","Thread Create","","SUCCESS","Thread ID: 18532"
"15:21:00.6363688","ZCode.exe","23548","Thread Create","","SUCCESS","Thread ID: 24452"
"15:21:00.6364773","ZCode.exe","23548","Thread Create","","SUCCESS","Thread ID: 1692"
"15:21:00.6369888","ZCode.exe","23548","Thread Create","","SUCCESS","Thread ID: 12552"
"15:21:00.6375140","ZCode.exe","23548","CreateFile","C:\Program Files\ZCode","SUCCESS","Desired Access: Execute/Traverse, Synchronize, Disposition: Open, Options: Directory, Synchronous IO Non-Alert, Attributes: n/a, ShareMode: Read, Write, AllocationSize: n/a, OpenResult: Opened"
"15:21:00.6375577","ZCode.exe","23548","CloseFile","C:\Program Files\ZCode","SUCCESS",""
"15:21:00.6379216","ZCode.exe","23548","CreateFile","C:\Program Files\ZCode\d3d12.dll","NAME NOT FOUND","Desired Access: Read Attributes, Disposition: Open, Options: Open Reparse Point, Attributes: n/a, ShareMode: Read, Write, Delete, AllocationSize: n/a"
"15:21:00.6381406","ZCode.exe","23548","CreateFile","C:\Windows\System32\D3D12.dll","SUCCESS","Desired Access: Read Attributes, Disposition: Open, Options: Open Reparse Point, Attributes: n/a, ShareMode: Read, Write, Delete, AllocationSize: n/a, OpenResult: Opened"
"15:21:00.6381780","ZCode.exe","23548","QueryBasicInformationFile","C:\Windows\System32\D3D12.dll","SUCCESS","CreationTime: 24-06-2026 11:34:01, LastAccessTime: 26-06-2026 15:14:03, LastWriteTime: 24-06-2026 11:34:01, ChangeTime: 24-06-2026 21:40:52, FileAttributes: A"
"15:21:00.6381886","ZCode.exe","23548","CloseFile","C:\Windows\System32\D3D12.dll","SUCCESS",""
"15:21:00.6382907","ZCode.exe","23548","CreateFile","C:\Windows\System32\D3D12.dll","SUCCESS","Desired Access: Read Data/List Directory, Execute/Traverse, Synchronize, Disposition: Open, Options: Synchronous IO Non-Alert, Non-Directory File, Attributes: n/a, ShareMode: Read, Delete, AllocationSize: n/a, OpenResult: Opened"
"15:21:00.6383353","ZCode.exe","23548","CreateFileMapping","C:\Windows\System32\D3D12.dll","FILE LOCKED WITH ONLY READERS","SyncType: SyncTypeCreateSection, PageProtection: PAGE_EXECUTE"
"15:21:00.6383603","ZCode.exe","23548","CreateFileMapping","C:\Windows\System32\D3D12.dll","SUCCESS","SyncType: SyncTypeOther"
"15:21:00.6384645","ZCode.exe","23548","Load Image","C:\Windows\System32\D3D12.dll","SUCCESS","Image Base: 0x7ffae2c90000, Image Size: 0x23000"
"15:21:00.6385928","ZCode.exe","23548","CloseFile","C:\Windows\System32\D3D12.dll","SUCCESS",""
"15:21:00.6388759","ZCode.exe","23548","RegQueryKey","HKCU","SUCCESS","Query: HandleTags, HandleTags: 0x0"
"15:21:00.6388965","ZCode.exe","23548","RegOpenKey","HKCU\Software\Microsoft\DirectX\UserGpuPreferences","NAME NOT FOUND","Desired Access: Read"
"15:21:00.6394684","ZCode.exe","23548","CreateFile","C:\Windows\System32\DriverStore\FileRepository\iigd_dch.inf_amd64_890d8eaa182f97be\igdumdim64.dll","SUCCESS","Desired Access: Read Attributes, Disposition: Open, Options: Open Reparse Point, Attributes: n/a, ShareMode: Read, Write, Delete, AllocationSize: n/a, OpenResult: Opened"
"15:21:00.6395118","ZCode.exe","23548","QueryBasicInformationFile","C:\Windows\System32\DriverStore\FileRepository\iigd_dch.inf_amd64_890d8eaa182f97be\igdumdim64.dll","SUCCESS","CreationTime: 28-04-2026 17:23:45, LastAccessTime: 26-06-2026 15:19:00, LastWriteTime: 11-02-2026 19:31:40, ChangeTime: 29-05-2026 11:22:52, FileAttributes: A"
"15:21:00.6395250","ZCode.exe","23548","CloseFile","C:\Windows\System32\DriverStore\FileRepository\iigd_dch.inf_amd64_890d8eaa182f97be\igdumdim64.dll","SUCCESS",""
"15:21:00.6396479","ZCode.exe","23548","CreateFile","C:\Windows\System32\DriverStore\FileRepository\iigd_dch.inf_amd64_890d8eaa182f97be\igdumdim64.dll","SUCCESS","Desired Access: Generic Read/Execute, Disposition: Open, Options: Synchronous IO Non-Alert, Non-Directory File, Attributes: n/a, ShareMode: Read, Delete, AllocationSize: n/a, OpenResult: Opened"
"15:21:00.6396796","ZCode.exe","23548","CreateFileMapping","C:\Windows\System32\DriverStore\FileRepository\iigd_dch.inf_amd64_890d8eaa182f97be\igdumdim64.dll","FILE LOCKED WITH ONLY READERS","SyncType: SyncTypeCreateSection, PageProtection: PAGE_READONLY"
"15:21:00.6397732","ZCode.exe","23548","CreateFileMapping","C:\Windows\System32\DriverStore\FileRepository\iigd_dch.inf_amd64_890d8eaa182f97be\igdumdim64.dll","SUCCESS","SyncType: SyncTypeOther"
"15:21:00.6398119","ZCode.exe","23548","CloseFile","C:\Windows\System32\DriverStore\FileRepository\iigd_dch.inf_amd64_890d8eaa182f97be\igdumdim64.dll","SUCCESS",""
"15:21:00.6400792","ZCode.exe","23548","CreateFile","C:\Windows\System32\DriverStore\FileRepository\iigd_dch.inf_amd64_890d8eaa182f97be\igdumdim64.dll","SUCCESS","Desired Access: Read Attributes, Disposition: Open, Options: Open Reparse Point, Attributes: n/a, ShareMode: Read, Write, Delete, AllocationSize: n/a, OpenResult: Opened"
"15:21:00.6401110","ZCode.exe","23548","QueryBasicInformationFile","C:\Windows\System32\DriverStore\FileRepository\iigd_dch.inf_amd64_890d8eaa182f97be\igdumdim64.dll","SUCCESS","CreationTime: 28-04-2026 17:23:45, LastAccessTime: 26-06-2026 15:21:00, LastWriteTime: 11-02-2026 19:31:40, ChangeTime: 29-05-2026 11:22:52, FileAttributes: A"
"15:21:00.6401247","ZCode.exe","23548","CloseFile","C:\Windows\System32\DriverStore\FileRepository\iigd_dch.inf_amd64_890d8eaa182f97be\igdumdim64.dll","SUCCESS",""
"15:21:00.6402913","ZCode.exe","23548","CreateFile","C:\Windows\System32\DriverStore\FileRepository\iigd_dch.inf_amd64_890d8eaa182f97be\igdumdim64.dll","SUCCESS","Desired Access: Generic Read/Execute, Disposition: Open, Options: Synchronous IO Non-Alert, Non-Directory File, Attributes: n/a, ShareMode: Read, Delete, AllocationSize: n/a, OpenResult: Opened"
"15:21:00.6403264","ZCode.exe","23548","CreateFileMapping","C:\Windows\System32\DriverStore\FileRepository\iigd_dch.inf_amd64_890d8eaa182f97be\igdumdim64.dll","FILE LOCKED WITH ONLY READERS","SyncType: SyncTypeCreateSection, PageProtection: PAGE_READONLY"
"15:21:00.6404157","ZCode.exe","23548","CreateFileMapping","C:\Windows\System32\DriverStore\FileRepository\iigd_dch.inf_amd64_890d8eaa182f97be\igdumdim64.dll","SUCCESS","SyncType: SyncTypeOther"
"15:21:00.6404751","ZCode.exe","23548","CloseFile","C:\Windows\System32\DriverStore\FileRepository\iigd_dch.inf_amd64_890d8eaa182f97be\igdumdim64.dll","SUCCESS",""
"15:21:00.6408081","ZCode.exe","23548","CreateFile","C:\Windows\System32\D3D12Core.dll","SUCCESS","Desired Access: Read Attributes, Disposition: Open, Options: Open Reparse Point, Attributes: n/a, ShareMode: Read, Write, Delete, AllocationSize: n/a, OpenResult: Opened"
"15:21:00.6408648","ZCode.exe","23548","QueryBasicInformationFile","C:\Windows\System32\D3D12Core.dll","SUCCESS","CreationTime: 24-06-2026 11:34:01, LastAccessTime: 26-06-2026 13:04:03, LastWriteTime: 24-06-2026 11:34:02, ChangeTime: 24-06-2026 21:41:36, FileAttributes: A"
"15:21:00.6408833","ZCode.exe","23548","CloseFile","C:\Windows\System32\D3D12Core.dll","SUCCESS",""
"15:21:00.6409999","ZCode.exe","23548","CreateFile","C:\Windows\System32\D3D12Core.dll","SUCCESS","Desired Access: Read Data/List Directory, Execute/Traverse, Synchronize, Disposition: Open, Options: Synchronous IO Non-Alert, Non-Directory File, Attributes: n/a, ShareMode: Read, Delete, AllocationSize: n/a, OpenResult: Opened"
"15:21:00.6410286","ZCode.exe","23548","CreateFileMapping","C:\Windows\System32\D3D12Core.dll","FILE LOCKED WITH ONLY READERS","SyncType: SyncTypeCreateSection, PageProtection: PAGE_EXECUTE"
"15:21:00.6417021","ZCode.exe","23548","CreateFileMapping","C:\Windows\System32\D3D12Core.dll","SUCCESS","SyncType: SyncTypeOther"
"15:21:00.6418252","ZCode.exe","23548","Load Image","C:\Windows\System32\D3D12Core.dll","SUCCESS","Image Base: 0x7ffadd0a0000, Image Size: 0x357000"
"15:21:00.6420984","ZCode.exe","23548","CloseFile","C:\Windows\System32\D3D12Core.dll","SUCCESS",""
"15:21:00.6424146","ZCode.exe","23548","RegQueryValue","HKLM\System\CurrentControlSet\Control\WMI\Security\1f132a04-5c61-573f-d2ed-35a7e77c281c","NAME NOT FOUND","Length: 528"
"15:21:00.6425196","ZCode.exe","23548","RegQueryValue","HKLM\System\CurrentControlSet\Control\WMI\Security\82fe78cc-ff52-4e2f-a7bb-5c90636d14ba","NAME NOT FOUND","Length: 528"
"15:21:00.6426115","ZCode.exe","23548","RegOpenKey","HKLM\SOFTWARE\Policies\Microsoft\Windows\Appx","SUCCESS","Desired Access: Read"
"15:21:00.6426650","ZCode.exe","23548","RegQueryValue","HKLM\SOFTWARE\Policies\Microsoft\Windows\Appx\AllowDevelopmentWithoutDevLicense","NAME NOT FOUND","Length: 24"
"15:21:00.6426833","ZCode.exe","23548","RegCloseKey","HKLM\SOFTWARE\Policies\Microsoft\Windows\Appx","SUCCESS",""
"15:21:00.6427065","ZCode.exe","23548","RegOpenKey","HKLM\SOFTWARE\Microsoft\Windows\CurrentVersion\AppModelUnlock","SUCCESS","Desired Access: Read"
"15:21:00.6427395","ZCode.exe","23548","RegQueryValue","HKLM\SOFTWARE\Microsoft\Windows\CurrentVersion\AppModelUnlock\AllowDevelopmentWithoutDevLicense","NAME NOT FOUND","Length: 24"
"15:21:00.6427548","ZCode.exe","23548","RegCloseKey","HKLM\SOFTWARE\Microsoft\Windows\CurrentVersion\AppModelUnlock","SUCCESS",""
"15:21:00.6429453","ZCode.exe","23548","ReadFile","C:\Windows\System32\D3D12Core.dll","SUCCESS","Offset: 3051520, Length: 4096, I/O Flags: Non-cached, Paging I/O, Synchronous Paging I/O, Priority: Normal"
"15:21:00.6433890","ZCode.exe","23548","CreateFile","C:\Program Files\ZCode\ZCode.exe","SUCCESS","Desired Access: Generic Read, Disposition: Open, Options: Synchronous IO Non-Alert, Non-Directory File, Attributes: N, ShareMode: Read, Write, Delete, AllocationSize: n/a, OpenResult: Opened"
"15:21:00.6434348","ZCode.exe","23548","QueryStandardInformationFile","C:\Program Files\ZCode\ZCode.exe","SUCCESS","AllocationSize: 222867456, EndOfFile: 222866328, NumberOfLinks: 1, DeletePending: False, Directory: False"
"15:21:00.6434520","ZCode.exe","23548","CloseFile","C:\Program Files\ZCode\ZCode.exe","SUCCESS",""
"15:21:00.6435439","ZCode.exe","23548","RegQueryKey","HKCU","SUCCESS","Query: HandleTags, HandleTags: 0x0"
"15:21:00.6435696","ZCode.exe","23548","RegOpenKey","HKCU\Software\Microsoft\Direct3D\Direct3D12","NAME NOT FOUND","Desired Access: Read"
"15:21:00.6435911","ZCode.exe","23548","RegQueryKey","HKLM","SUCCESS","Query: HandleTags, HandleTags: 0x0"
"15:21:00.6436063","ZCode.exe","23548","RegOpenKey","HKLM\Software\Microsoft\Direct3D\Direct3D12","NAME NOT FOUND","Desired Access: Read"
"15:21:00.6440308","ZCode.exe","23548","RegOpenKey","HKLM\System\CurrentControlSet\Control\Class\{4d36e968-e325-11ce-bfc1-08002be10318}\0000","SUCCESS","Desired Access: Read, Maximum Allowed"
"15:21:00.6440598","ZCode.exe","23548","RegQueryValue","HKLM\System\CurrentControlSet\Control\Class\{4d36e968-e325-11ce-bfc1-08002be10318}\0000\DXCoreAttributes","BUFFER OVERFLOW","Length: 134"
"15:21:00.6440823","ZCode.exe","23548","RegQueryValue","HKLM\System\CurrentControlSet\Control\Class\{4d36e968-e325-11ce-bfc1-08002be10318}\0000\DXCoreAttributes","SUCCESS","Type: REG_MULTI_SZ, Length: 470, Data: {B69EB219-3DED-4464-979F-A00BD4687006}, {248E2800-A793-4724-ABAA-23A6DE1BE090}, {8C47866B-7583-450D-F0F0-6BADA895AF4B}, {0C9ECE4D-2F6E-4F01-8C96-E89E331B47B1}, {B71B0D41-1088-422F-A27C-0250B7D3A988}, {8EB2C848-82F6-4B49-AA87-AECFCF0174C6}"
"15:21:00.6441019","ZCode.exe","23548","RegQueryValue","HKLM\System\CurrentControlSet\Control\Class\{4d36e968-e325-11ce-bfc1-08002be10318}\0000\DXCoreAttributes","SUCCESS","Type: REG_MULTI_SZ, Length: 470, Data: {B69EB219-3DED-4464-979F-A00BD4687006}, {248E2800-A793-4724-ABAA-23A6DE1BE090}, {8C47866B-7583-450D-F0F0-6BADA895AF4B}, {0C9ECE4D-2F6E-4F01-8C96-E89E331B47B1}, {B71B0D41-1088-422F-A27C-0250B7D3A988}, {8EB2C848-82F6-4B49-AA87-AECFCF0174C6}"
"15:21:00.6441293","ZCode.exe","23548","RegCloseKey","HKLM\System\CurrentControlSet\Control\Class\{4d36e968-e325-11ce-bfc1-08002be10318}\0000","SUCCESS",""
"15:21:00.6441877","ZCode.exe","23548","RegOpenKey","HKLM\System\CurrentControlSet\Control\Class\{4d36e968-e325-11ce-bfc1-08002be10318}\0000","SUCCESS","Desired Access: Read, Maximum Allowed"
"15:21:00.6442347","ZCode.exe","23548","RegQueryValue","HKLM\System\CurrentControlSet\Control\Class\{4d36e968-e325-11ce-bfc1-08002be10318}\0000\DXCoreAttributes","BUFFER OVERFLOW","Length: 134"
"15:21:00.6442879","ZCode.exe","23548","RegQueryValue","HKLM\System\CurrentControlSet\Control\Class\{4d36e968-e325-11ce-bfc1-08002be10318}\0000\DXCoreAttributes","SUCCESS","Type: REG_MULTI_SZ, Length: 470, Data: {B69EB219-3DED-4464-979F-A00BD4687006}, {248E2800-A793-4724-ABAA-23A6DE1BE090}, {8C47866B-7583-450D-F0F0-6BADA895AF4B}, {0C9ECE4D-2F6E-4F01-8C96-E89E331B47B1}, {B71B0D41-1088-422F-A27C-0250B7D3A988}, {8EB2C848-82F6-4B49-AA87-AECFCF0174C6}"
"15:21:00.6443237","ZCode.exe","23548","RegQueryValue","HKLM\System\CurrentControlSet\Control\Class\{4d36e968-e325-11ce-bfc1-08002be10318}\0000\DXCoreAttributes","SUCCESS","Type: REG_MULTI_SZ, Length: 470, Data: {B69EB219-3DED-4464-979F-A00BD4687006}, {248E2800-A793-4724-ABAA-23A6DE1BE090}, {8C47866B-7583-450D-F0F0-6BADA895AF4B}, {0C9ECE4D-2F6E-4F01-8C96-E89E331B47B1}, {B71B0D41-1088-422F-A27C-0250B7D3A988}, {8EB2C848-82F6-4B49-AA87-AECFCF0174C6}"
"15:21:00.6443414","ZCode.exe","23548","RegCloseKey","HKLM\System\CurrentControlSet\Control\Class\{4d36e968-e325-11ce-bfc1-08002be10318}\0000","SUCCESS",""
"15:21:00.6444990","ZCode.exe","23548","RegOpenKey","HKLM\System\CurrentControlSet\Services\BasicRender","SUCCESS","Desired Access: Read, Maximum Allowed"
"15:21:00.6445714","ZCode.exe","23548","RegQueryValue","HKLM\System\CurrentControlSet\Services\BasicRender\DXCoreAttributes","NAME NOT FOUND","Length: 134"
"15:21:00.6446722","ZCode.exe","23548","RegCloseKey","HKLM\System\CurrentControlSet\Services\BasicRender","SUCCESS",""
"15:21:00.6447267","ZCode.exe","23548","RegOpenKey","HKLM\System\CurrentControlSet\Services\BasicRender","SUCCESS","Desired Access: Read, Maximum Allowed"
"15:21:00.6447535","ZCode.exe","23548","RegQueryValue","HKLM\System\CurrentControlSet\Services\BasicRender\DXAttributes","NAME NOT FOUND","Length: 134"
"15:21:00.6447709","ZCode.exe","23548","RegCloseKey","HKLM\System\CurrentControlSet\Services\BasicRender","SUCCESS",""
"15:21:00.6448855","ZCode.exe","23548","RegQueryKey","HKCU","SUCCESS","Query: HandleTags, HandleTags: 0x0"
"15:21:00.6449021","ZCode.exe","23548","RegOpenKey","HKCU\Software\Microsoft\DirectX\UserGpuPreferences","NAME NOT FOUND","Desired Access: Read"
"15:21:00.6458104","ZCode.exe","23548","RegQueryKey","HKLM","SUCCESS","Query: HandleTags, HandleTags: 0x0"
"15:21:00.6458633","ZCode.exe","23548","RegOpenKey","HKLM\Software\Microsoft\DirectX\{5D511F2A-3765-11F0-97F6-806E6F6E6963}","SUCCESS","Desired Access: Read"
"15:21:00.6459532","ZCode.exe","23548","RegSetInfoKey","HKLM\SOFTWARE\Microsoft\DirectX\{5D511F2A-3765-11F0-97F6-806E6F6E6963}","SUCCESS","KeySetInformationClass: KeySetHandleTagsInformation, Length: 0"
"15:21:00.6460387","ZCode.exe","23548","RegQueryValue","HKLM\SOFTWARE\Microsoft\DirectX\{5D511F2A-3765-11F0-97F6-806E6F6E6963}\AdapterFamily","NAME NOT FOUND","Length: 12"
"15:21:00.6461501","ZCode.exe","23548","RegCloseKey","HKLM\SOFTWARE\Microsoft\DirectX\{5D511F2A-3765-11F0-97F6-806E6F6E6963}","SUCCESS",""
"15:21:00.6464258","ZCode.exe","23548","CreateFile","C:\Windows\System32\DriverStore\FileRepository\iigd_dch.inf_amd64_890d8eaa182f97be\igd12umd64.dll","SUCCESS","Desired Access: Read Attributes, Disposition: Open, Options: Open Reparse Point, Attributes: n/a, ShareMode: Read, Write, Delete, AllocationSize: n/a, OpenResult: Opened"
"15:21:00.6464690","ZCode.exe","23548","QueryBasicInformationFile","C:\Windows\System32\DriverStore\FileRepository\iigd_dch.inf_amd64_890d8eaa182f97be\igd12umd64.dll","SUCCESS","CreationTime: 28-04-2026 17:23:45, LastAccessTime: 26-06-2026 13:04:03, LastWriteTime: 11-02-2026 19:31:14, ChangeTime: 29-05-2026 09:01:02, FileAttributes: A"
"15:21:00.6464855","ZCode.exe","23548","CloseFile","C:\Windows\System32\DriverStore\FileRepository\iigd_dch.inf_amd64_890d8eaa182f97be\igd12umd64.dll","SUCCESS",""
"15:21:00.6466343","ZCode.exe","23548","CreateFile","C:\Windows\System32\DriverStore\FileRepository\iigd_dch.inf_amd64_890d8eaa182f97be\igd12umd64.dll","SUCCESS","Desired Access: Read Data/List Directory, Execute/Traverse, Synchronize, Disposition: Open, Options: Synchronous IO Non-Alert, Non-Directory File, Attributes: n/a, ShareMode: Read, Delete, AllocationSize: n/a, OpenResult: Opened"
"15:21:00.6466744","ZCode.exe","23548","CreateFileMapping","C:\Windows\System32\DriverStore\FileRepository\iigd_dch.inf_amd64_890d8eaa182f97be\igd12umd64.dll","FILE LOCKED WITH ONLY READERS","SyncType: SyncTypeCreateSection, PageProtection: PAGE_EXECUTE"
"15:21:00.6467589","ZCode.exe","23548","CreateFileMapping","C:\Windows\System32\DriverStore\FileRepository\iigd_dch.inf_amd64_890d8eaa182f97be\igd12umd64.dll","SUCCESS","SyncType: SyncTypeOther"
"15:21:00.6468828","ZCode.exe","23548","Load Image","C:\Windows\System32\DriverStore\FileRepository\iigd_dch.inf_amd64_890d8eaa182f97be\igd12umd64.dll","SUCCESS","Image Base: 0x7ffadd830000, Image Size: 0x72000"
"15:21:00.6470195","ZCode.exe","23548","CloseFile","C:\Windows\System32\DriverStore\FileRepository\iigd_dch.inf_amd64_890d8eaa182f97be\igd12umd64.dll","SUCCESS",""
"15:21:00.6475950","ZCode.exe","23548","RegOpenKey","HKLM\System\CurrentControlSet\Enum\PCI\VEN_8086&DEV_9A49&SUBSYS_0A201028&REV_01\3&11583659&0&10","SUCCESS","Desired Access: Query Value, Maximum Allowed"
"15:21:00.6476316","ZCode.exe","23548","RegOpenKey","HKLM\System\CurrentControlSet\Enum\PCI\VEN_8086&DEV_9A49&SUBSYS_0A201028&REV_01\3&11583659&0&10\Properties\{83da6326-97a6-4088-9453-a1923f573b29}\0009","SUCCESS","Desired Access: Query Value"
"15:21:00.6476579","ZCode.exe","23548","RegQueryValue","HKLM\System\CurrentControlSet\Enum\PCI\VEN_8086&DEV_9A49&SUBSYS_0A201028&REV_01\3&11583659&0&10\Properties\{83da6326-97a6-4088-9453-a1923f573b29}\0009\(Default)","NAME NOT FOUND","Length: 140"
"15:21:00.6476754","ZCode.exe","23548","RegCloseKey","HKLM\System\CurrentControlSet\Enum\PCI\VEN_8086&DEV_9A49&SUBSYS_0A201028&REV_01\3&11583659&0&10\Properties\{83da6326-97a6-4088-9453-a1923f573b29}\0009","SUCCESS",""
"15:21:00.6476913","ZCode.exe","23548","RegCloseKey","HKLM\System\CurrentControlSet\Enum\PCI\VEN_8086&DEV_9A49&SUBSYS_0A201028&REV_01\3&11583659&0&10","SUCCESS",""
"15:21:00.6480066","ZCode.exe","23548","CreateFile","C:\Windows\System32\DriverStore\FileRepository\iigd_dch.inf_amd64_890d8eaa182f97be\igdext64.dll","SUCCESS","Desired Access: Read Attributes, Disposition: Open, Options: Open Reparse Point, Attributes: n/a, ShareMode: Read, Write, Delete, AllocationSize: n/a, OpenResult: Opened"
"15:21:00.6480610","ZCode.exe","23548","QueryNetworkOpenInformationFile","C:\Windows\System32\DriverStore\FileRepository\iigd_dch.inf_amd64_890d8eaa182f97be\igdext64.dll","SUCCESS","CreationTime: 28-04-2026 17:23:45, LastAccessTime: 26-06-2026 13:04:03, LastWriteTime: 11-02-2026 19:31:26, ChangeTime: 29-05-2026 09:01:02, AllocationSize: 01-01-1601 05:30:00, EndOfFile: 01-01-1601 05:30:00, FileAttributes: A"
"15:21:00.6480926","ZCode.exe","23548","CloseFile","C:\Windows\System32\DriverStore\FileRepository\iigd_dch.inf_amd64_890d8eaa182f97be\igdext64.dll","SUCCESS",""
"15:21:00.6483602","ZCode.exe","23548","CreateFile","C:\Windows\System32\DriverStore\FileRepository\iigd_dch.inf_amd64_890d8eaa182f97be\igdext64.dll","SUCCESS","Desired Access: Read Attributes, Disposition: Open, Options: Open Reparse Point, Attributes: n/a, ShareMode: Read, Write, Delete, AllocationSize: n/a, OpenResult: Opened"
"15:21:00.6484159","ZCode.exe","23548","QueryBasicInformationFile","C:\Windows\System32\DriverStore\FileRepository\iigd_dch.inf_amd64_890d8eaa182f97be\igdext64.dll","SUCCESS","CreationTime: 28-04-2026 17:23:45, LastAccessTime: 26-06-2026 13:04:03, LastWriteTime: 11-02-2026 19:31:26, ChangeTime: 29-05-2026 09:01:02, FileAttributes: A"
"15:21:00.6484327","ZCode.exe","23548","CloseFile","C:\Windows\System32\DriverStore\FileRepository\iigd_dch.inf_amd64_890d8eaa182f97be\igdext64.dll","SUCCESS",""
"15:21:00.6485549","ZCode.exe","23548","CreateFile","C:\Windows\System32\DriverStore\FileRepository\iigd_dch.inf_amd64_890d8eaa182f97be\igdext64.dll","SUCCESS","Desired Access: Read Data/List Directory, Execute/Traverse, Synchronize, Disposition: Open, Options: Synchronous IO Non-Alert, Non-Directory File, Attributes: n/a, ShareMode: Read, Delete, AllocationSize: n/a, OpenResult: Opened"
"15:21:00.6485872","ZCode.exe","23548","CreateFileMapping","C:\Windows\System32\DriverStore\FileRepository\iigd_dch.inf_amd64_890d8eaa182f97be\igdext64.dll","FILE LOCKED WITH ONLY READERS","SyncType: SyncTypeCreateSection, PageProtection: PAGE_EXECUTE"
"15:21:00.6486563","ZCode.exe","23548","CreateFileMapping","C:\Windows\System32\DriverStore\FileRepository\iigd_dch.inf_amd64_890d8eaa182f97be\igdext64.dll","SUCCESS","SyncType: SyncTypeOther"
"15:21:00.6487385","ZCode.exe","23548","Load Image","C:\Windows\System32\DriverStore\FileRepository\iigd_dch.inf_amd64_890d8eaa182f97be\igdext64.dll","SUCCESS","Image Base: 0x7ffadd7a0000, Image Size: 0x83000"
"15:21:00.6488689","ZCode.exe","23548","CloseFile","C:\Windows\System32\DriverStore\FileRepository\iigd_dch.inf_amd64_890d8eaa182f97be\igdext64.dll","SUCCESS",""
"15:21:00.6496642","ZCode.exe","23548","CreateFile","C:\Windows\System32\DriverStore\FileRepository\iigd_dch.inf_amd64_890d8eaa182f97be\igd12um64xel.dll","SUCCESS","Desired Access: Read Attributes, Disposition: Open, Options: Open Reparse Point, Attributes: n/a, ShareMode: Read, Write, Delete, AllocationSize: n/a, OpenResult: Opened"
"15:21:00.6497069","ZCode.exe","23548","QueryBasicInformationFile","C:\Windows\System32\DriverStore\FileRepository\iigd_dch.inf_amd64_890d8eaa182f97be\igd12um64xel.dll","SUCCESS","CreationTime: 28-04-2026 17:23:44, LastAccessTime: 26-06-2026 13:04:03, LastWriteTime: 11-02-2026 19:31:12, ChangeTime: 29-05-2026 09:01:03, FileAttributes: A"
"15:21:00.6497274","ZCode.exe","23548","CloseFile","C:\Windows\System32\DriverStore\FileRepository\iigd_dch.inf_amd64_890d8eaa182f97be\igd12um64xel.dll","SUCCESS",""
"15:21:00.6498606","ZCode.exe","23548","CreateFile","C:\Windows\System32\DriverStore\FileRepository\iigd_dch.inf_amd64_890d8eaa182f97be\igd12um64xel.dll","SUCCESS","Desired Access: Read Data/List Directory, Execute/Traverse, Synchronize, Disposition: Open, Options: Synchronous IO Non-Alert, Non-Directory File, Attributes: n/a, ShareMode: Read, Delete, AllocationSize: n/a, OpenResult: Opened"
"15:21:00.6498997","ZCode.exe","23548","CreateFileMapping","C:\Windows\System32\DriverStore\FileRepository\iigd_dch.inf_amd64_890d8eaa182f97be\igd12um64xel.dll","FILE LOCKED WITH ONLY READERS","SyncType: SyncTypeCreateSection, PageProtection: PAGE_EXECUTE"
"15:21:00.6505273","ZCode.exe","23548","CreateFileMapping","C:\Windows\System32\DriverStore\FileRepository\iigd_dch.inf_amd64_890d8eaa182f97be\igd12um64xel.dll","SUCCESS","SyncType: SyncTypeOther"
"15:21:00.6507105","ZCode.exe","23548","Load Image","C:\Windows\System32\DriverStore\FileRepository\iigd_dch.inf_amd64_890d8eaa182f97be\igd12um64xel.dll","SUCCESS","Image Base: 0x7ffa88c00000, Image Size: 0x22db000"
"15:21:00.6508170","ZCode.exe","23548","CloseFile","C:\Windows\System32\DriverStore\FileRepository\iigd_dch.inf_amd64_890d8eaa182f97be\igd12um64xel.dll","SUCCESS",""
"15:21:00.6510143","ZCode.exe","23548","CreateFile","C:\Program Files\ZCode\bcrypt.dll","NAME NOT FOUND","Desired Access: Read Attributes, Disposition: Open, Options: Open Reparse Point, Attributes: n/a, ShareMode: Read, Write, Delete, AllocationSize: n/a"
"15:21:00.6512097","ZCode.exe","23548","CreateFile","C:\Windows\System32\bcrypt.dll","SUCCESS","Desired Access: Read Attributes, Disposition: Open, Options: Open Reparse Point, Attributes: n/a, ShareMode: Read, Write, Delete, AllocationSize: n/a, OpenResult: Opened"
"15:21:00.6512521","ZCode.exe","23548","QueryBasicInformationFile","C:\Windows\System32\bcrypt.dll","SUCCESS","CreationTime: 24-06-2026 11:33:56, LastAccessTime: 26-06-2026 15:20:52, LastWriteTime: 24-06-2026 11:33:56, ChangeTime: 24-06-2026 16:31:20, FileAttributes: A"
"15:21:00.6512621","ZCode.exe","23548","CloseFile","C:\Windows\System32\bcrypt.dll","SUCCESS",""
"15:21:00.6513638","ZCode.exe","23548","CreateFile","C:\Windows\System32\bcrypt.dll","SUCCESS","Desired Access: Read Data/List Directory, Execute/Traverse, Synchronize, Disposition: Open, Options: Synchronous IO Non-Alert, Non-Directory File, Attributes: n/a, ShareMode: Read, Delete, AllocationSize: n/a, OpenResult: Opened"
"15:21:00.6513984","ZCode.exe","23548","CreateFileMapping","C:\Windows\System32\bcrypt.dll","FILE LOCKED WITH ONLY READERS","SyncType: SyncTypeCreateSection, PageProtection: PAGE_EXECUTE"
"15:21:00.6514202","ZCode.exe","23548","CreateFileMapping","C:\Windows\System32\bcrypt.dll","SUCCESS","SyncType: SyncTypeOther"
"15:21:00.6515034","ZCode.exe","23548","Load Image","C:\Windows\System32\bcrypt.dll","SUCCESS","Image Base: 0x7ffb09e30000, Image Size: 0x2a000"
"15:21:00.6516223","ZCode.exe","23548","CloseFile","C:\Windows\System32\bcrypt.dll","SUCCESS",""
"15:21:00.6532060","ZCode.exe","23548","QueryNameInformationFile","C:\Program Files\ZCode\ZCode.exe","SUCCESS","Name: \Program Files\ZCode\ZCode.exe"
"15:21:00.6532654","ZCode.exe","23548","QueryNameInformationFile","C:\Windows\System32\bcrypt.dll","SUCCESS","Name: \Windows\System32\bcrypt.dll"
"15:21:00.6555454","ZCode.exe","23548","CreateFile","C:\Windows\System32\DriverStore\FileRepository\iigd_dch.inf_amd64_890d8eaa182f97be\igdext64.dll","SUCCESS","Desired Access: Read Attributes, Disposition: Open, Options: Open Reparse Point, Attributes: n/a, ShareMode: Read, Write, Delete, AllocationSize: n/a, OpenResult: Opened"
"15:21:00.6555926","ZCode.exe","23548","QueryNetworkOpenInformationFile","C:\Windows\System32\DriverStore\FileRepository\iigd_dch.inf_amd64_890d8eaa182f97be\igdext64.dll","SUCCESS","CreationTime: 28-04-2026 17:23:45, LastAccessTime: 26-06-2026 15:21:00, LastWriteTime: 11-02-2026 19:31:26, ChangeTime: 29-05-2026 09:01:02, AllocationSize: 01-01-1601 05:30:00, EndOfFile: 01-01-1601 05:30:00, FileAttributes: A"
"15:21:00.6556101","ZCode.exe","23548","CloseFile","C:\Windows\System32\DriverStore\FileRepository\iigd_dch.inf_amd64_890d8eaa182f97be\igdext64.dll","SUCCESS",""
"15:21:00.6583334","ZCode.exe","23548","RegQueryKey","HKCU","SUCCESS","Query: HandleTags, HandleTags: 0x0"
"15:21:00.6583551","ZCode.exe","23548","RegOpenKey","HKCU\SOFTWARE\INTEL\IGFX\DAIL\","NAME NOT FOUND","Desired Access: Read"
"15:21:00.6584597","ZCode.exe","23548","RegQueryKey","HKLM","SUCCESS","Query: HandleTags, HandleTags: 0x0"
"15:21:00.6585398","ZCode.exe","23548","RegOpenKey","HKLM\Software\Intel\Display\igfxcui\3D","NAME NOT FOUND","Desired Access: Read"
"15:21:00.6586616","ZCode.exe","23548","RegQueryKey","HKLM","SUCCESS","Query: HandleTags, HandleTags: 0x0"
"15:21:00.6587303","ZCode.exe","23548","RegOpenKey","HKLM\System\CurrentControlSet\CONTROL\CLASS\{4D36E968-E325-11CE-BFC1-08002BE10318}\0000","SUCCESS","Desired Access: Query Value"
"15:21:00.6587587","ZCode.exe","23548","RegQueryValue","HKLM\System\CurrentControlSet\Control\Class\{4d36e968-e325-11ce-bfc1-08002be10318}\0000\ControlApiPath","BUFFER OVERFLOW","Length: 12"
"15:21:00.6587992","ZCode.exe","23548","RegQueryValue","HKLM\System\CurrentControlSet\Control\Class\{4d36e968-e325-11ce-bfc1-08002be10318}\0000\ControlApiPath","BUFFER OVERFLOW","Length: 144"
"15:21:00.6588880","ZCode.exe","23548","RegQueryValue","HKLM\System\CurrentControlSet\Control\Class\{4d36e968-e325-11ce-bfc1-08002be10318}\0000\ControlApiPath","SUCCESS","Type: REG_SZ, Length: 206, Data: C:\WINDOWS\System32\DriverStore\FileRepository\iigd_dch.inf_amd64_890d8eaa182f97be\IntelControlLib.dll"
"15:21:00.6589694","ZCode.exe","23548","RegCloseKey","HKLM\System\CurrentControlSet\Control\Class\{4d36e968-e325-11ce-bfc1-08002be10318}\0000","SUCCESS",""
"15:21:00.6590570","ZCode.exe","23548","RegQueryKey","HKLM","SUCCESS","Query: HandleTags, HandleTags: 0x0"
"15:21:00.6591357","ZCode.exe","23548","RegOpenKey","HKLM\System\CurrentControlSet\CONTROL\CLASS\{4D36E968-E325-11CE-BFC1-08002BE10318}\0000","SUCCESS","Desired Access: Query Value"
"15:21:00.6592012","ZCode.exe","23548","RegQueryValue","HKLM\System\CurrentControlSet\Control\Class\{4d36e968-e325-11ce-bfc1-08002be10318}\0000\ControlApiPath","BUFFER OVERFLOW","Length: 116"
"15:21:00.6592979","ZCode.exe","23548","RegQueryValue","HKLM\System\CurrentControlSet\Control\Class\{4d36e968-e325-11ce-bfc1-08002be10318}\0000\ControlApiPath","BUFFER OVERFLOW","Length: 144"
"15:21:00.6593589","ZCode.exe","23548","RegQueryValue","HKLM\System\CurrentControlSet\Control\Class\{4d36e968-e325-11ce-bfc1-08002be10318}\0000\ControlApiPath","SUCCESS","Type: REG_SZ, Length: 206, Data: C:\WINDOWS\System32\DriverStore\FileRepository\iigd_dch.inf_amd64_890d8eaa182f97be\IntelControlLib.dll"
"15:21:00.6594379","ZCode.exe","23548","RegCloseKey","HKLM\System\CurrentControlSet\Control\Class\{4d36e968-e325-11ce-bfc1-08002be10318}\0000","SUCCESS",""
"15:21:00.6597788","ZCode.exe","23548","CreateFile","C:\Windows\System32\DriverStore\FileRepository\iigd_dch.inf_amd64_890d8eaa182f97be\IntelControlLib.dll","SUCCESS","Desired Access: Read Attributes, Disposition: Open, Options: Open Reparse Point, Attributes: n/a, ShareMode: Read, Write, Delete, AllocationSize: n/a, OpenResult: Opened"
"15:21:00.6598247","ZCode.exe","23548","QueryBasicInformationFile","C:\Windows\System32\DriverStore\FileRepository\iigd_dch.inf_amd64_890d8eaa182f97be\IntelControlLib.dll","SUCCESS","CreationTime: 28-04-2026 17:23:45, LastAccessTime: 26-06-2026 15:21:00, LastWriteTime: 11-02-2026 19:32:02, ChangeTime: 29-05-2026 08:59:05, FileAttributes: A"
"15:21:00.6598407","ZCode.exe","23548","CloseFile","C:\Windows\System32\DriverStore\FileRepository\iigd_dch.inf_amd64_890d8eaa182f97be\IntelControlLib.dll","SUCCESS",""
"15:21:00.6599601","ZCode.exe","23548","CreateFile","C:\Windows\System32\DriverStore\FileRepository\iigd_dch.inf_amd64_890d8eaa182f97be\IntelControlLib.dll","SUCCESS","Desired Access: Read Data/List Directory, Execute/Traverse, Synchronize, Disposition: Open, Options: Synchronous IO Non-Alert, Non-Directory File, Attributes: n/a, ShareMode: Read, Delete, AllocationSize: n/a, OpenResult: Opened"
"15:21:00.6599933","ZCode.exe","23548","CreateFileMapping","C:\Windows\System32\DriverStore\FileRepository\iigd_dch.inf_amd64_890d8eaa182f97be\IntelControlLib.dll","FILE LOCKED WITH ONLY READERS","SyncType: SyncTypeCreateSection, PageProtection: PAGE_EXECUTE"
"15:21:00.6600290","ZCode.exe","23548","CreateFileMapping","C:\Windows\System32\DriverStore\FileRepository\iigd_dch.inf_amd64_890d8eaa182f97be\IntelControlLib.dll","SUCCESS","SyncType: SyncTypeOther"
"15:21:00.6601046","ZCode.exe","23548","Load Image","C:\Windows\System32\DriverStore\FileRepository\iigd_dch.inf_amd64_890d8eaa182f97be\IntelControlLib.dll","SUCCESS","Image Base: 0x7ffacd8c0000, Image Size: 0xb2000"
"15:21:00.6601850","ZCode.exe","23548","RegOpenKey","HKLM\Software\Microsoft\Windows\CurrentVersion\SideBySide","SUCCESS","Desired Access: Read"
"15:21:00.6602277","ZCode.exe","23548","RegQueryValue","HKLM\SOFTWARE\Microsoft\Windows\CurrentVersion\SideBySide\PreferExternalManifest","NAME NOT FOUND","Length: 20"
"15:21:00.6602500","ZCode.exe","23548","RegCloseKey","HKLM\SOFTWARE\Microsoft\Windows\CurrentVersion\SideBySide","SUCCESS",""
"15:21:00.6604227","ZCode.exe","23548","CreateFile","C:\Windows\System32\DriverStore\FileRepository\iigd_dch.inf_amd64_890d8eaa182f97be\IntelControlLib.dll","SUCCESS","Desired Access: Generic Read, Disposition: Open, Options: Synchronous IO Non-Alert, Non-Directory File, Attributes: n/a, ShareMode: Read, Delete, AllocationSize: n/a, OpenResult: Opened"
"15:21:00.6607812","ZCode.exe","23548","CloseFile","C:\Windows\System32\DriverStore\FileRepository\iigd_dch.inf_amd64_890d8eaa182f97be\IntelControlLib.dll","SUCCESS",""
"15:21:00.6608882","ZCode.exe","23548","CloseFile","C:\Windows\System32\DriverStore\FileRepository\iigd_dch.inf_amd64_890d8eaa182f97be\IntelControlLib.dll","SUCCESS",""
"15:21:00.6611006","ZCode.exe","23548","CreateFile","C:\Windows\System32\d3d11.dll","SUCCESS","Desired Access: Read Attributes, Disposition: Open, Options: Open Reparse Point, Attributes: n/a, ShareMode: Read, Write, Delete, AllocationSize: n/a, OpenResult: Opened"
"15:21:00.6611528","ZCode.exe","23548","QueryBasicInformationFile","C:\Windows\System32\d3d11.dll","SUCCESS","CreationTime: 24-06-2026 11:34:01, LastAccessTime: 26-06-2026 15:21:00, LastWriteTime: 24-06-2026 11:34:01, ChangeTime: 24-06-2026 16:31:22, FileAttributes: A"
"15:21:00.6611653","ZCode.exe","23548","CloseFile","C:\Windows\System32\d3d11.dll","SUCCESS",""
"15:21:00.6612872","ZCode.exe","23548","CreateFile","C:\Windows\System32\d3d11.dll","SUCCESS","Desired Access: Read Data/List Directory, Execute/Traverse, Synchronize, Disposition: Open, Options: Synchronous IO Non-Alert, Non-Directory File, Attributes: n/a, ShareMode: Read, Delete, AllocationSize: n/a, OpenResult: Opened"
"15:21:00.6613733","ZCode.exe","23548","CreateFileMapping","C:\Windows\System32\d3d11.dll","FILE LOCKED WITH ONLY READERS","SyncType: SyncTypeCreateSection, PageProtection: PAGE_EXECUTE"
"15:21:00.6614023","ZCode.exe","23548","CreateFileMapping","C:\Windows\System32\d3d11.dll","SUCCESS","SyncType: SyncTypeOther"
"15:21:00.6615115","ZCode.exe","23548","Load Image","C:\Windows\System32\d3d11.dll","SUCCESS","Image Base: 0x7ffb02ca0000, Image Size: 0x260000"
"15:21:00.6616653","ZCode.exe","23548","CloseFile","C:\Windows\System32\d3d11.dll","SUCCESS",""
"15:21:00.6624755","ZCode.exe","23548","RegQueryKey","HKLM","SUCCESS","Query: HandleTags, HandleTags: 0x0"
"15:21:00.6625266","ZCode.exe","23548","RegOpenKey","HKLM\SOFTWARE\Intel\Display\IGCL","NAME NOT FOUND","Desired Access: Query Value"
"15:21:00.6625906","ZCode.exe","23548","RegOpenKey","HKLM\System\CurrentControlSet\Control\DeviceClasses\{1ca05180-a699-450a-9a0c-de4fbe3ddd89}","SUCCESS","Desired Access: All Access"
"15:21:00.6626355","ZCode.exe","23548","RegOpenKey","HKLM\System\CurrentControlSet\Control\DeviceClasses\{1ca05180-a699-450a-9a0c-de4fbe3ddd89}\Properties","NAME NOT FOUND","Desired Access: Query Value"
"15:21:00.6626839","ZCode.exe","23548","RegCloseKey","HKLM\System\CurrentControlSet\Control\DeviceClasses\{1ca05180-a699-450a-9a0c-de4fbe3ddd89}","SUCCESS",""
"15:21:00.6627186","ZCode.exe","23548","RegOpenKey","HKLM\System\CurrentControlSet\Control\DeviceClasses\{1ca05180-a699-450a-9a0c-de4fbe3ddd89}","SUCCESS","Desired Access: All Access"
"15:21:00.6627632","ZCode.exe","23548","RegOpenKey","HKLM\System\CurrentControlSet\Control\DeviceClasses\{1ca05180-a699-450a-9a0c-de4fbe3ddd89}\Properties","NAME NOT FOUND","Desired Access: Query Value"
"15:21:00.6628366","ZCode.exe","23548","RegCloseKey","HKLM\System\CurrentControlSet\Control\DeviceClasses\{1ca05180-a699-450a-9a0c-de4fbe3ddd89}","SUCCESS",""
"15:21:00.6628848","ZCode.exe","23548","RegOpenKey","HKLM\System\CurrentControlSet\Enum\ROOT\BASICRENDER\0000","SUCCESS","Desired Access: Query Value"
"15:21:00.6629130","ZCode.exe","23548","RegQueryValue","HKLM\System\CurrentControlSet\Enum\ROOT\BasicRender\0000\Phantom","NAME NOT FOUND","Length: 140"
"15:21:00.6629330","ZCode.exe","23548","RegCloseKey","HKLM\System\CurrentControlSet\Enum\ROOT\BasicRender\0000","SUCCESS",""
"15:21:00.6629651","ZCode.exe","23548","RegOpenKey","HKLM\System\CurrentControlSet\Enum\ROOT\BASICRENDER\0000","SUCCESS","Desired Access: Query Value, Maximum Allowed"
"15:21:00.6629984","ZCode.exe","23548","RegOpenKey","HKLM\System\CurrentControlSet\Enum\ROOT\BasicRender\0000\Properties\{a8b865dd-2e3d-4094-ad97-e593a70c75d6}\0008","SUCCESS","Desired Access: Query Value"
"15:21:00.6630335","ZCode.exe","23548","RegQueryValue","HKLM\System\CurrentControlSet\Enum\ROOT\BasicRender\0000\Properties\{a8b865dd-2e3d-4094-ad97-e593a70c75d6}\0008\(Default)","SUCCESS","Type: <Unknown: 4294901778>, Length: 34, Data: "
"15:21:00.6631126","ZCode.exe","23548","RegCloseKey","HKLM\System\CurrentControlSet\Enum\ROOT\BasicRender\0000\Properties\{a8b865dd-2e3d-4094-ad97-e593a70c75d6}\0008","SUCCESS",""
"15:21:00.6631396","ZCode.exe","23548","RegCloseKey","HKLM\System\CurrentControlSet\Enum\ROOT\BasicRender\0000","SUCCESS",""
"15:21:00.6631810","ZCode.exe","23548","RegOpenKey","HKLM\System\CurrentControlSet\Enum\PCI\VEN_8086&DEV_9A49&SUBSYS_0A201028&REV_01\3&11583659&0&10","SUCCESS","Desired Access: Query Value"
"15:21:00.6632353","ZCode.exe","23548","RegQueryValue","HKLM\System\CurrentControlSet\Enum\PCI\VEN_8086&DEV_9A49&SUBSYS_0A201028&REV_01\3&11583659&0&10\Phantom","NAME NOT FOUND","Length: 140"
"15:21:00.6632848","ZCode.exe","23548","RegCloseKey","HKLM\System\CurrentControlSet\Enum\PCI\VEN_8086&DEV_9A49&SUBSYS_0A201028&REV_01\3&11583659&0&10","SUCCESS",""
"15:21:00.6633246","ZCode.exe","23548","RegOpenKey","HKLM\System\CurrentControlSet\Enum\PCI\VEN_8086&DEV_9A49&SUBSYS_0A201028&REV_01\3&11583659&0&10","SUCCESS","Desired Access: Query Value, Maximum Allowed"
"15:21:00.6633538","ZCode.exe","23548","RegOpenKey","HKLM\System\CurrentControlSet\Enum\PCI\VEN_8086&DEV_9A49&SUBSYS_0A201028&REV_01\3&11583659&0&10\Properties\{a8b865dd-2e3d-4094-ad97-e593a70c75d6}\0008","SUCCESS","Desired Access: Query Value"
"15:21:00.6633819","ZCode.exe","23548","RegQueryValue","HKLM\System\CurrentControlSet\Enum\PCI\VEN_8086&DEV_9A49&SUBSYS_0A201028&REV_01\3&11583659&0&10\Properties\{a8b865dd-2e3d-4094-ad97-e593a70c75d6}\0008\(Default)","SUCCESS","Type: <Unknown: 4294901778>, Length: 76, Data: "
"15:21:00.6634040","ZCode.exe","23548","RegCloseKey","HKLM\System\CurrentControlSet\Enum\PCI\VEN_8086&DEV_9A49&SUBSYS_0A201028&REV_01\3&11583659&0&10\Properties\{a8b865dd-2e3d-4094-ad97-e593a70c75d6}\0008","SUCCESS",""
"15:21:00.6634211","ZCode.exe","23548","RegCloseKey","HKLM\System\CurrentControlSet\Enum\PCI\VEN_8086&DEV_9A49&SUBSYS_0A201028&REV_01\3&11583659&0&10","SUCCESS",""
"15:21:00.6635892","ZCode.exe","23548","RegOpenKey","HKLM\System\CurrentControlSet\Enum\PCI\VEN_8086&DEV_9A49&SUBSYS_0A201028&REV_01\3&11583659&0&10","SUCCESS","Desired Access: Query Value, Maximum Allowed"
"15:21:00.6636155","ZCode.exe","23548","RegQueryValue","HKLM\System\CurrentControlSet\Enum\PCI\VEN_8086&DEV_9A49&SUBSYS_0A201028&REV_01\3&11583659&0&10\Driver","SUCCESS","Type: REG_SZ, Length: 88, Data: {4d36e968-e325-11ce-bfc1-08002be10318}\0000"
"15:21:00.6636640","ZCode.exe","23548","RegCloseKey","HKLM\System\CurrentControlSet\Enum\PCI\VEN_8086&DEV_9A49&SUBSYS_0A201028&REV_01\3&11583659&0&10","SUCCESS",""
"15:21:00.6637437","ZCode.exe","23548","RegOpenKey","HKLM\System\CurrentControlSet\Control\Class\{4d36e968-e325-11ce-bfc1-08002be10318}\0000","SUCCESS","Desired Access: Read"
"15:21:00.6638151","ZCode.exe","23548","RegQueryKey","HKLM\System\CurrentControlSet\Control\Class\{4d36e968-e325-11ce-bfc1-08002be10318}\0000","SUCCESS","Query: HandleTags, HandleTags: 0x0"
"15:21:00.6639192","ZCode.exe","23548","RegSetInfoKey","HKLM\System\CurrentControlSet\Control\Class\{4d36e968-e325-11ce-bfc1-08002be10318}\0000","SUCCESS","KeySetInformationClass: KeySetHandleTagsInformation, Length: 0"
"15:21:00.6640092","ZCode.exe","23548","RegQueryValue","HKLM\System\CurrentControlSet\Control\Class\{4d36e968-e325-11ce-bfc1-08002be10318}\0000\96AF374A-219A-425c-A2D8-BCFB4FA8D266","NAME NOT FOUND","Length: 20"
"15:21:00.6641210","ZCode.exe","23548","RegCloseKey","HKLM\System\CurrentControlSet\Control\Class\{4d36e968-e325-11ce-bfc1-08002be10318}\0000","SUCCESS",""
"15:21:00.6645175","ZCode.exe","23548","CreateFile","C:\Windows\System32\DriverStore\FileRepository\iigd_dch.inf_amd64_890d8eaa182f97be\igsc.dll","NAME NOT FOUND","Desired Access: Read Attributes, Disposition: Open, Options: Open Reparse Point, Attributes: n/a, ShareMode: Read, Write, Delete, AllocationSize: n/a"
"15:21:00.6647194","ZCode.exe","23548","RegQueryKey","HKCU","SUCCESS","Query: HandleTags, HandleTags: 0x0"
"15:21:00.6648081","ZCode.exe","23548","RegOpenKey","HKCU\Software\Microsoft\DirectX\UserGpuPreferences","NAME NOT FOUND","Desired Access: Read"
"15:21:00.6658565","ZCode.exe","23548","RegQueryKey","HKCU","SUCCESS","Query: HandleTags, HandleTags: 0x0"
"15:21:00.6659369","ZCode.exe","23548","RegOpenKey","HKCU\Software\Microsoft\DirectX\UserGpuPreferences","NAME NOT FOUND","Desired Access: Read"
"15:21:00.6668407","ZCode.exe","23548","CreateFile","C:\Windows\System32\DriverStore\FileRepository\iigd_dch.inf_amd64_890d8eaa182f97be\igsc.dll","NAME NOT FOUND","Desired Access: Read Attributes, Disposition: Open, Options: Open Reparse Point, Attributes: n/a, ShareMode: Read, Write, Delete, AllocationSize: n/a"
"15:21:00.6670180","ZCode.exe","23548","RegQueryKey","HKCU","SUCCESS","Query: HandleTags, HandleTags: 0x0"
"15:21:00.6670392","ZCode.exe","23548","RegOpenKey","HKCU\Software\Microsoft\DirectX\UserGpuPreferences","NAME NOT FOUND","Desired Access: Read"
"15:21:00.6678029","ZCode.exe","23548","RegQueryKey","HKCU","SUCCESS","Query: HandleTags, HandleTags: 0x0"
"15:21:00.6678320","ZCode.exe","23548","RegOpenKey","HKCU\Software\Microsoft\DirectX\UserGpuPreferences","NAME NOT FOUND","Desired Access: Read"
"15:21:00.6685521","ZCode.exe","23548","RegQueryKey","HKLM","SUCCESS","Query: HandleTags, HandleTags: 0x0"
"15:21:00.6685748","ZCode.exe","23548","RegOpenKey","HKLM\SOFTWARE\Intel\EG","NAME NOT FOUND","Desired Access: Query Value"
"15:21:00.6686130","ZCode.exe","23548","RegQueryKey","HKLM","SUCCESS","Query: HandleTags, HandleTags: 0x0"
"15:21:00.6686304","ZCode.exe","23548","RegOpenKey","HKLM\SOFTWARE\Intel\Display\IGCL","NAME NOT FOUND","Desired Access: Query Value"
"15:21:00.6687272","ZCode.exe","23548","RegOpenKey","HKLM\System\CurrentControlSet\Enum\PCI\VEN_8086&DEV_9A49&SUBSYS_0A201028&REV_01\3&11583659&0&10","SUCCESS","Desired Access: Query Value, Maximum Allowed"
"15:21:00.6687610","ZCode.exe","23548","RegQueryValue","HKLM\System\CurrentControlSet\Enum\PCI\VEN_8086&DEV_9A49&SUBSYS_0A201028&REV_01\3&11583659&0&10\Driver","SUCCESS","Type: REG_SZ, Length: 88, Data: {4d36e968-e325-11ce-bfc1-08002be10318}\0000"
"15:21:00.6687876","ZCode.exe","23548","RegCloseKey","HKLM\System\CurrentControlSet\Enum\PCI\VEN_8086&DEV_9A49&SUBSYS_0A201028&REV_01\3&11583659&0&10","SUCCESS",""
"15:21:00.6688121","ZCode.exe","23548","RegOpenKey","HKLM\System\CurrentControlSet\Control\Class\{4d36e968-e325-11ce-bfc1-08002be10318}\0000","SUCCESS","Desired Access: Read"
"15:21:00.6688475","ZCode.exe","23548","RegQueryKey","HKLM\System\CurrentControlSet\Control\Class\{4d36e968-e325-11ce-bfc1-08002be10318}\0000","SUCCESS","Query: HandleTags, HandleTags: 0x0"
"15:21:00.6688830","ZCode.exe","23548","RegSetInfoKey","HKLM\System\CurrentControlSet\Control\Class\{4d36e968-e325-11ce-bfc1-08002be10318}\0000","SUCCESS","KeySetInformationClass: KeySetHandleTagsInformation, Length: 0"
"15:21:00.6689009","ZCode.exe","23548","RegQueryValue","HKLM\System\CurrentControlSet\Control\Class\{4d36e968-e325-11ce-bfc1-08002be10318}\0000\IGCLGamingDisableControl","SUCCESS","Type: REG_DWORD, Length: 4, Data: 81924"
"15:21:00.6689638","ZCode.exe","23548","RegCloseKey","HKLM\System\CurrentControlSet\Control\Class\{4d36e968-e325-11ce-bfc1-08002be10318}\0000","SUCCESS",""
"15:21:00.6691044","ZCode.exe","23548","RegOpenKey","HKLM\System\CurrentControlSet\Enum\PCI\VEN_8086&DEV_9A49&SUBSYS_0A201028&REV_01\3&11583659&0&10","SUCCESS","Desired Access: Query Value, Maximum Allowed"
"15:21:00.6691332","ZCode.exe","23548","RegQueryValue","HKLM\System\CurrentControlSet\Enum\PCI\VEN_8086&DEV_9A49&SUBSYS_0A201028&REV_01\3&11583659&0&10\Driver","SUCCESS","Type: REG_SZ, Length: 88, Data: {4d36e968-e325-11ce-bfc1-08002be10318}\0000"
"15:21:00.6691571","ZCode.exe","23548","RegCloseKey","HKLM\System\CurrentControlSet\Enum\PCI\VEN_8086&DEV_9A49&SUBSYS_0A201028&REV_01\3&11583659&0&10","SUCCESS",""
"15:21:00.6691789","ZCode.exe","23548","RegOpenKey","HKLM\System\CurrentControlSet\Control\Class\{4d36e968-e325-11ce-bfc1-08002be10318}\0000","SUCCESS","Desired Access: Read"
"15:21:00.6691982","ZCode.exe","23548","RegQueryKey","HKLM\System\CurrentControlSet\Control\Class\{4d36e968-e325-11ce-bfc1-08002be10318}\0000","SUCCESS","Query: HandleTags, HandleTags: 0x0"
"15:21:00.6692133","ZCode.exe","23548","RegSetInfoKey","HKLM\System\CurrentControlSet\Control\Class\{4d36e968-e325-11ce-bfc1-08002be10318}\0000","SUCCESS","KeySetInformationClass: KeySetHandleTagsInformation, Length: 0"
"15:21:00.6692300","ZCode.exe","23548","RegOpenKey","HKLM\System\CurrentControlSet\Control\Class\{4d36e968-e325-11ce-bfc1-08002be10318}\0000\3DKeys","SUCCESS","Desired Access: All Access"
"15:21:00.6692488","ZCode.exe","23548","RegQueryValue","HKLM\System\CurrentControlSet\Control\Class\{4d36e968-e325-11ce-bfc1-08002be10318}\0000\3DKeys\ZCode.exe_Cmaa","NAME NOT FOUND","Length: 20"
"15:21:00.6692738","ZCode.exe","23548","RegCloseKey","HKLM\System\CurrentControlSet\Control\Class\{4d36e968-e325-11ce-bfc1-08002be10318}\0000","SUCCESS",""
"15:21:00.6692893","ZCode.exe","23548","RegCloseKey","HKLM\System\CurrentControlSet\Control\Class\{4d36e968-e325-11ce-bfc1-08002be10318}\0000\3DKeys","SUCCESS",""
"15:21:00.6693378","ZCode.exe","23548","RegOpenKey","HKLM\System\CurrentControlSet\Enum\PCI\VEN_8086&DEV_9A49&SUBSYS_0A201028&REV_01\3&11583659&0&10","SUCCESS","Desired Access: Query Value, Maximum Allowed"
"15:21:00.6693629","ZCode.exe","23548","RegQueryValue","HKLM\System\CurrentControlSet\Enum\PCI\VEN_8086&DEV_9A49&SUBSYS_0A201028&REV_01\3&11583659&0&10\Driver","SUCCESS","Type: REG_SZ, Length: 88, Data: {4d36e968-e325-11ce-bfc1-08002be10318}\0000"
"15:21:00.6694063","ZCode.exe","23548","RegCloseKey","HKLM\System\CurrentControlSet\Enum\PCI\VEN_8086&DEV_9A49&SUBSYS_0A201028&REV_01\3&11583659&0&10","SUCCESS",""
"15:21:00.6694289","ZCode.exe","23548","RegOpenKey","HKLM\System\CurrentControlSet\Control\Class\{4d36e968-e325-11ce-bfc1-08002be10318}\0000","SUCCESS","Desired Access: Read"
"15:21:00.6694519","ZCode.exe","23548","RegQueryKey","HKLM\System\CurrentControlSet\Control\Class\{4d36e968-e325-11ce-bfc1-08002be10318}\0000","SUCCESS","Query: HandleTags, HandleTags: 0x0"
"15:21:00.6694726","ZCode.exe","23548","RegSetInfoKey","HKLM\System\CurrentControlSet\Control\Class\{4d36e968-e325-11ce-bfc1-08002be10318}\0000","SUCCESS","KeySetInformationClass: KeySetHandleTagsInformation, Length: 0"
"15:21:00.6694895","ZCode.exe","23548","RegOpenKey","HKLM\System\CurrentControlSet\Control\Class\{4d36e968-e325-11ce-bfc1-08002be10318}\0000\3DKeys","SUCCESS","Desired Access: All Access"
"15:21:00.6695079","ZCode.exe","23548","RegQueryValue","HKLM\System\CurrentControlSet\Control\Class\{4d36e968-e325-11ce-bfc1-08002be10318}\0000\3DKeys\Global_Cmaa","NAME NOT FOUND","Length: 20"
"15:21:00.6695248","ZCode.exe","23548","RegCloseKey","HKLM\System\CurrentControlSet\Control\Class\{4d36e968-e325-11ce-bfc1-08002be10318}\0000","SUCCESS",""
"15:21:00.6695405","ZCode.exe","23548","RegCloseKey","HKLM\System\CurrentControlSet\Control\Class\{4d36e968-e325-11ce-bfc1-08002be10318}\0000\3DKeys","SUCCESS",""
"15:21:00.6695989","ZCode.exe","23548","RegOpenKey","HKLM\System\CurrentControlSet\Enum\PCI\VEN_8086&DEV_9A49&SUBSYS_0A201028&REV_01\3&11583659&0&10","SUCCESS","Desired Access: Query Value, Maximum Allowed"
"15:21:00.6696215","ZCode.exe","23548","RegQueryValue","HKLM\System\CurrentControlSet\Enum\PCI\VEN_8086&DEV_9A49&SUBSYS_0A201028&REV_01\3&11583659&0&10\Driver","SUCCESS","Type: REG_SZ, Length: 88, Data: {4d36e968-e325-11ce-bfc1-08002be10318}\0000"
"15:21:00.6696661","ZCode.exe","23548","RegCloseKey","HKLM\System\CurrentControlSet\Enum\PCI\VEN_8086&DEV_9A49&SUBSYS_0A201028&REV_01\3&11583659&0&10","SUCCESS",""
"15:21:00.6696961","ZCode.exe","23548","RegOpenKey","HKLM\System\CurrentControlSet\Control\Class\{4d36e968-e325-11ce-bfc1-08002be10318}\0000","SUCCESS","Desired Access: Read"
"15:21:00.6697204","ZCode.exe","23548","RegQueryKey","HKLM\System\CurrentControlSet\Control\Class\{4d36e968-e325-11ce-bfc1-08002be10318}\0000","SUCCESS","Query: HandleTags, HandleTags: 0x0"
"15:21:00.6697548","ZCode.exe","23548","RegSetInfoKey","HKLM\System\CurrentControlSet\Control\Class\{4d36e968-e325-11ce-bfc1-08002be10318}\0000","SUCCESS","KeySetInformationClass: KeySetHandleTagsInformation, Length: 0"
"15:21:00.6697743","ZCode.exe","23548","RegOpenKey","HKLM\System\CurrentControlSet\Control\Class\{4d36e968-e325-11ce-bfc1-08002be10318}\0000\3DKeys","SUCCESS","Desired Access: All Access"
"15:21:00.6697962","ZCode.exe","23548","RegQueryValue","HKLM\System\CurrentControlSet\Control\Class\{4d36e968-e325-11ce-bfc1-08002be10318}\0000\3DKeys\ZCode.exe_AsyncFlipMode","NAME NOT FOUND","Length: 20"
"15:21:00.6698147","ZCode.exe","23548","RegCloseKey","HKLM\System\CurrentControlSet\Control\Class\{4d36e968-e325-11ce-bfc1-08002be10318}\0000","SUCCESS",""
"15:21:00.6698309","ZCode.exe","23548","RegCloseKey","HKLM\System\CurrentControlSet\Control\Class\{4d36e968-e325-11ce-bfc1-08002be10318}\0000\3DKeys","SUCCESS",""
"15:21:00.6698875","ZCode.exe","23548","RegOpenKey","HKLM\System\CurrentControlSet\Enum\PCI\VEN_8086&DEV_9A49&SUBSYS_0A201028&REV_01\3&11583659&0&10","SUCCESS","Desired Access: Query Value, Maximum Allowed"
"15:21:00.6699097","ZCode.exe","23548","RegQueryValue","HKLM\System\CurrentControlSet\Enum\PCI\VEN_8086&DEV_9A49&SUBSYS_0A201028&REV_01\3&11583659&0&10\Driver","SUCCESS","Type: REG_SZ, Length: 88, Data: {4d36e968-e325-11ce-bfc1-08002be10318}\0000"
"15:21:00.6699297","ZCode.exe","23548","RegCloseKey","HKLM\System\CurrentControlSet\Enum\PCI\VEN_8086&DEV_9A49&SUBSYS_0A201028&REV_01\3&11583659&0&10","SUCCESS",""
"15:21:00.6699476","ZCode.exe","23548","RegOpenKey","HKLM\System\CurrentControlSet\Control\Class\{4d36e968-e325-11ce-bfc1-08002be10318}\0000","SUCCESS","Desired Access: Read"
"15:21:00.6699663","ZCode.exe","23548","RegQueryKey","HKLM\System\CurrentControlSet\Control\Class\{4d36e968-e325-11ce-bfc1-08002be10318}\0000","SUCCESS","Query: HandleTags, HandleTags: 0x0"
"15:21:00.6699892","ZCode.exe","23548","RegSetInfoKey","HKLM\System\CurrentControlSet\Control\Class\{4d36e968-e325-11ce-bfc1-08002be10318}\0000","SUCCESS","KeySetInformationClass: KeySetHandleTagsInformation, Length: 0"
"15:21:00.6700173","ZCode.exe","23548","RegOpenKey","HKLM\System\CurrentControlSet\Control\Class\{4d36e968-e325-11ce-bfc1-08002be10318}\0000\3DKeys","SUCCESS","Desired Access: All Access"
"15:21:00.6700407","ZCode.exe","23548","RegQueryValue","HKLM\System\CurrentControlSet\Control\Class\{4d36e968-e325-11ce-bfc1-08002be10318}\0000\3DKeys\Global_AsyncFlipMode","NAME NOT FOUND","Length: 20"
"15:21:00.6700615","ZCode.exe","23548","RegCloseKey","HKLM\System\CurrentControlSet\Control\Class\{4d36e968-e325-11ce-bfc1-08002be10318}\0000","SUCCESS",""
"15:21:00.6700794","ZCode.exe","23548","RegCloseKey","HKLM\System\CurrentControlSet\Control\Class\{4d36e968-e325-11ce-bfc1-08002be10318}\0000\3DKeys","SUCCESS",""
"15:21:00.6701558","ZCode.exe","23548","RegOpenKey","HKLM\System\CurrentControlSet\Enum\PCI\VEN_8086&DEV_9A49&SUBSYS_0A201028&REV_01\3&11583659&0&10","SUCCESS","Desired Access: Query Value, Maximum Allowed"
"15:21:00.6701834","ZCode.exe","23548","RegQueryValue","HKLM\System\CurrentControlSet\Enum\PCI\VEN_8086&DEV_9A49&SUBSYS_0A201028&REV_01\3&11583659&0&10\Driver","SUCCESS","Type: REG_SZ, Length: 88, Data: {4d36e968-e325-11ce-bfc1-08002be10318}\0000"
"15:21:00.6702537","ZCode.exe","23548","RegCloseKey","HKLM\System\CurrentControlSet\Enum\PCI\VEN_8086&DEV_9A49&SUBSYS_0A201028&REV_01\3&11583659&0&10","SUCCESS",""
"15:21:00.6702740","ZCode.exe","23548","RegOpenKey","HKLM\System\CurrentControlSet\Control\Class\{4d36e968-e325-11ce-bfc1-08002be10318}\0000","SUCCESS","Desired Access: Read"
"15:21:00.6702956","ZCode.exe","23548","RegQueryKey","HKLM\System\CurrentControlSet\Control\Class\{4d36e968-e325-11ce-bfc1-08002be10318}\0000","SUCCESS","Query: HandleTags, HandleTags: 0x0"
"15:21:00.6703429","ZCode.exe","23548","RegSetInfoKey","HKLM\System\CurrentControlSet\Control\Class\{4d36e968-e325-11ce-bfc1-08002be10318}\0000","SUCCESS","KeySetInformationClass: KeySetHandleTagsInformation, Length: 0"
"15:21:00.6703629","ZCode.exe","23548","RegOpenKey","HKLM\System\CurrentControlSet\Control\Class\{4d36e968-e325-11ce-bfc1-08002be10318}\0000\3DKeys","SUCCESS","Desired Access: All Access"
"15:21:00.6703916","ZCode.exe","23548","RegQueryValue","HKLM\System\CurrentControlSet\Control\Class\{4d36e968-e325-11ce-bfc1-08002be10318}\0000\3DKeys\ZCode.exe_AppProfile_Compat","NAME NOT FOUND","Length: 48"
"15:21:00.6704121","ZCode.exe","23548","RegCloseKey","HKLM\System\CurrentControlSet\Control\Class\{4d36e968-e325-11ce-bfc1-08002be10318}\0000","SUCCESS",""
"15:21:00.6704455","ZCode.exe","23548","RegCloseKey","HKLM\System\CurrentControlSet\Control\Class\{4d36e968-e325-11ce-bfc1-08002be10318}\0000\3DKeys","SUCCESS",""
"15:21:00.6705506","ZCode.exe","23548","RegOpenKey","HKLM\System\CurrentControlSet\Enum\PCI\VEN_8086&DEV_9A49&SUBSYS_0A201028&REV_01\3&11583659&0&10","SUCCESS","Desired Access: Query Value, Maximum Allowed"
"15:21:00.6705731","ZCode.exe","23548","RegQueryValue","HKLM\System\CurrentControlSet\Enum\PCI\VEN_8086&DEV_9A49&SUBSYS_0A201028&REV_01\3&11583659&0&10\Driver","SUCCESS","Type: REG_SZ, Length: 88, Data: {4d36e968-e325-11ce-bfc1-08002be10318}\0000"
"15:21:00.6705936","ZCode.exe","23548","RegCloseKey","HKLM\System\CurrentControlSet\Enum\PCI\VEN_8086&DEV_9A49&SUBSYS_0A201028&REV_01\3&11583659&0&10","SUCCESS",""
"15:21:00.6706127","ZCode.exe","23548","RegOpenKey","HKLM\System\CurrentControlSet\Control\Class\{4d36e968-e325-11ce-bfc1-08002be10318}\0000","SUCCESS","Desired Access: Read"
"15:21:00.6706327","ZCode.exe","23548","RegQueryKey","HKLM\System\CurrentControlSet\Control\Class\{4d36e968-e325-11ce-bfc1-08002be10318}\0000","SUCCESS","Query: HandleTags, HandleTags: 0x0"
"15:21:00.6706486","ZCode.exe","23548","RegSetInfoKey","HKLM\System\CurrentControlSet\Control\Class\{4d36e968-e325-11ce-bfc1-08002be10318}\0000","SUCCESS","KeySetInformationClass: KeySetHandleTagsInformation, Length: 0"
"15:21:00.6706664","ZCode.exe","23548","RegOpenKey","HKLM\System\CurrentControlSet\Control\Class\{4d36e968-e325-11ce-bfc1-08002be10318}\0000\3DKeys","SUCCESS","Desired Access: All Access"
"15:21:00.6706982","ZCode.exe","23548","RegQueryValue","HKLM\System\CurrentControlSet\Control\Class\{4d36e968-e325-11ce-bfc1-08002be10318}\0000\3DKeys\ZCode.exe_AppProfile_Perf","NAME NOT FOUND","Length: 48"
"15:21:00.6707303","ZCode.exe","23548","RegCloseKey","HKLM\System\CurrentControlSet\Control\Class\{4d36e968-e325-11ce-bfc1-08002be10318}\0000","SUCCESS",""
"15:21:00.6707462","ZCode.exe","23548","RegCloseKey","HKLM\System\CurrentControlSet\Control\Class\{4d36e968-e325-11ce-bfc1-08002be10318}\0000\3DKeys","SUCCESS",""
"15:21:00.6707981","ZCode.exe","23548","RegOpenKey","HKLM\System\CurrentControlSet\Enum\PCI\VEN_8086&DEV_9A49&SUBSYS_0A201028&REV_01\3&11583659&0&10","SUCCESS","Desired Access: Query Value, Maximum Allowed"
"15:21:00.6708176","ZCode.exe","23548","RegQueryValue","HKLM\System\CurrentControlSet\Enum\PCI\VEN_8086&DEV_9A49&SUBSYS_0A201028&REV_01\3&11583659&0&10\Driver","SUCCESS","Type: REG_SZ, Length: 88, Data: {4d36e968-e325-11ce-bfc1-08002be10318}\0000"
"15:21:00.6708334","ZCode.exe","23548","RegCloseKey","HKLM\System\CurrentControlSet\Enum\PCI\VEN_8086&DEV_9A49&SUBSYS_0A201028&REV_01\3&11583659&0&10","SUCCESS",""
"15:21:00.6708575","ZCode.exe","23548","RegOpenKey","HKLM\System\CurrentControlSet\Control\Class\{4d36e968-e325-11ce-bfc1-08002be10318}\0000","SUCCESS","Desired Access: Read"
"15:21:00.6708789","ZCode.exe","23548","RegQueryKey","HKLM\System\CurrentControlSet\Control\Class\{4d36e968-e325-11ce-bfc1-08002be10318}\0000","SUCCESS","Query: HandleTags, HandleTags: 0x0"
"15:21:00.6708943","ZCode.exe","23548","RegSetInfoKey","HKLM\System\CurrentControlSet\Control\Class\{4d36e968-e325-11ce-bfc1-08002be10318}\0000","SUCCESS","KeySetInformationClass: KeySetHandleTagsInformation, Length: 0"
"15:21:00.6709112","ZCode.exe","23548","RegOpenKey","HKLM\System\CurrentControlSet\Control\Class\{4d36e968-e325-11ce-bfc1-08002be10318}\0000\3DKeys","SUCCESS","Desired Access: All Access"
"15:21:00.6709282","ZCode.exe","23548","RegQueryValue","HKLM\System\CurrentControlSet\Control\Class\{4d36e968-e325-11ce-bfc1-08002be10318}\0000\3DKeys\Global_AppProfile_Compat","NAME NOT FOUND","Length: 48"
"15:21:00.6709461","ZCode.exe","23548","RegCloseKey","HKLM\System\CurrentControlSet\Control\Class\{4d36e968-e325-11ce-bfc1-08002be10318}\0000","SUCCESS",""
"15:21:00.6709698","ZCode.exe","23548","RegCloseKey","HKLM\System\CurrentControlSet\Control\Class\{4d36e968-e325-11ce-bfc1-08002be10318}\0000\3DKeys","SUCCESS",""
"15:21:00.6710174","ZCode.exe","23548","RegOpenKey","HKLM\System\CurrentControlSet\Enum\PCI\VEN_8086&DEV_9A49&SUBSYS_0A201028&REV_01\3&11583659&0&10","SUCCESS","Desired Access: Query Value, Maximum Allowed"
"15:21:00.6710383","ZCode.exe","23548","RegQueryValue","HKLM\System\CurrentControlSet\Enum\PCI\VEN_8086&DEV_9A49&SUBSYS_0A201028&REV_01\3&11583659&0&10\Driver","SUCCESS","Type: REG_SZ, Length: 88, Data: {4d36e968-e325-11ce-bfc1-08002be10318}\0000"
"15:21:00.6710620","ZCode.exe","23548","RegCloseKey","HKLM\System\CurrentControlSet\Enum\PCI\VEN_8086&DEV_9A49&SUBSYS_0A201028&REV_01\3&11583659&0&10","SUCCESS",""
"15:21:00.6710832","ZCode.exe","23548","RegOpenKey","HKLM\System\CurrentControlSet\Control\Class\{4d36e968-e325-11ce-bfc1-08002be10318}\0000","SUCCESS","Desired Access: Read"
"15:21:00.6711000","ZCode.exe","23548","RegQueryKey","HKLM\System\CurrentControlSet\Control\Class\{4d36e968-e325-11ce-bfc1-08002be10318}\0000","SUCCESS","Query: HandleTags, HandleTags: 0x0"
"15:21:00.6711147","ZCode.exe","23548","RegSetInfoKey","HKLM\System\CurrentControlSet\Control\Class\{4d36e968-e325-11ce-bfc1-08002be10318}\0000","SUCCESS","KeySetInformationClass: KeySetHandleTagsInformation, Length: 0"
"15:21:00.6711529","ZCode.exe","23548","RegOpenKey","HKLM\System\CurrentControlSet\Control\Class\{4d36e968-e325-11ce-bfc1-08002be10318}\0000\3DKeys","SUCCESS","Desired Access: All Access"
"15:21:00.6711717","ZCode.exe","23548","RegQueryValue","HKLM\System\CurrentControlSet\Control\Class\{4d36e968-e325-11ce-bfc1-08002be10318}\0000\3DKeys\Global_AppProfile_Perf","NAME NOT FOUND","Length: 48"
"15:21:00.6711885","ZCode.exe","23548","RegCloseKey","HKLM\System\CurrentControlSet\Control\Class\{4d36e968-e325-11ce-bfc1-08002be10318}\0000","SUCCESS",""
"15:21:00.6712052","ZCode.exe","23548","RegCloseKey","HKLM\System\CurrentControlSet\Control\Class\{4d36e968-e325-11ce-bfc1-08002be10318}\0000\3DKeys","SUCCESS",""
"15:21:00.6712486","ZCode.exe","23548","RegOpenKey","HKLM\System\CurrentControlSet\Enum\PCI\VEN_8086&DEV_9A49&SUBSYS_0A201028&REV_01\3&11583659&0&10","SUCCESS","Desired Access: Query Value, Maximum Allowed"
"15:21:00.6713121","ZCode.exe","23548","RegQueryValue","HKLM\System\CurrentControlSet\Enum\PCI\VEN_8086&DEV_9A49&SUBSYS_0A201028&REV_01\3&11583659&0&10\Driver","SUCCESS","Type: REG_SZ, Length: 88, Data: {4d36e968-e325-11ce-bfc1-08002be10318}\0000"
"15:21:00.6713410","ZCode.exe","23548","RegCloseKey","HKLM\System\CurrentControlSet\Enum\PCI\VEN_8086&DEV_9A49&SUBSYS_0A201028&REV_01\3&11583659&0&10","SUCCESS",""
"15:21:00.6713721","ZCode.exe","23548","RegOpenKey","HKLM\System\CurrentControlSet\Control\Class\{4d36e968-e325-11ce-bfc1-08002be10318}\0000","SUCCESS","Desired Access: Read"
"15:21:00.6713955","ZCode.exe","23548","RegQueryKey","HKLM\System\CurrentControlSet\Control\Class\{4d36e968-e325-11ce-bfc1-08002be10318}\0000","SUCCESS","Query: HandleTags, HandleTags: 0x0"
"15:21:00.6714106","ZCode.exe","23548","RegSetInfoKey","HKLM\System\CurrentControlSet\Control\Class\{4d36e968-e325-11ce-bfc1-08002be10318}\0000","SUCCESS","KeySetInformationClass: KeySetHandleTagsInformation, Length: 0"
"15:21:00.6714241","ZCode.exe","23548","RegOpenKey","HKLM\System\CurrentControlSet\Control\Class\{4d36e968-e325-11ce-bfc1-08002be10318}\0000\3DKeys","SUCCESS","Desired Access: All Access"
"15:21:00.6714389","ZCode.exe","23548","RegQueryValue","HKLM\System\CurrentControlSet\Control\Class\{4d36e968-e325-11ce-bfc1-08002be10318}\0000\3DKeys\ZCode.exe_Emul64bitAtomic","NAME NOT FOUND","Length: 20"
"15:21:00.6714558","ZCode.exe","23548","RegCloseKey","HKLM\System\CurrentControlSet\Control\Class\{4d36e968-e325-11ce-bfc1-08002be10318}\0000","SUCCESS",""
"15:21:00.6714672","ZCode.exe","23548","RegCloseKey","HKLM\System\CurrentControlSet\Control\Class\{4d36e968-e325-11ce-bfc1-08002be10318}\0000\3DKeys","SUCCESS",""
"15:21:00.6715289","ZCode.exe","23548","RegOpenKey","HKLM\System\CurrentControlSet\Enum\PCI\VEN_8086&DEV_9A49&SUBSYS_0A201028&REV_01\3&11583659&0&10","SUCCESS","Desired Access: Query Value, Maximum Allowed"
"15:21:00.6715492","ZCode.exe","23548","RegQueryValue","HKLM\System\CurrentControlSet\Enum\PCI\VEN_8086&DEV_9A49&SUBSYS_0A201028&REV_01\3&11583659&0&10\Driver","SUCCESS","Type: REG_SZ, Length: 88, Data: {4d36e968-e325-11ce-bfc1-08002be10318}\0000"
"15:21:00.6715689","ZCode.exe","23548","RegCloseKey","HKLM\System\CurrentControlSet\Enum\PCI\VEN_8086&DEV_9A49&SUBSYS_0A201028&REV_01\3&11583659&0&10","SUCCESS",""
"15:21:00.6715871","ZCode.exe","23548","RegOpenKey","HKLM\System\CurrentControlSet\Control\Class\{4d36e968-e325-11ce-bfc1-08002be10318}\0000","SUCCESS","Desired Access: Read"
"15:21:00.6716000","ZCode.exe","23548","RegQueryKey","HKLM\System\CurrentControlSet\Control\Class\{4d36e968-e325-11ce-bfc1-08002be10318}\0000","SUCCESS","Query: HandleTags, HandleTags: 0x0"
"15:21:00.6716107","ZCode.exe","23548","RegSetInfoKey","HKLM\System\CurrentControlSet\Control\Class\{4d36e968-e325-11ce-bfc1-08002be10318}\0000","SUCCESS","KeySetInformationClass: KeySetHandleTagsInformation, Length: 0"
"15:21:00.6716218","ZCode.exe","23548","RegOpenKey","HKLM\System\CurrentControlSet\Control\Class\{4d36e968-e325-11ce-bfc1-08002be10318}\0000\3DKeys","SUCCESS","Desired Access: All Access"
"15:21:00.6716335","ZCode.exe","23548","RegQueryValue","HKLM\System\CurrentControlSet\Control\Class\{4d36e968-e325-11ce-bfc1-08002be10318}\0000\3DKeys\Global_Emul64bitAtomic","NAME NOT FOUND","Length: 20"
"15:21:00.6716508","ZCode.exe","23548","RegCloseKey","HKLM\System\CurrentControlSet\Control\Class\{4d36e968-e325-11ce-bfc1-08002be10318}\0000","SUCCESS",""
"15:21:00.6716623","ZCode.exe","23548","RegCloseKey","HKLM\System\CurrentControlSet\Control\Class\{4d36e968-e325-11ce-bfc1-08002be10318}\0000\3DKeys","SUCCESS",""
"15:21:00.6716959","ZCode.exe","23548","RegOpenKey","HKLM\System\CurrentControlSet\Enum\PCI\VEN_8086&DEV_9A49&SUBSYS_0A201028&REV_01\3&11583659&0&10","SUCCESS","Desired Access: Query Value, Maximum Allowed"
"15:21:00.6717130","ZCode.exe","23548","RegQueryValue","HKLM\System\CurrentControlSet\Enum\PCI\VEN_8086&DEV_9A49&SUBSYS_0A201028&REV_01\3&11583659&0&10\Driver","SUCCESS","Type: REG_SZ, Length: 88, Data: {4d36e968-e325-11ce-bfc1-08002be10318}\0000"
"15:21:00.6717297","ZCode.exe","23548","RegCloseKey","HKLM\System\CurrentControlSet\Enum\PCI\VEN_8086&DEV_9A49&SUBSYS_0A201028&REV_01\3&11583659&0&10","SUCCESS",""
"15:21:00.6717431","ZCode.exe","23548","RegOpenKey","HKLM\System\CurrentControlSet\Control\Class\{4d36e968-e325-11ce-bfc1-08002be10318}\0000","SUCCESS","Desired Access: Read"
"15:21:00.6717587","ZCode.exe","23548","RegQueryKey","HKLM\System\CurrentControlSet\Control\Class\{4d36e968-e325-11ce-bfc1-08002be10318}\0000","SUCCESS","Query: HandleTags, HandleTags: 0x0"
"15:21:00.6717726","ZCode.exe","23548","RegSetInfoKey","HKLM\System\CurrentControlSet\Control\Class\{4d36e968-e325-11ce-bfc1-08002be10318}\0000","SUCCESS","KeySetInformationClass: KeySetHandleTagsInformation, Length: 0"
"15:21:00.6717837","ZCode.exe","23548","RegOpenKey","HKLM\System\CurrentControlSet\Control\Class\{4d36e968-e325-11ce-bfc1-08002be10318}\0000\3DKeys","SUCCESS","Desired Access: All Access"
"15:21:00.6717949","ZCode.exe","23548","RegQueryValue","HKLM\System\CurrentControlSet\Control\Class\{4d36e968-e325-11ce-bfc1-08002be10318}\0000\3DKeys\ZCode.exe_GlobalOrPerApp","NAME NOT FOUND","Length: 20"
"15:21:00.6718069","ZCode.exe","23548","RegCloseKey","HKLM\System\CurrentControlSet\Control\Class\{4d36e968-e325-11ce-bfc1-08002be10318}\0000","SUCCESS",""
"15:21:00.6718245","ZCode.exe","23548","RegCloseKey","HKLM\System\CurrentControlSet\Control\Class\{4d36e968-e325-11ce-bfc1-08002be10318}\0000\3DKeys","SUCCESS",""
"15:21:00.6718659","ZCode.exe","23548","RegOpenKey","HKLM\System\CurrentControlSet\Enum\PCI\VEN_8086&DEV_9A49&SUBSYS_0A201028&REV_01\3&11583659&0&10","SUCCESS","Desired Access: Query Value, Maximum Allowed"
"15:21:00.6718855","ZCode.exe","23548","RegQueryValue","HKLM\System\CurrentControlSet\Enum\PCI\VEN_8086&DEV_9A49&SUBSYS_0A201028&REV_01\3&11583659&0&10\Driver","SUCCESS","Type: REG_SZ, Length: 88, Data: {4d36e968-e325-11ce-bfc1-08002be10318}\0000"
"15:21:00.6719039","ZCode.exe","23548","RegCloseKey","HKLM\System\CurrentControlSet\Enum\PCI\VEN_8086&DEV_9A49&SUBSYS_0A201028&REV_01\3&11583659&0&10","SUCCESS",""
"15:21:00.6719208","ZCode.exe","23548","RegOpenKey","HKLM\System\CurrentControlSet\Control\Class\{4d36e968-e325-11ce-bfc1-08002be10318}\0000","SUCCESS","Desired Access: Read"
"15:21:00.6719353","ZCode.exe","23548","RegQueryKey","HKLM\System\CurrentControlSet\Control\Class\{4d36e968-e325-11ce-bfc1-08002be10318}\0000","SUCCESS","Query: HandleTags, HandleTags: 0x0"
"15:21:00.6719476","ZCode.exe","23548","RegSetInfoKey","HKLM\System\CurrentControlSet\Control\Class\{4d36e968-e325-11ce-bfc1-08002be10318}\0000","SUCCESS","KeySetInformationClass: KeySetHandleTagsInformation, Length: 0"
"15:21:00.6719657","ZCode.exe","23548","RegOpenKey","HKLM\System\CurrentControlSet\Control\Class\{4d36e968-e325-11ce-bfc1-08002be10318}\0000\3DKeys","SUCCESS","Desired Access: All Access"
"15:21:00.6719837","ZCode.exe","23548","RegQueryValue","HKLM\System\CurrentControlSet\Control\Class\{4d36e968-e325-11ce-bfc1-08002be10318}\0000\3DKeys\Global_GlobalOrPerApp","NAME NOT FOUND","Length: 20"
"15:21:00.6720014","ZCode.exe","23548","RegCloseKey","HKLM\System\CurrentControlSet\Control\Class\{4d36e968-e325-11ce-bfc1-08002be10318}\0000","SUCCESS",""
"15:21:00.6720176","ZCode.exe","23548","RegCloseKey","HKLM\System\CurrentControlSet\Control\Class\{4d36e968-e325-11ce-bfc1-08002be10318}\0000\3DKeys","SUCCESS",""
"15:21:00.6720614","ZCode.exe","23548","RegOpenKey","HKLM\System\CurrentControlSet\Enum\PCI\VEN_8086&DEV_9A49&SUBSYS_0A201028&REV_01\3&11583659&0&10","SUCCESS","Desired Access: Query Value, Maximum Allowed"
"15:21:00.6720810","ZCode.exe","23548","RegQueryValue","HKLM\System\CurrentControlSet\Enum\PCI\VEN_8086&DEV_9A49&SUBSYS_0A201028&REV_01\3&11583659&0&10\Driver","SUCCESS","Type: REG_SZ, Length: 88, Data: {4d36e968-e325-11ce-bfc1-08002be10318}\0000"
"15:21:00.6721005","ZCode.exe","23548","RegCloseKey","HKLM\System\CurrentControlSet\Enum\PCI\VEN_8086&DEV_9A49&SUBSYS_0A201028&REV_01\3&11583659&0&10","SUCCESS",""
"15:21:00.6721408","ZCode.exe","23548","RegOpenKey","HKLM\System\CurrentControlSet\Control\Class\{4d36e968-e325-11ce-bfc1-08002be10318}\0000","SUCCESS","Desired Access: Read"
"15:21:00.6721677","ZCode.exe","23548","RegQueryKey","HKLM\System\CurrentControlSet\Control\Class\{4d36e968-e325-11ce-bfc1-08002be10318}\0000","SUCCESS","Query: HandleTags, HandleTags: 0x0"
"15:21:00.6721846","ZCode.exe","23548","RegSetInfoKey","HKLM\System\CurrentControlSet\Control\Class\{4d36e968-e325-11ce-bfc1-08002be10318}\0000","SUCCESS","KeySetInformationClass: KeySetHandleTagsInformation, Length: 0"
"15:21:00.6722027","ZCode.exe","23548","RegOpenKey","HKLM\System\CurrentControlSet\Control\Class\{4d36e968-e325-11ce-bfc1-08002be10318}\0000\3DKeys","SUCCESS","Desired Access: All Access"
"15:21:00.6722214","ZCode.exe","23548","RegQueryValue","HKLM\System\CurrentControlSet\Control\Class\{4d36e968-e325-11ce-bfc1-08002be10318}\0000\3DKeys\ZCode.exe_FrameGeneration","NAME NOT FOUND","Length: 20"
"15:21:00.6722404","ZCode.exe","23548","RegCloseKey","HKLM\System\CurrentControlSet\Control\Class\{4d36e968-e325-11ce-bfc1-08002be10318}\0000","SUCCESS",""
"15:21:00.6722570","ZCode.exe","23548","RegCloseKey","HKLM\System\CurrentControlSet\Control\Class\{4d36e968-e325-11ce-bfc1-08002be10318}\0000\3DKeys","SUCCESS",""
"15:21:00.6723141","ZCode.exe","23548","RegOpenKey","HKLM\System\CurrentControlSet\Enum\PCI\VEN_8086&DEV_9A49&SUBSYS_0A201028&REV_01\3&11583659&0&10","SUCCESS","Desired Access: Query Value, Maximum Allowed"
"15:21:00.6723356","ZCode.exe","23548","RegQueryValue","HKLM\System\CurrentControlSet\Enum\PCI\VEN_8086&DEV_9A49&SUBSYS_0A201028&REV_01\3&11583659&0&10\Driver","SUCCESS","Type: REG_SZ, Length: 88, Data: {4d36e968-e325-11ce-bfc1-08002be10318}\0000"
"15:21:00.6723560","ZCode.exe","23548","RegCloseKey","HKLM\System\CurrentControlSet\Enum\PCI\VEN_8086&DEV_9A49&SUBSYS_0A201028&REV_01\3&11583659&0&10","SUCCESS",""
"15:21:00.6723742","ZCode.exe","23548","RegOpenKey","HKLM\System\CurrentControlSet\Control\Class\{4d36e968-e325-11ce-bfc1-08002be10318}\0000","SUCCESS","Desired Access: Read"
"15:21:00.6723928","ZCode.exe","23548","RegQueryKey","HKLM\System\CurrentControlSet\Control\Class\{4d36e968-e325-11ce-bfc1-08002be10318}\0000","SUCCESS","Query: HandleTags, HandleTags: 0x0"
"15:21:00.6724086","ZCode.exe","23548","RegSetInfoKey","HKLM\System\CurrentControlSet\Control\Class\{4d36e968-e325-11ce-bfc1-08002be10318}\0000","SUCCESS","KeySetInformationClass: KeySetHandleTagsInformation, Length: 0"
"15:21:00.6724250","ZCode.exe","23548","RegOpenKey","HKLM\System\CurrentControlSet\Control\Class\{4d36e968-e325-11ce-bfc1-08002be10318}\0000\3DKeys","SUCCESS","Desired Access: All Access"
"15:21:00.6724663","ZCode.exe","23548","RegQueryValue","HKLM\System\CurrentControlSet\Control\Class\{4d36e968-e325-11ce-bfc1-08002be10318}\0000\3DKeys\Global_FrameGeneration","NAME NOT FOUND","Length: 20"
"15:21:00.6724893","ZCode.exe","23548","RegCloseKey","HKLM\System\CurrentControlSet\Control\Class\{4d36e968-e325-11ce-bfc1-08002be10318}\0000","SUCCESS",""
"15:21:00.6725084","ZCode.exe","23548","RegCloseKey","HKLM\System\CurrentControlSet\Control\Class\{4d36e968-e325-11ce-bfc1-08002be10318}\0000\3DKeys","SUCCESS",""
"15:21:00.6726068","ZCode.exe","23548","RegOpenKey","HKLM\System\CurrentControlSet\Enum\PCI\VEN_8086&DEV_9A49&SUBSYS_0A201028&REV_01\3&11583659&0&10","SUCCESS","Desired Access: Query Value, Maximum Allowed"
"15:21:00.6726325","ZCode.exe","23548","RegQueryValue","HKLM\System\CurrentControlSet\Enum\PCI\VEN_8086&DEV_9A49&SUBSYS_0A201028&REV_01\3&11583659&0&10\Driver","SUCCESS","Type: REG_SZ, Length: 88, Data: {4d36e968-e325-11ce-bfc1-08002be10318}\0000"
"15:21:00.6726562","ZCode.exe","23548","RegCloseKey","HKLM\System\CurrentControlSet\Enum\PCI\VEN_8086&DEV_9A49&SUBSYS_0A201028&REV_01\3&11583659&0&10","SUCCESS",""
"15:21:00.6726927","ZCode.exe","23548","RegOpenKey","HKLM\System\CurrentControlSet\Control\Class\{4d36e968-e325-11ce-bfc1-08002be10318}\0000","SUCCESS","Desired Access: Read"
"15:21:00.6727281","ZCode.exe","23548","RegQueryKey","HKLM\System\CurrentControlSet\Control\Class\{4d36e968-e325-11ce-bfc1-08002be10318}\0000","SUCCESS","Query: HandleTags, HandleTags: 0x0"
"15:21:00.6727891","ZCode.exe","23548","RegSetInfoKey","HKLM\System\CurrentControlSet\Control\Class\{4d36e968-e325-11ce-bfc1-08002be10318}\0000","SUCCESS","KeySetInformationClass: KeySetHandleTagsInformation, Length: 0"
"15:21:00.6728282","ZCode.exe","23548","RegOpenKey","HKLM\System\CurrentControlSet\Control\Class\{4d36e968-e325-11ce-bfc1-08002be10318}\0000\3DKeys","SUCCESS","Desired Access: All Access"
"15:21:00.6728633","ZCode.exe","23548","RegQueryValue","HKLM\System\CurrentControlSet\Control\Class\{4d36e968-e325-11ce-bfc1-08002be10318}\0000\3DKeys\ZCode.exe_GlobalOrPerApp","NAME NOT FOUND","Length: 20"
"15:21:00.6728821","ZCode.exe","23548","RegCloseKey","HKLM\System\CurrentControlSet\Control\Class\{4d36e968-e325-11ce-bfc1-08002be10318}\0000","SUCCESS",""
"15:21:00.6728989","ZCode.exe","23548","RegCloseKey","HKLM\System\CurrentControlSet\Control\Class\{4d36e968-e325-11ce-bfc1-08002be10318}\0000\3DKeys","SUCCESS",""
"15:21:00.6729713","ZCode.exe","23548","RegOpenKey","HKLM\System\CurrentControlSet\Enum\PCI\VEN_8086&DEV_9A49&SUBSYS_0A201028&REV_01\3&11583659&0&10","SUCCESS","Desired Access: Query Value, Maximum Allowed"
"15:21:00.6729921","ZCode.exe","23548","RegQueryValue","HKLM\System\CurrentControlSet\Enum\PCI\VEN_8086&DEV_9A49&SUBSYS_0A201028&REV_01\3&11583659&0&10\Driver","SUCCESS","Type: REG_SZ, Length: 88, Data: {4d36e968-e325-11ce-bfc1-08002be10318}\0000"
"15:21:00.6730129","ZCode.exe","23548","RegCloseKey","HKLM\System\CurrentControlSet\Enum\PCI\VEN_8086&DEV_9A49&SUBSYS_0A201028&REV_01\3&11583659&0&10","SUCCESS",""
"15:21:00.6730414","ZCode.exe","23548","RegOpenKey","HKLM\System\CurrentControlSet\Control\Class\{4d36e968-e325-11ce-bfc1-08002be10318}\0000","SUCCESS","Desired Access: Read"
"15:21:00.6730587","ZCode.exe","23548","RegQueryKey","HKLM\System\CurrentControlSet\Control\Class\{4d36e968-e325-11ce-bfc1-08002be10318}\0000","SUCCESS","Query: HandleTags, HandleTags: 0x0"
"15:21:00.6730738","ZCode.exe","23548","RegSetInfoKey","HKLM\System\CurrentControlSet\Control\Class\{4d36e968-e325-11ce-bfc1-08002be10318}\0000","SUCCESS","KeySetInformationClass: KeySetHandleTagsInformation, Length: 0"
"15:21:00.6730900","ZCode.exe","23548","RegOpenKey","HKLM\System\CurrentControlSet\Control\Class\{4d36e968-e325-11ce-bfc1-08002be10318}\0000\3DKeys","SUCCESS","Desired Access: All Access"
"15:21:00.6731069","ZCode.exe","23548","RegQueryValue","HKLM\System\CurrentControlSet\Control\Class\{4d36e968-e325-11ce-bfc1-08002be10318}\0000\3DKeys\ZCode.exe_AsyncFlipMode","NAME NOT FOUND","Length: 20"
"15:21:00.6731242","ZCode.exe","23548","RegCloseKey","HKLM\System\CurrentControlSet\Control\Class\{4d36e968-e325-11ce-bfc1-08002be10318}\0000","SUCCESS",""
"15:21:00.6731395","ZCode.exe","23548","RegCloseKey","HKLM\System\CurrentControlSet\Control\Class\{4d36e968-e325-11ce-bfc1-08002be10318}\0000\3DKeys","SUCCESS",""
"15:21:00.6731800","ZCode.exe","23548","RegOpenKey","HKLM\System\CurrentControlSet\Enum\PCI\VEN_8086&DEV_9A49&SUBSYS_0A201028&REV_01\3&11583659&0&10","SUCCESS","Desired Access: Query Value, Maximum Allowed"
"15:21:00.6731995","ZCode.exe","23548","RegQueryValue","HKLM\System\CurrentControlSet\Enum\PCI\VEN_8086&DEV_9A49&SUBSYS_0A201028&REV_01\3&11583659&0&10\Driver","SUCCESS","Type: REG_SZ, Length: 88, Data: {4d36e968-e325-11ce-bfc1-08002be10318}\0000"
"15:21:00.6732180","ZCode.exe","23548","RegCloseKey","HKLM\System\CurrentControlSet\Enum\PCI\VEN_8086&DEV_9A49&SUBSYS_0A201028&REV_01\3&11583659&0&10","SUCCESS",""
"15:21:00.6732354","ZCode.exe","23548","RegOpenKey","HKLM\System\CurrentControlSet\Control\Class\{4d36e968-e325-11ce-bfc1-08002be10318}\0000","SUCCESS","Desired Access: Read"
"15:21:00.6732520","ZCode.exe","23548","RegQueryKey","HKLM\System\CurrentControlSet\Control\Class\{4d36e968-e325-11ce-bfc1-08002be10318}\0000","SUCCESS","Query: HandleTags, HandleTags: 0x0"
"15:21:00.6732920","ZCode.exe","23548","RegSetInfoKey","HKLM\System\CurrentControlSet\Control\Class\{4d36e968-e325-11ce-bfc1-08002be10318}\0000","SUCCESS","KeySetInformationClass: KeySetHandleTagsInformation, Length: 0"
"15:21:00.6733133","ZCode.exe","23548","RegOpenKey","HKLM\System\CurrentControlSet\Control\Class\{4d36e968-e325-11ce-bfc1-08002be10318}\0000\3DKeys","SUCCESS","Desired Access: All Access"
"15:21:00.6733701","ZCode.exe","23548","RegQueryValue","HKLM\System\CurrentControlSet\Control\Class\{4d36e968-e325-11ce-bfc1-08002be10318}\0000\3DKeys\Global_AsyncFlipMode","NAME NOT FOUND","Length: 20"
"15:21:00.6733872","ZCode.exe","23548","RegCloseKey","HKLM\System\CurrentControlSet\Control\Class\{4d36e968-e325-11ce-bfc1-08002be10318}\0000","SUCCESS",""
"15:21:00.6734031","ZCode.exe","23548","RegCloseKey","HKLM\System\CurrentControlSet\Control\Class\{4d36e968-e325-11ce-bfc1-08002be10318}\0000\3DKeys","SUCCESS",""
"15:21:00.6740327","ZCode.exe","23548","CreateFile","C:\Windows\System32\DriverStore\FileRepository\iigd_dch.inf_amd64_890d8eaa182f97be\dxgi.dll","NAME NOT FOUND","Desired Access: Read Attributes, Disposition: Open, Options: Open Reparse Point, Attributes: n/a, ShareMode: Read, Write, Delete, AllocationSize: n/a"
"15:21:00.6741387","ZCode.exe","23548","RegQueryKey","HKLM","SUCCESS","Query: HandleTags, HandleTags: 0x0"
"15:21:00.6741920","ZCode.exe","23548","RegOpenKey","HKLM\SOFTWARE\Microsoft\Windows\CurrentVersion\AppModelUnlock","SUCCESS","Desired Access: Read"
"15:21:00.6742464","ZCode.exe","23548","RegQueryValue","HKLM\SOFTWARE\Microsoft\Windows\CurrentVersion\AppModelUnlock\AllowDevelopmentWithoutDevLicense","NAME NOT FOUND","Length: 16"
"15:21:00.6742682","ZCode.exe","23548","RegCloseKey","HKLM\SOFTWARE\Microsoft\Windows\CurrentVersion\AppModelUnlock","SUCCESS",""
"15:21:00.6743128","ZCode.exe","23548","RegQueryKey","HKLM","SUCCESS","Query: HandleTags, HandleTags: 0x0"
"15:21:00.6743302","ZCode.exe","23548","RegOpenKey","HKLM\System\CurrentControlSet\Control\Class\{4d36e968-e325-11ce-bfc1-08002be10318}\0000","SUCCESS","Desired Access: Read"
"15:21:00.6743537","ZCode.exe","23548","RegQueryValue","HKLM\System\CurrentControlSet\Control\Class\{4d36e968-e325-11ce-bfc1-08002be10318}\0000\DriverStorePathForComputeRuntime","BUFFER OVERFLOW","Length: 144"
"15:21:00.6743714","ZCode.exe","23548","RegQueryValue","HKLM\System\CurrentControlSet\Control\Class\{4d36e968-e325-11ce-bfc1-08002be10318}\0000\DriverStorePathForComputeRuntime","SUCCESS","Type: REG_SZ, Length: 166, Data: C:\WINDOWS\System32\DriverStore\FileRepository\iigd_dch.inf_amd64_890d8eaa182f97be"
"15:21:00.6744290","ZCode.exe","23548","RegQueryValue","HKLM\System\CurrentControlSet\Control\Class\{4d36e968-e325-11ce-bfc1-08002be10318}\0000\DriverStorePathForComputeRuntime","BUFFER OVERFLOW","Length: 144"
"15:21:00.6744648","ZCode.exe","23548","RegQueryValue","HKLM\System\CurrentControlSet\Control\Class\{4d36e968-e325-11ce-bfc1-08002be10318}\0000\DriverStorePathForComputeRuntime","SUCCESS","Type: REG_SZ, Length: 166, Data: C:\WINDOWS\System32\DriverStore\FileRepository\iigd_dch.inf_amd64_890d8eaa182f97be"
"15:21:00.6745215","ZCode.exe","23548","RegCloseKey","HKLM\System\CurrentControlSet\Control\Class\{4d36e968-e325-11ce-bfc1-08002be10318}\0000","SUCCESS",""
"15:21:00.6748022","ZCode.exe","23548","CreateFile","C:\Windows\System32\DriverStore\FileRepository\iigd_dch.inf_amd64_890d8eaa182f97be\igc64.dll","SUCCESS","Desired Access: Read Attributes, Disposition: Open, Options: Open Reparse Point, Attributes: n/a, ShareMode: Read, Write, Delete, AllocationSize: n/a, OpenResult: Opened"
"15:21:00.6748571","ZCode.exe","23548","QueryBasicInformationFile","C:\Windows\System32\DriverStore\FileRepository\iigd_dch.inf_amd64_890d8eaa182f97be\igc64.dll","SUCCESS","CreationTime: 28-04-2026 17:23:44, LastAccessTime: 26-06-2026 15:21:00, LastWriteTime: 11-02-2026 19:30:58, ChangeTime: 29-05-2026 08:59:08, FileAttributes: A"
"15:21:00.6748755","ZCode.exe","23548","CloseFile","C:\Windows\System32\DriverStore\FileRepository\iigd_dch.inf_amd64_890d8eaa182f97be\igc64.dll","SUCCESS",""
"15:21:00.6749997","ZCode.exe","23548","CreateFile","C:\Windows\System32\DriverStore\FileRepository\iigd_dch.inf_amd64_890d8eaa182f97be\igc64.dll","SUCCESS","Desired Access: Read Data/List Directory, Execute/Traverse, Synchronize, Disposition: Open, Options: Synchronous IO Non-Alert, Non-Directory File, Attributes: n/a, ShareMode: Read, Delete, AllocationSize: n/a, OpenResult: Opened"
"15:21:00.6750350","ZCode.exe","23548","CreateFileMapping","C:\Windows\System32\DriverStore\FileRepository\iigd_dch.inf_amd64_890d8eaa182f97be\igc64.dll","FILE LOCKED WITH ONLY READERS","SyncType: SyncTypeCreateSection, PageProtection: PAGE_EXECUTE"
"15:21:00.6750707","ZCode.exe","23548","CreateFileMapping","C:\Windows\System32\DriverStore\FileRepository\iigd_dch.inf_amd64_890d8eaa182f97be\igc64.dll","SUCCESS","SyncType: SyncTypeOther"
"15:21:00.6751962","ZCode.exe","23548","Load Image","C:\Windows\System32\DriverStore\FileRepository\iigd_dch.inf_amd64_890d8eaa182f97be\igc64.dll","SUCCESS","Image Base: 0x7ffaf7be0000, Image Size: 0x52b4000"
"15:21:00.6753794","ZCode.exe","23548","CloseFile","C:\Windows\System32\DriverStore\FileRepository\iigd_dch.inf_amd64_890d8eaa182f97be\igc64.dll","SUCCESS",""
"15:21:00.6790643","ZCode.exe","23548","RegQueryValue","HKLM\System\CurrentControlSet\Control\WMI\Security\f74c1b70-0539-4f42-8f4a-c5ba0cdbef7c","NAME NOT FOUND","Length: 528"
"15:21:00.6829493","ZCode.exe","23548","RegOpenKey","HKLM\System\CurrentControlSet\Control\Class\{4d36e968-e325-11ce-bfc1-08002be10318}\0000","SUCCESS","Desired Access: Read, Maximum Allowed"
"15:21:00.6829731","ZCode.exe","23548","RegQueryValue","HKLM\System\CurrentControlSet\Control\Class\{4d36e968-e325-11ce-bfc1-08002be10318}\0000\DXCoreAttributes","BUFFER OVERFLOW","Length: 134"
"15:21:00.6829952","ZCode.exe","23548","RegQueryValue","HKLM\System\CurrentControlSet\Control\Class\{4d36e968-e325-11ce-bfc1-08002be10318}\0000\DXCoreAttributes","SUCCESS","Type: REG_MULTI_SZ, Length: 470, Data: {B69EB219-3DED-4464-979F-A00BD4687006}, {248E2800-A793-4724-ABAA-23A6DE1BE090}, {8C47866B-7583-450D-F0F0-6BADA895AF4B}, {0C9ECE4D-2F6E-4F01-8C96-E89E331B47B1}, {B71B0D41-1088-422F-A27C-0250B7D3A988}, {8EB2C848-82F6-4B49-AA87-AECFCF0174C6}"
"15:21:00.6830916","ZCode.exe","23548","RegQueryValue","HKLM\System\CurrentControlSet\Control\Class\{4d36e968-e325-11ce-bfc1-08002be10318}\0000\DXCoreAttributes","SUCCESS","Type: REG_MULTI_SZ, Length: 470, Data: {B69EB219-3DED-4464-979F-A00BD4687006}, {248E2800-A793-4724-ABAA-23A6DE1BE090}, {8C47866B-7583-450D-F0F0-6BADA895AF4B}, {0C9ECE4D-2F6E-4F01-8C96-E89E331B47B1}, {B71B0D41-1088-422F-A27C-0250B7D3A988}, {8EB2C848-82F6-4B49-AA87-AECFCF0174C6}"
"15:21:00.6831532","ZCode.exe","23548","RegCloseKey","HKLM\System\CurrentControlSet\Control\Class\{4d36e968-e325-11ce-bfc1-08002be10318}\0000","SUCCESS",""
"15:21:00.6832772","ZCode.exe","23548","RegOpenKey","HKLM\System\CurrentControlSet\Control\Class\{4d36e968-e325-11ce-bfc1-08002be10318}\0000","SUCCESS","Desired Access: Read, Maximum Allowed"
"15:21:00.6833484","ZCode.exe","23548","RegQueryValue","HKLM\System\CurrentControlSet\Control\Class\{4d36e968-e325-11ce-bfc1-08002be10318}\0000\DXCoreAttributes","BUFFER OVERFLOW","Length: 134"
"15:21:00.6834117","ZCode.exe","23548","RegQueryValue","HKLM\System\CurrentControlSet\Control\Class\{4d36e968-e325-11ce-bfc1-08002be10318}\0000\DXCoreAttributes","SUCCESS","Type: REG_MULTI_SZ, Length: 470, Data: {B69EB219-3DED-4464-979F-A00BD4687006}, {248E2800-A793-4724-ABAA-23A6DE1BE090}, {8C47866B-7583-450D-F0F0-6BADA895AF4B}, {0C9ECE4D-2F6E-4F01-8C96-E89E331B47B1}, {B71B0D41-1088-422F-A27C-0250B7D3A988}, {8EB2C848-82F6-4B49-AA87-AECFCF0174C6}"
"15:21:00.6834757","ZCode.exe","23548","RegQueryValue","HKLM\System\CurrentControlSet\Control\Class\{4d36e968-e325-11ce-bfc1-08002be10318}\0000\DXCoreAttributes","SUCCESS","Type: REG_MULTI_SZ, Length: 470, Data: {B69EB219-3DED-4464-979F-A00BD4687006}, {248E2800-A793-4724-ABAA-23A6DE1BE090}, {8C47866B-7583-450D-F0F0-6BADA895AF4B}, {0C9ECE4D-2F6E-4F01-8C96-E89E331B47B1}, {B71B0D41-1088-422F-A27C-0250B7D3A988}, {8EB2C848-82F6-4B49-AA87-AECFCF0174C6}"
"15:21:00.6835503","ZCode.exe","23548","RegCloseKey","HKLM\System\CurrentControlSet\Control\Class\{4d36e968-e325-11ce-bfc1-08002be10318}\0000","SUCCESS",""
"15:21:00.6837466","ZCode.exe","23548","RegOpenKey","HKLM\System\CurrentControlSet\Services\BasicRender","SUCCESS","Desired Access: Read, Maximum Allowed"
"15:21:00.6838143","ZCode.exe","23548","RegQueryValue","HKLM\System\CurrentControlSet\Services\BasicRender\DXCoreAttributes","NAME NOT FOUND","Length: 134"
"15:21:00.6838821","ZCode.exe","23548","RegCloseKey","HKLM\System\CurrentControlSet\Services\BasicRender","SUCCESS",""
"15:21:00.6839517","ZCode.exe","23548","RegOpenKey","HKLM\System\CurrentControlSet\Services\BasicRender","SUCCESS","Desired Access: Read, Maximum Allowed"
"15:21:00.6840306","ZCode.exe","23548","RegQueryValue","HKLM\System\CurrentControlSet\Services\BasicRender\DXAttributes","NAME NOT FOUND","Length: 134"
"15:21:00.6840917","ZCode.exe","23548","RegCloseKey","HKLM\System\CurrentControlSet\Services\BasicRender","SUCCESS",""
"15:21:00.6841911","ZCode.exe","23548","RegQueryKey","HKCU","SUCCESS","Query: HandleTags, HandleTags: 0x0"
"15:21:00.6842457","ZCode.exe","23548","RegOpenKey","HKCU\Software\Microsoft\DirectX\UserGpuPreferences","NAME NOT FOUND","Desired Access: Read"
"15:21:00.6846731","ZCode.exe","23548","RegQueryKey","HKLM","SUCCESS","Query: HandleTags, HandleTags: 0x0"
"15:21:00.6846928","ZCode.exe","23548","RegOpenKey","HKLM\Software\Microsoft\DirectX\{5D511F2A-3765-11F0-97F6-806E6F6E6963}","SUCCESS","Desired Access: Read"
"15:21:00.6847126","ZCode.exe","23548","RegSetInfoKey","HKLM\SOFTWARE\Microsoft\DirectX\{5D511F2A-3765-11F0-97F6-806E6F6E6963}","SUCCESS","KeySetInformationClass: KeySetHandleTagsInformation, Length: 0"
"15:21:00.6847257","ZCode.exe","23548","RegQueryValue","HKLM\SOFTWARE\Microsoft\DirectX\{5D511F2A-3765-11F0-97F6-806E6F6E6963}\AdapterFamily","NAME NOT FOUND","Length: 12"
"15:21:00.6847604","ZCode.exe","23548","RegCloseKey","HKLM\SOFTWARE\Microsoft\DirectX\{5D511F2A-3765-11F0-97F6-806E6F6E6963}","SUCCESS",""
"15:21:00.6850147","ZCode.exe","23548","CreateFile","C:\Windows\System32\DriverStore\FileRepository\iigd_dch.inf_amd64_890d8eaa182f97be\igd12umd64.dll","SUCCESS","Desired Access: Read Attributes, Disposition: Open, Options: Open Reparse Point, Attributes: n/a, ShareMode: Read, Write, Delete, AllocationSize: n/a, OpenResult: Opened"
"15:21:00.6850585","ZCode.exe","23548","QueryBasicInformationFile","C:\Windows\System32\DriverStore\FileRepository\iigd_dch.inf_amd64_890d8eaa182f97be\igd12umd64.dll","SUCCESS","CreationTime: 28-04-2026 17:23:45, LastAccessTime: 26-06-2026 15:21:00, LastWriteTime: 11-02-2026 19:31:14, ChangeTime: 29-05-2026 09:01:02, FileAttributes: A"
"15:21:00.6850744","ZCode.exe","23548","CloseFile","C:\Windows\System32\DriverStore\FileRepository\iigd_dch.inf_amd64_890d8eaa182f97be\igd12umd64.dll","SUCCESS",""
"15:21:00.6851910","ZCode.exe","23548","CreateFile","C:\Windows\System32\DriverStore\FileRepository\iigd_dch.inf_amd64_890d8eaa182f97be\igd12umd64.dll","SUCCESS","Desired Access: Read Data/List Directory, Execute/Traverse, Synchronize, Disposition: Open, Options: Synchronous IO Non-Alert, Non-Directory File, Attributes: n/a, ShareMode: Read, Delete, AllocationSize: n/a, OpenResult: Opened"
"15:21:00.6852366","ZCode.exe","23548","CreateFileMapping","C:\Windows\System32\DriverStore\FileRepository\iigd_dch.inf_amd64_890d8eaa182f97be\igd12umd64.dll","FILE LOCKED WITH ONLY READERS","SyncType: SyncTypeCreateSection, PageProtection: PAGE_EXECUTE"
"15:21:00.6853114","ZCode.exe","23548","CreateFileMapping","C:\Windows\System32\DriverStore\FileRepository\iigd_dch.inf_amd64_890d8eaa182f97be\igd12umd64.dll","SUCCESS","SyncType: SyncTypeOther"
"15:21:00.6854243","ZCode.exe","23548","Load Image","C:\Windows\System32\DriverStore\FileRepository\iigd_dch.inf_amd64_890d8eaa182f97be\igd12umd64.dll","SUCCESS","Image Base: 0x7ffadd830000, Image Size: 0x72000"
"15:21:00.6855846","ZCode.exe","23548","CloseFile","C:\Windows\System32\DriverStore\FileRepository\iigd_dch.inf_amd64_890d8eaa182f97be\igd12umd64.dll","SUCCESS",""
"15:21:00.6860671","ZCode.exe","23548","RegOpenKey","HKLM\System\CurrentControlSet\Enum\PCI\VEN_8086&DEV_9A49&SUBSYS_0A201028&REV_01\3&11583659&0&10","SUCCESS","Desired Access: Query Value, Maximum Allowed"
"15:21:00.6861025","ZCode.exe","23548","RegOpenKey","HKLM\System\CurrentControlSet\Enum\PCI\VEN_8086&DEV_9A49&SUBSYS_0A201028&REV_01\3&11583659&0&10\Properties\{83da6326-97a6-4088-9453-a1923f573b29}\0009","SUCCESS","Desired Access: Query Value"
"15:21:00.6861382","ZCode.exe","23548","RegQueryValue","HKLM\System\CurrentControlSet\Enum\PCI\VEN_8086&DEV_9A49&SUBSYS_0A201028&REV_01\3&11583659&0&10\Properties\{83da6326-97a6-4088-9453-a1923f573b29}\0009\(Default)","NAME NOT FOUND","Length: 140"
"15:21:00.6861558","ZCode.exe","23548","RegCloseKey","HKLM\System\CurrentControlSet\Enum\PCI\VEN_8086&DEV_9A49&SUBSYS_0A201028&REV_01\3&11583659&0&10\Properties\{83da6326-97a6-4088-9453-a1923f573b29}\0009","SUCCESS",""
"15:21:00.6861706","ZCode.exe","23548","RegCloseKey","HKLM\System\CurrentControlSet\Enum\PCI\VEN_8086&DEV_9A49&SUBSYS_0A201028&REV_01\3&11583659&0&10","SUCCESS",""
"15:21:00.6865318","ZCode.exe","23548","CreateFile","C:\Windows\System32\DriverStore\FileRepository\iigd_dch.inf_amd64_890d8eaa182f97be\igdext64.dll","SUCCESS","Desired Access: Read Attributes, Disposition: Open, Options: Open Reparse Point, Attributes: n/a, ShareMode: Read, Write, Delete, AllocationSize: n/a, OpenResult: Opened"
"15:21:00.6866253","ZCode.exe","23548","QueryNetworkOpenInformationFile","C:\Windows\System32\DriverStore\FileRepository\iigd_dch.inf_amd64_890d8eaa182f97be\igdext64.dll","SUCCESS","CreationTime: 28-04-2026 17:23:45, LastAccessTime: 26-06-2026 15:21:00, LastWriteTime: 11-02-2026 19:31:26, ChangeTime: 29-05-2026 09:01:02, AllocationSize: 01-01-1601 05:30:00, EndOfFile: 01-01-1601 05:30:00, FileAttributes: A"
"15:21:00.6866428","ZCode.exe","23548","CloseFile","C:\Windows\System32\DriverStore\FileRepository\iigd_dch.inf_amd64_890d8eaa182f97be\igdext64.dll","SUCCESS",""
"15:21:00.6870971","ZCode.exe","23548","CreateFile","C:\Windows\System32\DriverStore\FileRepository\iigd_dch.inf_amd64_890d8eaa182f97be\igd12um64xel.dll","SUCCESS","Desired Access: Read Attributes, Disposition: Open, Options: Open Reparse Point, Attributes: n/a, ShareMode: Read, Write, Delete, AllocationSize: n/a, OpenResult: Opened"
"15:21:00.6871307","ZCode.exe","23548","QueryBasicInformationFile","C:\Windows\System32\DriverStore\FileRepository\iigd_dch.inf_amd64_890d8eaa182f97be\igd12um64xel.dll","SUCCESS","CreationTime: 28-04-2026 17:23:44, LastAccessTime: 26-06-2026 15:21:00, LastWriteTime: 11-02-2026 19:31:12, ChangeTime: 29-05-2026 09:01:03, FileAttributes: A"
"15:21:00.6871425","ZCode.exe","23548","CloseFile","C:\Windows\System32\DriverStore\FileRepository\iigd_dch.inf_amd64_890d8eaa182f97be\igd12um64xel.dll","SUCCESS",""
"15:21:00.6873313","ZCode.exe","23548","CreateFile","C:\Windows\System32\DriverStore\FileRepository\iigd_dch.inf_amd64_890d8eaa182f97be\igd12um64xel.dll","SUCCESS","Desired Access: Read Data/List Directory, Execute/Traverse, Synchronize, Disposition: Open, Options: Synchronous IO Non-Alert, Non-Directory File, Attributes: n/a, ShareMode: Read, Delete, AllocationSize: n/a, OpenResult: Opened"
"15:21:00.6873790","ZCode.exe","23548","CreateFileMapping","C:\Windows\System32\DriverStore\FileRepository\iigd_dch.inf_amd64_890d8eaa182f97be\igd12um64xel.dll","FILE LOCKED WITH ONLY READERS","SyncType: SyncTypeCreateSection, PageProtection: PAGE_EXECUTE"
"15:21:00.6878554","ZCode.exe","23548","CreateFileMapping","C:\Windows\System32\DriverStore\FileRepository\iigd_dch.inf_amd64_890d8eaa182f97be\igd12um64xel.dll","SUCCESS","SyncType: SyncTypeOther"
"15:21:00.6879650","ZCode.exe","23548","Load Image","C:\Windows\System32\DriverStore\FileRepository\iigd_dch.inf_amd64_890d8eaa182f97be\igd12um64xel.dll","SUCCESS","Image Base: 0x7ffa88c00000, Image Size: 0x22db000"
"15:21:00.6890629","ZCode.exe","23548","CloseFile","C:\Windows\System32\DriverStore\FileRepository\iigd_dch.inf_amd64_890d8eaa182f97be\igd12um64xel.dll","SUCCESS",""
"15:21:00.6910551","ZCode.exe","23548","CreateFile","C:\Windows\System32\DriverStore\FileRepository\iigd_dch.inf_amd64_890d8eaa182f97be\igdext64.dll","SUCCESS","Desired Access: Read Attributes, Disposition: Open, Options: Open Reparse Point, Attributes: n/a, ShareMode: Read, Write, Delete, AllocationSize: n/a, OpenResult: Opened"
"15:21:00.6910953","ZCode.exe","23548","QueryNetworkOpenInformationFile","C:\Windows\System32\DriverStore\FileRepository\iigd_dch.inf_amd64_890d8eaa182f97be\igdext64.dll","SUCCESS","CreationTime: 28-04-2026 17:23:45, LastAccessTime: 26-06-2026 15:21:00, LastWriteTime: 11-02-2026 19:31:26, ChangeTime: 29-05-2026 09:01:02, AllocationSize: 01-01-1601 05:30:00, EndOfFile: 01-01-1601 05:30:00, FileAttributes: A"
"15:21:00.6911068","ZCode.exe","23548","CloseFile","C:\Windows\System32\DriverStore\FileRepository\iigd_dch.inf_amd64_890d8eaa182f97be\igdext64.dll","SUCCESS",""
"15:21:00.6935590","ZCode.exe","23548","RegQueryKey","HKCU","SUCCESS","Query: HandleTags, HandleTags: 0x0"
"15:21:00.6936211","ZCode.exe","23548","RegOpenKey","HKCU\SOFTWARE\INTEL\IGFX\DAIL\","NAME NOT FOUND","Desired Access: Read"
"15:21:00.6936476","ZCode.exe","23548","RegQueryKey","HKLM","SUCCESS","Query: HandleTags, HandleTags: 0x0"
"15:21:00.6936639","ZCode.exe","23548","RegOpenKey","HKLM\Software\Intel\Display\igfxcui\3D","NAME NOT FOUND","Desired Access: Read"
"15:21:00.6937104","ZCode.exe","23548","RegQueryKey","HKLM","SUCCESS","Query: HandleTags, HandleTags: 0x0"
"15:21:00.6937305","ZCode.exe","23548","RegOpenKey","HKLM\System\CurrentControlSet\CONTROL\CLASS\{4D36E968-E325-11CE-BFC1-08002BE10318}\0000","SUCCESS","Desired Access: Query Value"
"15:21:00.6937957","ZCode.exe","23548","RegQueryValue","HKLM\System\CurrentControlSet\Control\Class\{4d36e968-e325-11ce-bfc1-08002be10318}\0000\ControlApiPath","BUFFER OVERFLOW","Length: 12"
"15:21:00.6938363","ZCode.exe","23548","RegQueryValue","HKLM\System\CurrentControlSet\Control\Class\{4d36e968-e325-11ce-bfc1-08002be10318}\0000\ControlApiPath","BUFFER OVERFLOW","Length: 144"
"15:21:00.6938542","ZCode.exe","23548","RegQueryValue","HKLM\System\CurrentControlSet\Control\Class\{4d36e968-e325-11ce-bfc1-08002be10318}\0000\ControlApiPath","SUCCESS","Type: REG_SZ, Length: 206, Data: C:\WINDOWS\System32\DriverStore\FileRepository\iigd_dch.inf_amd64_890d8eaa182f97be\IntelControlLib.dll"
"15:21:00.6938927","ZCode.exe","23548","RegCloseKey","HKLM\System\CurrentControlSet\Control\Class\{4d36e968-e325-11ce-bfc1-08002be10318}\0000","SUCCESS",""
"15:21:00.6939453","ZCode.exe","23548","RegQueryKey","HKLM","SUCCESS","Query: HandleTags, HandleTags: 0x0"
"15:21:00.6940230","ZCode.exe","23548","RegOpenKey","HKLM\System\CurrentControlSet\CONTROL\CLASS\{4D36E968-E325-11CE-BFC1-08002BE10318}\0000","SUCCESS","Desired Access: Query Value"
"15:21:00.6941261","ZCode.exe","23548","RegQueryValue","HKLM\System\CurrentControlSet\Control\Class\{4d36e968-e325-11ce-bfc1-08002be10318}\0000\ControlApiPath","BUFFER OVERFLOW","Length: 116"
"15:21:00.6942084","ZCode.exe","23548","RegQueryValue","HKLM\System\CurrentControlSet\Control\Class\{4d36e968-e325-11ce-bfc1-08002be10318}\0000\ControlApiPath","BUFFER OVERFLOW","Length: 144"
"15:21:00.6942974","ZCode.exe","23548","RegQueryValue","HKLM\System\CurrentControlSet\Control\Class\{4d36e968-e325-11ce-bfc1-08002be10318}\0000\ControlApiPath","SUCCESS","Type: REG_SZ, Length: 206, Data: C:\WINDOWS\System32\DriverStore\FileRepository\iigd_dch.inf_amd64_890d8eaa182f97be\IntelControlLib.dll"
"15:21:00.6943181","ZCode.exe","23548","RegCloseKey","HKLM\System\CurrentControlSet\Control\Class\{4d36e968-e325-11ce-bfc1-08002be10318}\0000","SUCCESS",""
"15:21:00.6945926","ZCode.exe","23548","CreateFile","C:\Windows\System32\DriverStore\FileRepository\iigd_dch.inf_amd64_890d8eaa182f97be\IntelControlLib.dll","SUCCESS","Desired Access: Read Attributes, Disposition: Open, Options: Open Reparse Point, Attributes: n/a, ShareMode: Read, Write, Delete, AllocationSize: n/a, OpenResult: Opened"
"15:21:00.6946363","ZCode.exe","23548","QueryBasicInformationFile","C:\Windows\System32\DriverStore\FileRepository\iigd_dch.inf_amd64_890d8eaa182f97be\IntelControlLib.dll","SUCCESS","CreationTime: 28-04-2026 17:23:45, LastAccessTime: 26-06-2026 15:21:00, LastWriteTime: 11-02-2026 19:32:02, ChangeTime: 29-05-2026 08:59:05, FileAttributes: A"
"15:21:00.6946532","ZCode.exe","23548","CloseFile","C:\Windows\System32\DriverStore\FileRepository\iigd_dch.inf_amd64_890d8eaa182f97be\IntelControlLib.dll","SUCCESS",""
"15:21:00.6948244","ZCode.exe","23548","CreateFile","C:\Windows\System32\DriverStore\FileRepository\iigd_dch.inf_amd64_890d8eaa182f97be\IntelControlLib.dll","SUCCESS","Desired Access: Read Data/List Directory, Execute/Traverse, Synchronize, Disposition: Open, Options: Synchronous IO Non-Alert, Non-Directory File, Attributes: n/a, ShareMode: Read, Delete, AllocationSize: n/a, OpenResult: Opened"
"15:21:00.6948959","ZCode.exe","23548","CreateFileMapping","C:\Windows\System32\DriverStore\FileRepository\iigd_dch.inf_amd64_890d8eaa182f97be\IntelControlLib.dll","FILE LOCKED WITH ONLY READERS","SyncType: SyncTypeCreateSection, PageProtection: PAGE_EXECUTE"
"15:21:00.6949548","ZCode.exe","23548","CreateFileMapping","C:\Windows\System32\DriverStore\FileRepository\iigd_dch.inf_amd64_890d8eaa182f97be\IntelControlLib.dll","SUCCESS","SyncType: SyncTypeOther"
"15:21:00.6950522","ZCode.exe","23548","Load Image","C:\Windows\System32\DriverStore\FileRepository\iigd_dch.inf_amd64_890d8eaa182f97be\IntelControlLib.dll","SUCCESS","Image Base: 0x7ffacd8c0000, Image Size: 0xb2000"
"15:21:00.6951375","ZCode.exe","23548","RegOpenKey","HKLM\Software\Microsoft\Windows\CurrentVersion\SideBySide","SUCCESS","Desired Access: Read"
"15:21:00.6951644","ZCode.exe","23548","RegQueryValue","HKLM\SOFTWARE\Microsoft\Windows\CurrentVersion\SideBySide\PreferExternalManifest","NAME NOT FOUND","Length: 20"
"15:21:00.6951863","ZCode.exe","23548","RegCloseKey","HKLM\SOFTWARE\Microsoft\Windows\CurrentVersion\SideBySide","SUCCESS",""
"15:21:00.6952967","ZCode.exe","23548","CreateFile","C:\Windows\System32\DriverStore\FileRepository\iigd_dch.inf_amd64_890d8eaa182f97be\IntelControlLib.dll","SUCCESS","Desired Access: Generic Read, Disposition: Open, Options: Synchronous IO Non-Alert, Non-Directory File, Attributes: n/a, ShareMode: Read, Delete, AllocationSize: n/a, OpenResult: Opened"
"15:21:00.6957114","ZCode.exe","23548","CloseFile","C:\Windows\System32\DriverStore\FileRepository\iigd_dch.inf_amd64_890d8eaa182f97be\IntelControlLib.dll","SUCCESS",""
"15:21:00.6958164","ZCode.exe","23548","CloseFile","C:\Windows\System32\DriverStore\FileRepository\iigd_dch.inf_amd64_890d8eaa182f97be\IntelControlLib.dll","SUCCESS",""
"15:21:00.6960536","ZCode.exe","23548","CreateFile","C:\Windows\System32\d3d11.dll","SUCCESS","Desired Access: Read Attributes, Disposition: Open, Options: Open Reparse Point, Attributes: n/a, ShareMode: Read, Write, Delete, AllocationSize: n/a, OpenResult: Opened"
"15:21:00.6961108","ZCode.exe","23548","QueryBasicInformationFile","C:\Windows\System32\d3d11.dll","SUCCESS","CreationTime: 24-06-2026 11:34:01, LastAccessTime: 26-06-2026 15:21:00, LastWriteTime: 24-06-2026 11:34:01, ChangeTime: 24-06-2026 16:31:22, FileAttributes: A"
"15:21:00.6961461","ZCode.exe","23548","CloseFile","C:\Windows\System32\d3d11.dll","SUCCESS",""
"15:21:00.6963054","ZCode.exe","23548","CreateFile","C:\Windows\System32\d3d11.dll","SUCCESS","Desired Access: Read Data/List Directory, Execute/Traverse, Synchronize, Disposition: Open, Options: Synchronous IO Non-Alert, Non-Directory File, Attributes: n/a, ShareMode: Read, Delete, AllocationSize: n/a, OpenResult: Opened"
"15:21:00.6963575","ZCode.exe","23548","CreateFileMapping","C:\Windows\System32\d3d11.dll","FILE LOCKED WITH ONLY READERS","SyncType: SyncTypeCreateSection, PageProtection: PAGE_EXECUTE"
"15:21:00.6963945","ZCode.exe","23548","CreateFileMapping","C:\Windows\System32\d3d11.dll","SUCCESS","SyncType: SyncTypeOther"
"15:21:00.6964972","ZCode.exe","23548","Load Image","C:\Windows\System32\d3d11.dll","SUCCESS","Image Base: 0x7ffb02ca0000, Image Size: 0x260000"
"15:21:00.6966814","ZCode.exe","23548","CloseFile","C:\Windows\System32\d3d11.dll","SUCCESS",""
"15:21:00.6974211","ZCode.exe","23548","RegQueryKey","HKLM","SUCCESS","Query: HandleTags, HandleTags: 0x0"
"15:21:00.6974589","ZCode.exe","23548","RegOpenKey","HKLM\SOFTWARE\Intel\Display\IGCL","NAME NOT FOUND","Desired Access: Query Value"
"15:21:00.6975240","ZCode.exe","23548","RegOpenKey","HKLM\System\CurrentControlSet\Control\DeviceClasses\{1ca05180-a699-450a-9a0c-de4fbe3ddd89}","SUCCESS","Desired Access: All Access"
"15:21:00.6975550","ZCode.exe","23548","RegOpenKey","HKLM\System\CurrentControlSet\Control\DeviceClasses\{1ca05180-a699-450a-9a0c-de4fbe3ddd89}\Properties","NAME NOT FOUND","Desired Access: Query Value"
"15:21:00.6976027","ZCode.exe","23548","RegCloseKey","HKLM\System\CurrentControlSet\Control\DeviceClasses\{1ca05180-a699-450a-9a0c-de4fbe3ddd89}","SUCCESS",""
"15:21:00.6976338","ZCode.exe","23548","RegOpenKey","HKLM\System\CurrentControlSet\Control\DeviceClasses\{1ca05180-a699-450a-9a0c-de4fbe3ddd89}","SUCCESS","Desired Access: All Access"
"15:21:00.6976562","ZCode.exe","23548","RegOpenKey","HKLM\System\CurrentControlSet\Control\DeviceClasses\{1ca05180-a699-450a-9a0c-de4fbe3ddd89}\Properties","NAME NOT FOUND","Desired Access: Query Value"
"15:21:00.6976862","ZCode.exe","23548","RegCloseKey","HKLM\System\CurrentControlSet\Control\DeviceClasses\{1ca05180-a699-450a-9a0c-de4fbe3ddd89}","SUCCESS",""
"15:21:00.6977203","ZCode.exe","23548","RegOpenKey","HKLM\System\CurrentControlSet\Enum\ROOT\BASICRENDER\0000","SUCCESS","Desired Access: Query Value"
"15:21:00.6977711","ZCode.exe","23548","RegQueryValue","HKLM\System\CurrentControlSet\Enum\ROOT\BasicRender\0000\Phantom","NAME NOT FOUND","Length: 140"
"15:21:00.6977922","ZCode.exe","23548","RegCloseKey","HKLM\System\CurrentControlSet\Enum\ROOT\BasicRender\0000","SUCCESS",""
"15:21:00.6978261","ZCode.exe","23548","RegOpenKey","HKLM\System\CurrentControlSet\Enum\ROOT\BASICRENDER\0000","SUCCESS","Desired Access: Query Value, Maximum Allowed"
"15:21:00.6978498","ZCode.exe","23548","RegOpenKey","HKLM\System\CurrentControlSet\Enum\ROOT\BasicRender\0000\Properties\{a8b865dd-2e3d-4094-ad97-e593a70c75d6}\0008","SUCCESS","Desired Access: Query Value"
"15:21:00.6978762","ZCode.exe","23548","RegQueryValue","HKLM\System\CurrentControlSet\Enum\ROOT\BasicRender\0000\Properties\{a8b865dd-2e3d-4094-ad97-e593a70c75d6}\0008\(Default)","SUCCESS","Type: <Unknown: 4294901778>, Length: 34, Data: "
"15:21:00.6978963","ZCode.exe","23548","RegCloseKey","HKLM\System\CurrentControlSet\Enum\ROOT\BasicRender\0000\Properties\{a8b865dd-2e3d-4094-ad97-e593a70c75d6}\0008","SUCCESS",""
"15:21:00.6979133","ZCode.exe","23548","RegCloseKey","HKLM\System\CurrentControlSet\Enum\ROOT\BasicRender\0000","SUCCESS",""
"15:21:00.6979441","ZCode.exe","23548","RegOpenKey","HKLM\System\CurrentControlSet\Enum\PCI\VEN_8086&DEV_9A49&SUBSYS_0A201028&REV_01\3&11583659&0&10","SUCCESS","Desired Access: Query Value"
"15:21:00.6979725","ZCode.exe","23548","RegQueryValue","HKLM\System\CurrentControlSet\Enum\PCI\VEN_8086&DEV_9A49&SUBSYS_0A201028&REV_01\3&11583659&0&10\Phantom","NAME NOT FOUND","Length: 140"
"15:21:00.6979919","ZCode.exe","23548","RegCloseKey","HKLM\System\CurrentControlSet\Enum\PCI\VEN_8086&DEV_9A49&SUBSYS_0A201028&REV_01\3&11583659&0&10","SUCCESS",""
"15:21:00.6980190","ZCode.exe","23548","RegOpenKey","HKLM\System\CurrentControlSet\Enum\PCI\VEN_8086&DEV_9A49&SUBSYS_0A201028&REV_01\3&11583659&0&10","SUCCESS","Desired Access: Query Value, Maximum Allowed"
"15:21:00.6980432","ZCode.exe","23548","RegOpenKey","HKLM\System\CurrentControlSet\Enum\PCI\VEN_8086&DEV_9A49&SUBSYS_0A201028&REV_01\3&11583659&0&10\Properties\{a8b865dd-2e3d-4094-ad97-e593a70c75d6}\0008","SUCCESS","Desired Access: Query Value"
"15:21:00.6980641","ZCode.exe","23548","RegQueryValue","HKLM\System\CurrentControlSet\Enum\PCI\VEN_8086&DEV_9A49&SUBSYS_0A201028&REV_01\3&11583659&0&10\Properties\{a8b865dd-2e3d-4094-ad97-e593a70c75d6}\0008\(Default)","SUCCESS","Type: <Unknown: 4294901778>, Length: 76, Data: "
"15:21:00.6980842","ZCode.exe","23548","RegCloseKey","HKLM\System\CurrentControlSet\Enum\PCI\VEN_8086&DEV_9A49&SUBSYS_0A201028&REV_01\3&11583659&0&10\Properties\{a8b865dd-2e3d-4094-ad97-e593a70c75d6}\0008","SUCCESS",""
"15:21:00.6981010","ZCode.exe","23548","RegCloseKey","HKLM\System\CurrentControlSet\Enum\PCI\VEN_8086&DEV_9A49&SUBSYS_0A201028&REV_01\3&11583659&0&10","SUCCESS",""
"15:21:00.6982612","ZCode.exe","23548","RegOpenKey","HKLM\System\CurrentControlSet\Enum\PCI\VEN_8086&DEV_9A49&SUBSYS_0A201028&REV_01\3&11583659&0&10","SUCCESS","Desired Access: Query Value, Maximum Allowed"
"15:21:00.6982829","ZCode.exe","23548","RegQueryValue","HKLM\System\CurrentControlSet\Enum\PCI\VEN_8086&DEV_9A49&SUBSYS_0A201028&REV_01\3&11583659&0&10\Driver","SUCCESS","Type: REG_SZ, Length: 88, Data: {4d36e968-e325-11ce-bfc1-08002be10318}\0000"
"15:21:00.6983110","ZCode.exe","23548","RegCloseKey","HKLM\System\CurrentControlSet\Enum\PCI\VEN_8086&DEV_9A49&SUBSYS_0A201028&REV_01\3&11583659&0&10","SUCCESS",""
"15:21:00.6983520","ZCode.exe","23548","RegOpenKey","HKLM\System\CurrentControlSet\Control\Class\{4d36e968-e325-11ce-bfc1-08002be10318}\0000","SUCCESS","Desired Access: Read"
"15:21:00.6983816","ZCode.exe","23548","RegQueryKey","HKLM\System\CurrentControlSet\Control\Class\{4d36e968-e325-11ce-bfc1-08002be10318}\0000","SUCCESS","Query: HandleTags, HandleTags: 0x0"
"15:21:00.6984002","ZCode.exe","23548","RegSetInfoKey","HKLM\System\CurrentControlSet\Control\Class\{4d36e968-e325-11ce-bfc1-08002be10318}\0000","SUCCESS","KeySetInformationClass: KeySetHandleTagsInformation, Length: 0"
"15:21:00.6984178","ZCode.exe","23548","RegQueryValue","HKLM\System\CurrentControlSet\Control\Class\{4d36e968-e325-11ce-bfc1-08002be10318}\0000\96AF374A-219A-425c-A2D8-BCFB4FA8D266","NAME NOT FOUND","Length: 20"
"15:21:00.6984457","ZCode.exe","23548","RegCloseKey","HKLM\System\CurrentControlSet\Control\Class\{4d36e968-e325-11ce-bfc1-08002be10318}\0000","SUCCESS",""
"15:21:00.6987601","ZCode.exe","23548","CreateFile","C:\Windows\System32\DriverStore\FileRepository\iigd_dch.inf_amd64_890d8eaa182f97be\igsc.dll","NAME NOT FOUND","Desired Access: Read Attributes, Disposition: Open, Options: Open Reparse Point, Attributes: n/a, ShareMode: Read, Write, Delete, AllocationSize: n/a"
"15:21:00.6989670","ZCode.exe","23548","RegQueryKey","HKCU","SUCCESS","Query: HandleTags, HandleTags: 0x0"
"15:21:00.6989945","ZCode.exe","23548","RegOpenKey","HKCU\Software\Microsoft\DirectX\UserGpuPreferences","NAME NOT FOUND","Desired Access: Read"
"15:21:00.7000691","ZCode.exe","23548","RegQueryKey","HKCU","SUCCESS","Query: HandleTags, HandleTags: 0x0"
"15:21:00.7001096","ZCode.exe","23548","RegOpenKey","HKCU\Software\Microsoft\DirectX\UserGpuPreferences","NAME NOT FOUND","Desired Access: Read"
"15:21:00.7008232","ZCode.exe","23548","CreateFile","C:\Windows\System32\DriverStore\FileRepository\iigd_dch.inf_amd64_890d8eaa182f97be\igsc.dll","NAME NOT FOUND","Desired Access: Read Attributes, Disposition: Open, Options: Open Reparse Point, Attributes: n/a, ShareMode: Read, Write, Delete, AllocationSize: n/a"
"15:21:00.7009601","ZCode.exe","23548","RegQueryKey","HKCU","SUCCESS","Query: HandleTags, HandleTags: 0x0"
"15:21:00.7009762","ZCode.exe","23548","RegOpenKey","HKCU\Software\Microsoft\DirectX\UserGpuPreferences","NAME NOT FOUND","Desired Access: Read"
"15:21:00.7019159","ZCode.exe","23548","RegQueryKey","HKCU","SUCCESS","Query: HandleTags, HandleTags: 0x0"
"15:21:00.7019387","ZCode.exe","23548","RegOpenKey","HKCU\Software\Microsoft\DirectX\UserGpuPreferences","NAME NOT FOUND","Desired Access: Read"
"15:21:00.7026825","ZCode.exe","23548","RegQueryKey","HKLM","SUCCESS","Query: HandleTags, HandleTags: 0x0"
"15:21:00.7027035","ZCode.exe","23548","RegOpenKey","HKLM\SOFTWARE\Intel\EG","NAME NOT FOUND","Desired Access: Query Value"
"15:21:00.7027588","ZCode.exe","23548","RegQueryKey","HKLM","SUCCESS","Query: HandleTags, HandleTags: 0x0"
"15:21:00.7027764","ZCode.exe","23548","RegOpenKey","HKLM\SOFTWARE\Intel\Display\IGCL","NAME NOT FOUND","Desired Access: Query Value"
"15:21:00.7028357","ZCode.exe","23548","RegOpenKey","HKLM\System\CurrentControlSet\Enum\PCI\VEN_8086&DEV_9A49&SUBSYS_0A201028&REV_01\3&11583659&0&10","SUCCESS","Desired Access: Query Value, Maximum Allowed"
"15:21:00.7028813","ZCode.exe","23548","RegQueryValue","HKLM\System\CurrentControlSet\Enum\PCI\VEN_8086&DEV_9A49&SUBSYS_0A201028&REV_01\3&11583659&0&10\Driver","SUCCESS","Type: REG_SZ, Length: 88, Data: {4d36e968-e325-11ce-bfc1-08002be10318}\0000"
"15:21:00.7029518","ZCode.exe","23548","RegCloseKey","HKLM\System\CurrentControlSet\Enum\PCI\VEN_8086&DEV_9A49&SUBSYS_0A201028&REV_01\3&11583659&0&10","SUCCESS",""
"15:21:00.7030012","ZCode.exe","23548","RegOpenKey","HKLM\System\CurrentControlSet\Control\Class\{4d36e968-e325-11ce-bfc1-08002be10318}\0000","SUCCESS","Desired Access: Read"
"15:21:00.7030259","ZCode.exe","23548","RegQueryKey","HKLM\System\CurrentControlSet\Control\Class\{4d36e968-e325-11ce-bfc1-08002be10318}\0000","SUCCESS","Query: HandleTags, HandleTags: 0x0"
"15:21:00.7031173","ZCode.exe","23548","RegSetInfoKey","HKLM\System\CurrentControlSet\Control\Class\{4d36e968-e325-11ce-bfc1-08002be10318}\0000","SUCCESS","KeySetInformationClass: KeySetHandleTagsInformation, Length: 0"
"15:21:00.7031347","ZCode.exe","23548","RegQueryValue","HKLM\System\CurrentControlSet\Control\Class\{4d36e968-e325-11ce-bfc1-08002be10318}\0000\IGCLGamingDisableControl","SUCCESS","Type: REG_DWORD, Length: 4, Data: 81924"
"15:21:00.7031652","ZCode.exe","23548","RegCloseKey","HKLM\System\CurrentControlSet\Control\Class\{4d36e968-e325-11ce-bfc1-08002be10318}\0000","SUCCESS",""
"15:21:00.7033083","ZCode.exe","23548","RegOpenKey","HKLM\System\CurrentControlSet\Enum\PCI\VEN_8086&DEV_9A49&SUBSYS_0A201028&REV_01\3&11583659&0&10","SUCCESS","Desired Access: Query Value, Maximum Allowed"
"15:21:00.7033347","ZCode.exe","23548","RegQueryValue","HKLM\System\CurrentControlSet\Enum\PCI\VEN_8086&DEV_9A49&SUBSYS_0A201028&REV_01\3&11583659&0&10\Driver","SUCCESS","Type: REG_SZ, Length: 88, Data: {4d36e968-e325-11ce-bfc1-08002be10318}\0000"
"15:21:00.7033956","ZCode.exe","23548","RegCloseKey","HKLM\System\CurrentControlSet\Enum\PCI\VEN_8086&DEV_9A49&SUBSYS_0A201028&REV_01\3&11583659&0&10","SUCCESS",""
"15:21:00.7034137","ZCode.exe","23548","RegOpenKey","HKLM\System\CurrentControlSet\Control\Class\{4d36e968-e325-11ce-bfc1-08002be10318}\0000","SUCCESS","Desired Access: Read"
"15:21:00.7034461","ZCode.exe","23548","RegQueryKey","HKLM\System\CurrentControlSet\Control\Class\{4d36e968-e325-11ce-bfc1-08002be10318}\0000","SUCCESS","Query: HandleTags, HandleTags: 0x0"
"15:21:00.7034821","ZCode.exe","23548","RegSetInfoKey","HKLM\System\CurrentControlSet\Control\Class\{4d36e968-e325-11ce-bfc1-08002be10318}\0000","SUCCESS","KeySetInformationClass: KeySetHandleTagsInformation, Length: 0"
"15:21:00.7034996","ZCode.exe","23548","RegOpenKey","HKLM\System\CurrentControlSet\Control\Class\{4d36e968-e325-11ce-bfc1-08002be10318}\0000\3DKeys","SUCCESS","Desired Access: All Access"
"15:21:00.7035146","ZCode.exe","23548","RegQueryValue","HKLM\System\CurrentControlSet\Control\Class\{4d36e968-e325-11ce-bfc1-08002be10318}\0000\3DKeys\ZCode.exe_Cmaa","NAME NOT FOUND","Length: 20"
"15:21:00.7035324","ZCode.exe","23548","RegCloseKey","HKLM\System\CurrentControlSet\Control\Class\{4d36e968-e325-11ce-bfc1-08002be10318}\0000","SUCCESS",""
"15:21:00.7035471","ZCode.exe","23548","RegCloseKey","HKLM\System\CurrentControlSet\Control\Class\{4d36e968-e325-11ce-bfc1-08002be10318}\0000\3DKeys","SUCCESS",""
"15:21:00.7036045","ZCode.exe","23548","RegOpenKey","HKLM\System\CurrentControlSet\Enum\PCI\VEN_8086&DEV_9A49&SUBSYS_0A201028&REV_01\3&11583659&0&10","SUCCESS","Desired Access: Query Value, Maximum Allowed"
"15:21:00.7036693","ZCode.exe","23548","RegQueryValue","HKLM\System\CurrentControlSet\Enum\PCI\VEN_8086&DEV_9A49&SUBSYS_0A201028&REV_01\3&11583659&0&10\Driver","SUCCESS","Type: REG_SZ, Length: 88, Data: {4d36e968-e325-11ce-bfc1-08002be10318}\0000"
"15:21:00.7036894","ZCode.exe","23548","RegCloseKey","HKLM\System\CurrentControlSet\Enum\PCI\VEN_8086&DEV_9A49&SUBSYS_0A201028&REV_01\3&11583659&0&10","SUCCESS",""
"15:21:00.7037090","ZCode.exe","23548","RegOpenKey","HKLM\System\CurrentControlSet\Control\Class\{4d36e968-e325-11ce-bfc1-08002be10318}\0000","SUCCESS","Desired Access: Read"
"15:21:00.7037277","ZCode.exe","23548","RegQueryKey","HKLM\System\CurrentControlSet\Control\Class\{4d36e968-e325-11ce-bfc1-08002be10318}\0000","SUCCESS","Query: HandleTags, HandleTags: 0x0"
"15:21:00.7037447","ZCode.exe","23548","RegSetInfoKey","HKLM\System\CurrentControlSet\Control\Class\{4d36e968-e325-11ce-bfc1-08002be10318}\0000","SUCCESS","KeySetInformationClass: KeySetHandleTagsInformation, Length: 0"
"15:21:00.7037632","ZCode.exe","23548","RegOpenKey","HKLM\System\CurrentControlSet\Control\Class\{4d36e968-e325-11ce-bfc1-08002be10318}\0000\3DKeys","SUCCESS","Desired Access: All Access"
"15:21:00.7037830","ZCode.exe","23548","RegQueryValue","HKLM\System\CurrentControlSet\Control\Class\{4d36e968-e325-11ce-bfc1-08002be10318}\0000\3DKeys\Global_Cmaa","NAME NOT FOUND","Length: 20"
"15:21:00.7038019","ZCode.exe","23548","RegCloseKey","HKLM\System\CurrentControlSet\Control\Class\{4d36e968-e325-11ce-bfc1-08002be10318}\0000","SUCCESS",""
"15:21:00.7038181","ZCode.exe","23548","RegCloseKey","HKLM\System\CurrentControlSet\Control\Class\{4d36e968-e325-11ce-bfc1-08002be10318}\0000\3DKeys","SUCCESS",""
"15:21:00.7038713","ZCode.exe","23548","RegOpenKey","HKLM\System\CurrentControlSet\Enum\PCI\VEN_8086&DEV_9A49&SUBSYS_0A201028&REV_01\3&11583659&0&10","SUCCESS","Desired Access: Query Value, Maximum Allowed"
"15:21:00.7039211","ZCode.exe","23548","RegQueryValue","HKLM\System\CurrentControlSet\Enum\PCI\VEN_8086&DEV_9A49&SUBSYS_0A201028&REV_01\3&11583659&0&10\Driver","SUCCESS","Type: REG_SZ, Length: 88, Data: {4d36e968-e325-11ce-bfc1-08002be10318}\0000"
"15:21:00.7039509","ZCode.exe","23548","RegCloseKey","HKLM\System\CurrentControlSet\Enum\PCI\VEN_8086&DEV_9A49&SUBSYS_0A201028&REV_01\3&11583659&0&10","SUCCESS",""
"15:21:00.7039747","ZCode.exe","23548","RegOpenKey","HKLM\System\CurrentControlSet\Control\Class\{4d36e968-e325-11ce-bfc1-08002be10318}\0000","SUCCESS","Desired Access: Read"
"15:21:00.7040174","ZCode.exe","23548","RegQueryKey","HKLM\System\CurrentControlSet\Control\Class\{4d36e968-e325-11ce-bfc1-08002be10318}\0000","SUCCESS","Query: HandleTags, HandleTags: 0x0"
"15:21:00.7040380","ZCode.exe","23548","RegSetInfoKey","HKLM\System\CurrentControlSet\Control\Class\{4d36e968-e325-11ce-bfc1-08002be10318}\0000","SUCCESS","KeySetInformationClass: KeySetHandleTagsInformation, Length: 0"
"15:21:00.7040534","ZCode.exe","23548","RegOpenKey","HKLM\System\CurrentControlSet\Control\Class\{4d36e968-e325-11ce-bfc1-08002be10318}\0000\3DKeys","SUCCESS","Desired Access: All Access"
"15:21:00.7040969","ZCode.exe","23548","RegQueryValue","HKLM\System\CurrentControlSet\Control\Class\{4d36e968-e325-11ce-bfc1-08002be10318}\0000\3DKeys\ZCode.exe_AsyncFlipMode","NAME NOT FOUND","Length: 20"
"15:21:00.7041400","ZCode.exe","23548","RegCloseKey","HKLM\System\CurrentControlSet\Control\Class\{4d36e968-e325-11ce-bfc1-08002be10318}\0000","SUCCESS",""
"15:21:00.7041536","ZCode.exe","23548","RegCloseKey","HKLM\System\CurrentControlSet\Control\Class\{4d36e968-e325-11ce-bfc1-08002be10318}\0000\3DKeys","SUCCESS",""
"15:21:00.7042057","ZCode.exe","23548","RegOpenKey","HKLM\System\CurrentControlSet\Enum\PCI\VEN_8086&DEV_9A49&SUBSYS_0A201028&REV_01\3&11583659&0&10","SUCCESS","Desired Access: Query Value, Maximum Allowed"
"15:21:00.7042228","ZCode.exe","23548","RegQueryValue","HKLM\System\CurrentControlSet\Enum\PCI\VEN_8086&DEV_9A49&SUBSYS_0A201028&REV_01\3&11583659&0&10\Driver","SUCCESS","Type: REG_SZ, Length: 88, Data: {4d36e968-e325-11ce-bfc1-08002be10318}\0000"
"15:21:00.7042418","ZCode.exe","23548","RegCloseKey","HKLM\System\CurrentControlSet\Enum\PCI\VEN_8086&DEV_9A49&SUBSYS_0A201028&REV_01\3&11583659&0&10","SUCCESS",""
"15:21:00.7042622","ZCode.exe","23548","RegOpenKey","HKLM\System\CurrentControlSet\Control\Class\{4d36e968-e325-11ce-bfc1-08002be10318}\0000","SUCCESS","Desired Access: Read"
"15:21:00.7042824","ZCode.exe","23548","RegQueryKey","HKLM\System\CurrentControlSet\Control\Class\{4d36e968-e325-11ce-bfc1-08002be10318}\0000","SUCCESS","Query: HandleTags, HandleTags: 0x0"
"15:21:00.7043117","ZCode.exe","23548","RegSetInfoKey","HKLM\System\CurrentControlSet\Control\Class\{4d36e968-e325-11ce-bfc1-08002be10318}\0000","SUCCESS","KeySetInformationClass: KeySetHandleTagsInformation, Length: 0"
"15:21:00.7043471","ZCode.exe","23548","RegOpenKey","HKLM\System\CurrentControlSet\Control\Class\{4d36e968-e325-11ce-bfc1-08002be10318}\0000\3DKeys","SUCCESS","Desired Access: All Access"
"15:21:00.7043679","ZCode.exe","23548","RegQueryValue","HKLM\System\CurrentControlSet\Control\Class\{4d36e968-e325-11ce-bfc1-08002be10318}\0000\3DKeys\Global_AsyncFlipMode","NAME NOT FOUND","Length: 20"
"15:21:00.7043870","ZCode.exe","23548","RegCloseKey","HKLM\System\CurrentControlSet\Control\Class\{4d36e968-e325-11ce-bfc1-08002be10318}\0000","SUCCESS",""
"15:21:00.7044033","ZCode.exe","23548","RegCloseKey","HKLM\System\CurrentControlSet\Control\Class\{4d36e968-e325-11ce-bfc1-08002be10318}\0000\3DKeys","SUCCESS",""
"15:21:00.7044580","ZCode.exe","23548","RegOpenKey","HKLM\System\CurrentControlSet\Enum\PCI\VEN_8086&DEV_9A49&SUBSYS_0A201028&REV_01\3&11583659&0&10","SUCCESS","Desired Access: Query Value, Maximum Allowed"
"15:21:00.7044733","ZCode.exe","23548","RegQueryValue","HKLM\System\CurrentControlSet\Enum\PCI\VEN_8086&DEV_9A49&SUBSYS_0A201028&REV_01\3&11583659&0&10\Driver","SUCCESS","Type: REG_SZ, Length: 88, Data: {4d36e968-e325-11ce-bfc1-08002be10318}\0000"
"15:21:00.7044871","ZCode.exe","23548","RegCloseKey","HKLM\System\CurrentControlSet\Enum\PCI\VEN_8086&DEV_9A49&SUBSYS_0A201028&REV_01\3&11583659&0&10","SUCCESS",""
"15:21:00.7044997","ZCode.exe","23548","RegOpenKey","HKLM\System\CurrentControlSet\Control\Class\{4d36e968-e325-11ce-bfc1-08002be10318}\0000","SUCCESS","Desired Access: Read"
"15:21:00.7045176","ZCode.exe","23548","RegQueryKey","HKLM\System\CurrentControlSet\Control\Class\{4d36e968-e325-11ce-bfc1-08002be10318}\0000","SUCCESS","Query: HandleTags, HandleTags: 0x0"
"15:21:00.7045300","ZCode.exe","23548","RegSetInfoKey","HKLM\System\CurrentControlSet\Control\Class\{4d36e968-e325-11ce-bfc1-08002be10318}\0000","SUCCESS","KeySetInformationClass: KeySetHandleTagsInformation, Length: 0"
"15:21:00.7045412","ZCode.exe","23548","RegOpenKey","HKLM\System\CurrentControlSet\Control\Class\{4d36e968-e325-11ce-bfc1-08002be10318}\0000\3DKeys","SUCCESS","Desired Access: All Access"
"15:21:00.7045530","ZCode.exe","23548","RegQueryValue","HKLM\System\CurrentControlSet\Control\Class\{4d36e968-e325-11ce-bfc1-08002be10318}\0000\3DKeys\ZCode.exe_AppProfile_Compat","NAME NOT FOUND","Length: 48"
"15:21:00.7045643","ZCode.exe","23548","RegCloseKey","HKLM\System\CurrentControlSet\Control\Class\{4d36e968-e325-11ce-bfc1-08002be10318}\0000","SUCCESS",""
"15:21:00.7045743","ZCode.exe","23548","RegCloseKey","HKLM\System\CurrentControlSet\Control\Class\{4d36e968-e325-11ce-bfc1-08002be10318}\0000\3DKeys","SUCCESS",""
"15:21:00.7046023","ZCode.exe","23548","RegOpenKey","HKLM\System\CurrentControlSet\Enum\PCI\VEN_8086&DEV_9A49&SUBSYS_0A201028&REV_01\3&11583659&0&10","SUCCESS","Desired Access: Query Value, Maximum Allowed"
"15:21:00.7046146","ZCode.exe","23548","RegQueryValue","HKLM\System\CurrentControlSet\Enum\PCI\VEN_8086&DEV_9A49&SUBSYS_0A201028&REV_01\3&11583659&0&10\Driver","SUCCESS","Type: REG_SZ, Length: 88, Data: {4d36e968-e325-11ce-bfc1-08002be10318}\0000"
"15:21:00.7046269","ZCode.exe","23548","RegCloseKey","HKLM\System\CurrentControlSet\Enum\PCI\VEN_8086&DEV_9A49&SUBSYS_0A201028&REV_01\3&11583659&0&10","SUCCESS",""
"15:21:00.7046380","ZCode.exe","23548","RegOpenKey","HKLM\System\CurrentControlSet\Control\Class\{4d36e968-e325-11ce-bfc1-08002be10318}\0000","SUCCESS","Desired Access: Read"
"15:21:00.7046646","ZCode.exe","23548","RegQueryKey","HKLM\System\CurrentControlSet\Control\Class\{4d36e968-e325-11ce-bfc1-08002be10318}\0000","SUCCESS","Query: HandleTags, HandleTags: 0x0"
"15:21:00.7046742","ZCode.exe","23548","RegSetInfoKey","HKLM\System\CurrentControlSet\Control\Class\{4d36e968-e325-11ce-bfc1-08002be10318}\0000","SUCCESS","KeySetInformationClass: KeySetHandleTagsInformation, Length: 0"
"15:21:00.7046866","ZCode.exe","23548","RegOpenKey","HKLM\System\CurrentControlSet\Control\Class\{4d36e968-e325-11ce-bfc1-08002be10318}\0000\3DKeys","SUCCESS","Desired Access: All Access"
"15:21:00.7046973","ZCode.exe","23548","RegQueryValue","HKLM\System\CurrentControlSet\Control\Class\{4d36e968-e325-11ce-bfc1-08002be10318}\0000\3DKeys\ZCode.exe_AppProfile_Perf","NAME NOT FOUND","Length: 48"
"15:21:00.7047487","ZCode.exe","23548","RegCloseKey","HKLM\System\CurrentControlSet\Control\Class\{4d36e968-e325-11ce-bfc1-08002be10318}\0000","SUCCESS",""
"15:21:00.7047642","ZCode.exe","23548","RegCloseKey","HKLM\System\CurrentControlSet\Control\Class\{4d36e968-e325-11ce-bfc1-08002be10318}\0000\3DKeys","SUCCESS",""
"15:21:00.7048276","ZCode.exe","23548","RegOpenKey","HKLM\System\CurrentControlSet\Enum\PCI\VEN_8086&DEV_9A49&SUBSYS_0A201028&REV_01\3&11583659&0&10","SUCCESS","Desired Access: Query Value, Maximum Allowed"
"15:21:00.7048443","ZCode.exe","23548","RegQueryValue","HKLM\System\CurrentControlSet\Enum\PCI\VEN_8086&DEV_9A49&SUBSYS_0A201028&REV_01\3&11583659&0&10\Driver","SUCCESS","Type: REG_SZ, Length: 88, Data: {4d36e968-e325-11ce-bfc1-08002be10318}\0000"
"15:21:00.7048684","ZCode.exe","23548","RegCloseKey","HKLM\System\CurrentControlSet\Enum\PCI\VEN_8086&DEV_9A49&SUBSYS_0A201028&REV_01\3&11583659&0&10","SUCCESS",""
"15:21:00.7048936","ZCode.exe","23548","RegOpenKey","HKLM\System\CurrentControlSet\Control\Class\{4d36e968-e325-11ce-bfc1-08002be10318}\0000","SUCCESS","Desired Access: Read"
"15:21:00.7049075","ZCode.exe","23548","RegQueryKey","HKLM\System\CurrentControlSet\Control\Class\{4d36e968-e325-11ce-bfc1-08002be10318}\0000","SUCCESS","Query: HandleTags, HandleTags: 0x0"
"15:21:00.7049211","ZCode.exe","23548","RegSetInfoKey","HKLM\System\CurrentControlSet\Control\Class\{4d36e968-e325-11ce-bfc1-08002be10318}\0000","SUCCESS","KeySetInformationClass: KeySetHandleTagsInformation, Length: 0"
"15:21:00.7049327","ZCode.exe","23548","RegOpenKey","HKLM\System\CurrentControlSet\Control\Class\{4d36e968-e325-11ce-bfc1-08002be10318}\0000\3DKeys","SUCCESS","Desired Access: All Access"
"15:21:00.7049453","ZCode.exe","23548","RegQueryValue","HKLM\System\CurrentControlSet\Control\Class\{4d36e968-e325-11ce-bfc1-08002be10318}\0000\3DKeys\Global_AppProfile_Compat","NAME NOT FOUND","Length: 48"
"15:21:00.7050189","ZCode.exe","23548","RegCloseKey","HKLM\System\CurrentControlSet\Control\Class\{4d36e968-e325-11ce-bfc1-08002be10318}\0000","SUCCESS",""
"15:21:00.7050557","ZCode.exe","23548","RegCloseKey","HKLM\System\CurrentControlSet\Control\Class\{4d36e968-e325-11ce-bfc1-08002be10318}\0000\3DKeys","SUCCESS",""
"15:21:00.7051265","ZCode.exe","23548","RegOpenKey","HKLM\System\CurrentControlSet\Enum\PCI\VEN_8086&DEV_9A49&SUBSYS_0A201028&REV_01\3&11583659&0&10","SUCCESS","Desired Access: Query Value, Maximum Allowed"
"15:21:00.7051936","ZCode.exe","23548","RegQueryValue","HKLM\System\CurrentControlSet\Enum\PCI\VEN_8086&DEV_9A49&SUBSYS_0A201028&REV_01\3&11583659&0&10\Driver","SUCCESS","Type: REG_SZ, Length: 88, Data: {4d36e968-e325-11ce-bfc1-08002be10318}\0000"
"15:21:00.7052210","ZCode.exe","23548","RegCloseKey","HKLM\System\CurrentControlSet\Enum\PCI\VEN_8086&DEV_9A49&SUBSYS_0A201028&REV_01\3&11583659&0&10","SUCCESS",""
"15:21:00.7052388","ZCode.exe","23548","RegOpenKey","HKLM\System\CurrentControlSet\Control\Class\{4d36e968-e325-11ce-bfc1-08002be10318}\0000","SUCCESS","Desired Access: Read"
"15:21:00.7052581","ZCode.exe","23548","RegQueryKey","HKLM\System\CurrentControlSet\Control\Class\{4d36e968-e325-11ce-bfc1-08002be10318}\0000","SUCCESS","Query: HandleTags, HandleTags: 0x0"
"15:21:00.7052800","ZCode.exe","23548","RegSetInfoKey","HKLM\System\CurrentControlSet\Control\Class\{4d36e968-e325-11ce-bfc1-08002be10318}\0000","SUCCESS","KeySetInformationClass: KeySetHandleTagsInformation, Length: 0"
"15:21:00.7052944","ZCode.exe","23548","RegOpenKey","HKLM\System\CurrentControlSet\Control\Class\{4d36e968-e325-11ce-bfc1-08002be10318}\0000\3DKeys","SUCCESS","Desired Access: All Access"
"15:21:00.7053090","ZCode.exe","23548","RegQueryValue","HKLM\System\CurrentControlSet\Control\Class\{4d36e968-e325-11ce-bfc1-08002be10318}\0000\3DKeys\Global_AppProfile_Perf","NAME NOT FOUND","Length: 48"
"15:21:00.7053241","ZCode.exe","23548","RegCloseKey","HKLM\System\CurrentControlSet\Control\Class\{4d36e968-e325-11ce-bfc1-08002be10318}\0000","SUCCESS",""
"15:21:00.7053645","ZCode.exe","23548","RegCloseKey","HKLM\System\CurrentControlSet\Control\Class\{4d36e968-e325-11ce-bfc1-08002be10318}\0000\3DKeys","SUCCESS",""
"15:21:00.7054148","ZCode.exe","23548","RegOpenKey","HKLM\System\CurrentControlSet\Enum\PCI\VEN_8086&DEV_9A49&SUBSYS_0A201028&REV_01\3&11583659&0&10","SUCCESS","Desired Access: Query Value, Maximum Allowed"
"15:21:00.7054308","ZCode.exe","23548","RegQueryValue","HKLM\System\CurrentControlSet\Enum\PCI\VEN_8086&DEV_9A49&SUBSYS_0A201028&REV_01\3&11583659&0&10\Driver","SUCCESS","Type: REG_SZ, Length: 88, Data: {4d36e968-e325-11ce-bfc1-08002be10318}\0000"
"15:21:00.7054458","ZCode.exe","23548","RegCloseKey","HKLM\System\CurrentControlSet\Enum\PCI\VEN_8086&DEV_9A49&SUBSYS_0A201028&REV_01\3&11583659&0&10","SUCCESS",""
"15:21:00.7054828","ZCode.exe","23548","RegOpenKey","HKLM\System\CurrentControlSet\Control\Class\{4d36e968-e325-11ce-bfc1-08002be10318}\0000","SUCCESS","Desired Access: Read"
"15:21:00.7055505","ZCode.exe","23548","RegQueryKey","HKLM\System\CurrentControlSet\Control\Class\{4d36e968-e325-11ce-bfc1-08002be10318}\0000","SUCCESS","Query: HandleTags, HandleTags: 0x0"
"15:21:00.7055924","ZCode.exe","23548","RegSetInfoKey","HKLM\System\CurrentControlSet\Control\Class\{4d36e968-e325-11ce-bfc1-08002be10318}\0000","SUCCESS","KeySetInformationClass: KeySetHandleTagsInformation, Length: 0"
"15:21:00.7056491","ZCode.exe","23548","RegOpenKey","HKLM\System\CurrentControlSet\Control\Class\{4d36e968-e325-11ce-bfc1-08002be10318}\0000\3DKeys","SUCCESS","Desired Access: All Access"
"15:21:00.7056687","ZCode.exe","23548","RegQueryValue","HKLM\System\CurrentControlSet\Control\Class\{4d36e968-e325-11ce-bfc1-08002be10318}\0000\3DKeys\ZCode.exe_Emul64bitAtomic","NAME NOT FOUND","Length: 20"
"15:21:00.7056901","ZCode.exe","23548","RegCloseKey","HKLM\System\CurrentControlSet\Control\Class\{4d36e968-e325-11ce-bfc1-08002be10318}\0000","SUCCESS",""
"15:21:00.7057091","ZCode.exe","23548","RegCloseKey","HKLM\System\CurrentControlSet\Control\Class\{4d36e968-e325-11ce-bfc1-08002be10318}\0000\3DKeys","SUCCESS",""
"15:21:00.7057608","ZCode.exe","23548","RegOpenKey","HKLM\System\CurrentControlSet\Enum\PCI\VEN_8086&DEV_9A49&SUBSYS_0A201028&REV_01\3&11583659&0&10","SUCCESS","Desired Access: Query Value, Maximum Allowed"
"15:21:00.7058006","ZCode.exe","23548","RegQueryValue","HKLM\System\CurrentControlSet\Enum\PCI\VEN_8086&DEV_9A49&SUBSYS_0A201028&REV_01\3&11583659&0&10\Driver","SUCCESS","Type: REG_SZ, Length: 88, Data: {4d36e968-e325-11ce-bfc1-08002be10318}\0000"
"15:21:00.7058223","ZCode.exe","23548","RegCloseKey","HKLM\System\CurrentControlSet\Enum\PCI\VEN_8086&DEV_9A49&SUBSYS_0A201028&REV_01\3&11583659&0&10","SUCCESS",""
"15:21:00.7058424","ZCode.exe","23548","RegOpenKey","HKLM\System\CurrentControlSet\Control\Class\{4d36e968-e325-11ce-bfc1-08002be10318}\0000","SUCCESS","Desired Access: Read"
"15:21:00.7058618","ZCode.exe","23548","RegQueryKey","HKLM\System\CurrentControlSet\Control\Class\{4d36e968-e325-11ce-bfc1-08002be10318}\0000","SUCCESS","Query: HandleTags, HandleTags: 0x0"
"15:21:00.7058869","ZCode.exe","23548","RegSetInfoKey","HKLM\System\CurrentControlSet\Control\Class\{4d36e968-e325-11ce-bfc1-08002be10318}\0000","SUCCESS","KeySetInformationClass: KeySetHandleTagsInformation, Length: 0"
"15:21:00.7059089","ZCode.exe","23548","RegOpenKey","HKLM\System\CurrentControlSet\Control\Class\{4d36e968-e325-11ce-bfc1-08002be10318}\0000\3DKeys","SUCCESS","Desired Access: All Access"
"15:21:00.7059249","ZCode.exe","23548","RegQueryValue","HKLM\System\CurrentControlSet\Control\Class\{4d36e968-e325-11ce-bfc1-08002be10318}\0000\3DKeys\Global_Emul64bitAtomic","NAME NOT FOUND","Length: 20"
"15:21:00.7059431","ZCode.exe","23548","RegCloseKey","HKLM\System\CurrentControlSet\Control\Class\{4d36e968-e325-11ce-bfc1-08002be10318}\0000","SUCCESS",""
"15:21:00.7059592","ZCode.exe","23548","RegCloseKey","HKLM\System\CurrentControlSet\Control\Class\{4d36e968-e325-11ce-bfc1-08002be10318}\0000\3DKeys","SUCCESS",""
"15:21:00.7060129","ZCode.exe","23548","RegOpenKey","HKLM\System\CurrentControlSet\Enum\PCI\VEN_8086&DEV_9A49&SUBSYS_0A201028&REV_01\3&11583659&0&10","SUCCESS","Desired Access: Query Value, Maximum Allowed"
"15:21:00.7060342","ZCode.exe","23548","RegQueryValue","HKLM\System\CurrentControlSet\Enum\PCI\VEN_8086&DEV_9A49&SUBSYS_0A201028&REV_01\3&11583659&0&10\Driver","SUCCESS","Type: REG_SZ, Length: 88, Data: {4d36e968-e325-11ce-bfc1-08002be10318}\0000"
"15:21:00.7060573","ZCode.exe","23548","RegCloseKey","HKLM\System\CurrentControlSet\Enum\PCI\VEN_8086&DEV_9A49&SUBSYS_0A201028&REV_01\3&11583659&0&10","SUCCESS",""
"15:21:00.7060752","ZCode.exe","23548","RegOpenKey","HKLM\System\CurrentControlSet\Control\Class\{4d36e968-e325-11ce-bfc1-08002be10318}\0000","SUCCESS","Desired Access: Read"
"15:21:00.7060924","ZCode.exe","23548","RegQueryKey","HKLM\System\CurrentControlSet\Control\Class\{4d36e968-e325-11ce-bfc1-08002be10318}\0000","SUCCESS","Query: HandleTags, HandleTags: 0x0"
"15:21:00.7061245","ZCode.exe","23548","RegSetInfoKey","HKLM\System\CurrentControlSet\Control\Class\{4d36e968-e325-11ce-bfc1-08002be10318}\0000","SUCCESS","KeySetInformationClass: KeySetHandleTagsInformation, Length: 0"
"15:21:00.7061442","ZCode.exe","23548","RegOpenKey","HKLM\System\CurrentControlSet\Control\Class\{4d36e968-e325-11ce-bfc1-08002be10318}\0000\3DKeys","SUCCESS","Desired Access: All Access"
"15:21:00.7061629","ZCode.exe","23548","RegQueryValue","HKLM\System\CurrentControlSet\Control\Class\{4d36e968-e325-11ce-bfc1-08002be10318}\0000\3DKeys\ZCode.exe_GlobalOrPerApp","NAME NOT FOUND","Length: 20"
"15:21:00.7061811","ZCode.exe","23548","RegCloseKey","HKLM\System\CurrentControlSet\Control\Class\{4d36e968-e325-11ce-bfc1-08002be10318}\0000","SUCCESS",""
"15:21:00.7062024","ZCode.exe","23548","RegCloseKey","HKLM\System\CurrentControlSet\Control\Class\{4d36e968-e325-11ce-bfc1-08002be10318}\0000\3DKeys","SUCCESS",""
"15:21:00.7062477","ZCode.exe","23548","RegOpenKey","HKLM\System\CurrentControlSet\Enum\PCI\VEN_8086&DEV_9A49&SUBSYS_0A201028&REV_01\3&11583659&0&10","SUCCESS","Desired Access: Query Value, Maximum Allowed"
"15:21:00.7062741","ZCode.exe","23548","RegQueryValue","HKLM\System\CurrentControlSet\Enum\PCI\VEN_8086&DEV_9A49&SUBSYS_0A201028&REV_01\3&11583659&0&10\Driver","SUCCESS","Type: REG_SZ, Length: 88, Data: {4d36e968-e325-11ce-bfc1-08002be10318}\0000"
"15:21:00.7063139","ZCode.exe","23548","RegCloseKey","HKLM\System\CurrentControlSet\Enum\PCI\VEN_8086&DEV_9A49&SUBSYS_0A201028&REV_01\3&11583659&0&10","SUCCESS",""
"15:21:00.7063371","ZCode.exe","23548","RegOpenKey","HKLM\System\CurrentControlSet\Control\Class\{4d36e968-e325-11ce-bfc1-08002be10318}\0000","SUCCESS","Desired Access: Read"
"15:21:00.7063585","ZCode.exe","23548","RegQueryKey","HKLM\System\CurrentControlSet\Control\Class\{4d36e968-e325-11ce-bfc1-08002be10318}\0000","SUCCESS","Query: HandleTags, HandleTags: 0x0"
"15:21:00.7063754","ZCode.exe","23548","RegSetInfoKey","HKLM\System\CurrentControlSet\Control\Class\{4d36e968-e325-11ce-bfc1-08002be10318}\0000","SUCCESS","KeySetInformationClass: KeySetHandleTagsInformation, Length: 0"
"15:21:00.7063917","ZCode.exe","23548","RegOpenKey","HKLM\System\CurrentControlSet\Control\Class\{4d36e968-e325-11ce-bfc1-08002be10318}\0000\3DKeys","SUCCESS","Desired Access: All Access"
"15:21:00.7064095","ZCode.exe","23548","RegQueryValue","HKLM\System\CurrentControlSet\Control\Class\{4d36e968-e325-11ce-bfc1-08002be10318}\0000\3DKeys\Global_GlobalOrPerApp","NAME NOT FOUND","Length: 20"
"15:21:00.7064422","ZCode.exe","23548","RegCloseKey","HKLM\System\CurrentControlSet\Control\Class\{4d36e968-e325-11ce-bfc1-08002be10318}\0000","SUCCESS",""
"15:21:00.7064874","ZCode.exe","23548","RegCloseKey","HKLM\System\CurrentControlSet\Control\Class\{4d36e968-e325-11ce-bfc1-08002be10318}\0000\3DKeys","SUCCESS",""
"15:21:00.7065491","ZCode.exe","23548","RegOpenKey","HKLM\System\CurrentControlSet\Enum\PCI\VEN_8086&DEV_9A49&SUBSYS_0A201028&REV_01\3&11583659&0&10","SUCCESS","Desired Access: Query Value, Maximum Allowed"
"15:21:00.7065738","ZCode.exe","23548","RegQueryValue","HKLM\System\CurrentControlSet\Enum\PCI\VEN_8086&DEV_9A49&SUBSYS_0A201028&REV_01\3&11583659&0&10\Driver","SUCCESS","Type: REG_SZ, Length: 88, Data: {4d36e968-e325-11ce-bfc1-08002be10318}\0000"
"15:21:00.7065956","ZCode.exe","23548","RegCloseKey","HKLM\System\CurrentControlSet\Enum\PCI\VEN_8086&DEV_9A49&SUBSYS_0A201028&REV_01\3&11583659&0&10","SUCCESS",""
"15:21:00.7066312","ZCode.exe","23548","RegOpenKey","HKLM\System\CurrentControlSet\Control\Class\{4d36e968-e325-11ce-bfc1-08002be10318}\0000","SUCCESS","Desired Access: Read"
"15:21:00.7066521","ZCode.exe","23548","RegQueryKey","HKLM\System\CurrentControlSet\Control\Class\{4d36e968-e325-11ce-bfc1-08002be10318}\0000","SUCCESS","Query: HandleTags, HandleTags: 0x0"
"15:21:00.7066686","ZCode.exe","23548","RegSetInfoKey","HKLM\System\CurrentControlSet\Control\Class\{4d36e968-e325-11ce-bfc1-08002be10318}\0000","SUCCESS","KeySetInformationClass: KeySetHandleTagsInformation, Length: 0"
"15:21:00.7066856","ZCode.exe","23548","RegOpenKey","HKLM\System\CurrentControlSet\Control\Class\{4d36e968-e325-11ce-bfc1-08002be10318}\0000\3DKeys","SUCCESS","Desired Access: All Access"
"15:21:00.7067026","ZCode.exe","23548","RegQueryValue","HKLM\System\CurrentControlSet\Control\Class\{4d36e968-e325-11ce-bfc1-08002be10318}\0000\3DKeys\ZCode.exe_FrameGeneration","NAME NOT FOUND","Length: 20"
"15:21:00.7067201","ZCode.exe","23548","RegCloseKey","HKLM\System\CurrentControlSet\Control\Class\{4d36e968-e325-11ce-bfc1-08002be10318}\0000","SUCCESS",""
"15:21:00.7067356","ZCode.exe","23548","RegCloseKey","HKLM\System\CurrentControlSet\Control\Class\{4d36e968-e325-11ce-bfc1-08002be10318}\0000\3DKeys","SUCCESS",""
"15:21:00.7067870","ZCode.exe","23548","RegOpenKey","HKLM\System\CurrentControlSet\Enum\PCI\VEN_8086&DEV_9A49&SUBSYS_0A201028&REV_01\3&11583659&0&10","SUCCESS","Desired Access: Query Value, Maximum Allowed"
"15:21:00.7068025","ZCode.exe","23548","RegQueryValue","HKLM\System\CurrentControlSet\Enum\PCI\VEN_8086&DEV_9A49&SUBSYS_0A201028&REV_01\3&11583659&0&10\Driver","SUCCESS","Type: REG_SZ, Length: 88, Data: {4d36e968-e325-11ce-bfc1-08002be10318}\0000"
"15:21:00.7068304","ZCode.exe","23548","RegCloseKey","HKLM\System\CurrentControlSet\Enum\PCI\VEN_8086&DEV_9A49&SUBSYS_0A201028&REV_01\3&11583659&0&10","SUCCESS",""
"15:21:00.7068439","ZCode.exe","23548","RegOpenKey","HKLM\System\CurrentControlSet\Control\Class\{4d36e968-e325-11ce-bfc1-08002be10318}\0000","SUCCESS","Desired Access: Read"
"15:21:00.7068569","ZCode.exe","23548","RegQueryKey","HKLM\System\CurrentControlSet\Control\Class\{4d36e968-e325-11ce-bfc1-08002be10318}\0000","SUCCESS","Query: HandleTags, HandleTags: 0x0"
"15:21:00.7068678","ZCode.exe","23548","RegSetInfoKey","HKLM\System\CurrentControlSet\Control\Class\{4d36e968-e325-11ce-bfc1-08002be10318}\0000","SUCCESS","KeySetInformationClass: KeySetHandleTagsInformation, Length: 0"
"15:21:00.7068787","ZCode.exe","23548","RegOpenKey","HKLM\System\CurrentControlSet\Control\Class\{4d36e968-e325-11ce-bfc1-08002be10318}\0000\3DKeys","SUCCESS","Desired Access: All Access"
"15:21:00.7069007","ZCode.exe","23548","RegQueryValue","HKLM\System\CurrentControlSet\Control\Class\{4d36e968-e325-11ce-bfc1-08002be10318}\0000\3DKeys\Global_FrameGeneration","NAME NOT FOUND","Length: 20"
"15:21:00.7069176","ZCode.exe","23548","RegCloseKey","HKLM\System\CurrentControlSet\Control\Class\{4d36e968-e325-11ce-bfc1-08002be10318}\0000","SUCCESS",""
"15:21:00.7069347","ZCode.exe","23548","RegCloseKey","HKLM\System\CurrentControlSet\Control\Class\{4d36e968-e325-11ce-bfc1-08002be10318}\0000\3DKeys","SUCCESS",""
"15:21:00.7070179","ZCode.exe","23548","RegOpenKey","HKLM\System\CurrentControlSet\Enum\PCI\VEN_8086&DEV_9A49&SUBSYS_0A201028&REV_01\3&11583659&0&10","SUCCESS","Desired Access: Query Value, Maximum Allowed"
"15:21:00.7070701","ZCode.exe","23548","RegQueryValue","HKLM\System\CurrentControlSet\Enum\PCI\VEN_8086&DEV_9A49&SUBSYS_0A201028&REV_01\3&11583659&0&10\Driver","SUCCESS","Type: REG_SZ, Length: 88, Data: {4d36e968-e325-11ce-bfc1-08002be10318}\0000"
"15:21:00.7071318","ZCode.exe","23548","RegCloseKey","HKLM\System\CurrentControlSet\Enum\PCI\VEN_8086&DEV_9A49&SUBSYS_0A201028&REV_01\3&11583659&0&10","SUCCESS",""
"15:21:00.7071983","ZCode.exe","23548","RegOpenKey","HKLM\System\CurrentControlSet\Control\Class\{4d36e968-e325-11ce-bfc1-08002be10318}\0000","SUCCESS","Desired Access: Read"
"15:21:00.7072444","ZCode.exe","23548","RegQueryKey","HKLM\System\CurrentControlSet\Control\Class\{4d36e968-e325-11ce-bfc1-08002be10318}\0000","SUCCESS","Query: HandleTags, HandleTags: 0x0"
"15:21:00.7072627","ZCode.exe","23548","RegSetInfoKey","HKLM\System\CurrentControlSet\Control\Class\{4d36e968-e325-11ce-bfc1-08002be10318}\0000","SUCCESS","KeySetInformationClass: KeySetHandleTagsInformation, Length: 0"
"15:21:00.7072827","ZCode.exe","23548","RegOpenKey","HKLM\System\CurrentControlSet\Control\Class\{4d36e968-e325-11ce-bfc1-08002be10318}\0000\3DKeys","SUCCESS","Desired Access: All Access"
"15:21:00.7073049","ZCode.exe","23548","RegQueryValue","HKLM\System\CurrentControlSet\Control\Class\{4d36e968-e325-11ce-bfc1-08002be10318}\0000\3DKeys\ZCode.exe_GlobalOrPerApp","NAME NOT FOUND","Length: 20"
"15:21:00.7073255","ZCode.exe","23548","RegCloseKey","HKLM\System\CurrentControlSet\Control\Class\{4d36e968-e325-11ce-bfc1-08002be10318}\0000","SUCCESS",""
"15:21:00.7073467","ZCode.exe","23548","RegCloseKey","HKLM\System\CurrentControlSet\Control\Class\{4d36e968-e325-11ce-bfc1-08002be10318}\0000\3DKeys","SUCCESS",""
"15:21:00.7074011","ZCode.exe","23548","RegOpenKey","HKLM\System\CurrentControlSet\Enum\PCI\VEN_8086&DEV_9A49&SUBSYS_0A201028&REV_01\3&11583659&0&10","SUCCESS","Desired Access: Query Value, Maximum Allowed"
"15:21:00.7074669","ZCode.exe","23548","RegQueryValue","HKLM\System\CurrentControlSet\Enum\PCI\VEN_8086&DEV_9A49&SUBSYS_0A201028&REV_01\3&11583659&0&10\Driver","SUCCESS","Type: REG_SZ, Length: 88, Data: {4d36e968-e325-11ce-bfc1-08002be10318}\0000"
"15:21:00.7075333","ZCode.exe","23548","RegCloseKey","HKLM\System\CurrentControlSet\Enum\PCI\VEN_8086&DEV_9A49&SUBSYS_0A201028&REV_01\3&11583659&0&10","SUCCESS",""
"15:21:00.7075610","ZCode.exe","23548","RegOpenKey","HKLM\System\CurrentControlSet\Control\Class\{4d36e968-e325-11ce-bfc1-08002be10318}\0000","SUCCESS","Desired Access: Read"
"15:21:00.7075828","ZCode.exe","23548","RegQueryKey","HKLM\System\CurrentControlSet\Control\Class\{4d36e968-e325-11ce-bfc1-08002be10318}\0000","SUCCESS","Query: HandleTags, HandleTags: 0x0"
"15:21:00.7076009","ZCode.exe","23548","RegSetInfoKey","HKLM\System\CurrentControlSet\Control\Class\{4d36e968-e325-11ce-bfc1-08002be10318}\0000","SUCCESS","KeySetInformationClass: KeySetHandleTagsInformation, Length: 0"
"15:21:00.7076202","ZCode.exe","23548","RegOpenKey","HKLM\System\CurrentControlSet\Control\Class\{4d36e968-e325-11ce-bfc1-08002be10318}\0000\3DKeys","SUCCESS","Desired Access: All Access"
"15:21:00.7076409","ZCode.exe","23548","RegQueryValue","HKLM\System\CurrentControlSet\Control\Class\{4d36e968-e325-11ce-bfc1-08002be10318}\0000\3DKeys\ZCode.exe_AsyncFlipMode","NAME NOT FOUND","Length: 20"
"15:21:00.7076773","ZCode.exe","23548","RegCloseKey","HKLM\System\CurrentControlSet\Control\Class\{4d36e968-e325-11ce-bfc1-08002be10318}\0000","SUCCESS",""
"15:21:00.7076996","ZCode.exe","23548","RegCloseKey","HKLM\System\CurrentControlSet\Control\Class\{4d36e968-e325-11ce-bfc1-08002be10318}\0000\3DKeys","SUCCESS",""
"15:21:00.7077527","ZCode.exe","23548","RegOpenKey","HKLM\System\CurrentControlSet\Enum\PCI\VEN_8086&DEV_9A49&SUBSYS_0A201028&REV_01\3&11583659&0&10","SUCCESS","Desired Access: Query Value, Maximum Allowed"
"15:21:00.7077915","ZCode.exe","23548","RegQueryValue","HKLM\System\CurrentControlSet\Enum\PCI\VEN_8086&DEV_9A49&SUBSYS_0A201028&REV_01\3&11583659&0&10\Driver","SUCCESS","Type: REG_SZ, Length: 88, Data: {4d36e968-e325-11ce-bfc1-08002be10318}\0000"
"15:21:00.7078111","ZCode.exe","23548","RegCloseKey","HKLM\System\CurrentControlSet\Enum\PCI\VEN_8086&DEV_9A49&SUBSYS_0A201028&REV_01\3&11583659&0&10","SUCCESS",""
"15:21:00.7078439","ZCode.exe","23548","RegOpenKey","HKLM\System\CurrentControlSet\Control\Class\{4d36e968-e325-11ce-bfc1-08002be10318}\0000","SUCCESS","Desired Access: Read"
"15:21:00.7078578","ZCode.exe","23548","RegQueryKey","HKLM\System\CurrentControlSet\Control\Class\{4d36e968-e325-11ce-bfc1-08002be10318}\0000","SUCCESS","Query: HandleTags, HandleTags: 0x0"
"15:21:00.7078691","ZCode.exe","23548","RegSetInfoKey","HKLM\System\CurrentControlSet\Control\Class\{4d36e968-e325-11ce-bfc1-08002be10318}\0000","SUCCESS","KeySetInformationClass: KeySetHandleTagsInformation, Length: 0"
"15:21:00.7078922","ZCode.exe","23548","RegOpenKey","HKLM\System\CurrentControlSet\Control\Class\{4d36e968-e325-11ce-bfc1-08002be10318}\0000\3DKeys","SUCCESS","Desired Access: All Access"
"15:21:00.7079408","ZCode.exe","23548","RegQueryValue","HKLM\System\CurrentControlSet\Control\Class\{4d36e968-e325-11ce-bfc1-08002be10318}\0000\3DKeys\Global_AsyncFlipMode","NAME NOT FOUND","Length: 20"
"15:21:00.7079548","ZCode.exe","23548","RegCloseKey","HKLM\System\CurrentControlSet\Control\Class\{4d36e968-e325-11ce-bfc1-08002be10318}\0000","SUCCESS",""
"15:21:00.7079665","ZCode.exe","23548","RegCloseKey","HKLM\System\CurrentControlSet\Control\Class\{4d36e968-e325-11ce-bfc1-08002be10318}\0000\3DKeys","SUCCESS",""
"15:21:00.7085507","ZCode.exe","23548","CreateFile","C:\Windows\System32\DriverStore\FileRepository\iigd_dch.inf_amd64_890d8eaa182f97be\dxgi.dll","NAME NOT FOUND","Desired Access: Read Attributes, Disposition: Open, Options: Open Reparse Point, Attributes: n/a, ShareMode: Read, Write, Delete, AllocationSize: n/a"
"15:21:00.7086701","ZCode.exe","23548","RegQueryKey","HKLM","SUCCESS","Query: HandleTags, HandleTags: 0x0"
"15:21:00.7086839","ZCode.exe","23548","RegOpenKey","HKLM\SOFTWARE\Microsoft\Windows\CurrentVersion\AppModelUnlock","SUCCESS","Desired Access: Read"
"15:21:00.7087089","ZCode.exe","23548","RegQueryValue","HKLM\SOFTWARE\Microsoft\Windows\CurrentVersion\AppModelUnlock\AllowDevelopmentWithoutDevLicense","NAME NOT FOUND","Length: 16"
"15:21:00.7087234","ZCode.exe","23548","RegCloseKey","HKLM\SOFTWARE\Microsoft\Windows\CurrentVersion\AppModelUnlock","SUCCESS",""
"15:21:00.7087588","ZCode.exe","23548","RegQueryKey","HKLM","SUCCESS","Query: HandleTags, HandleTags: 0x0"
"15:21:00.7087752","ZCode.exe","23548","RegOpenKey","HKLM\System\CurrentControlSet\Control\Class\{4d36e968-e325-11ce-bfc1-08002be10318}\0000","SUCCESS","Desired Access: Read"
"15:21:00.7088189","ZCode.exe","23548","RegQueryValue","HKLM\System\CurrentControlSet\Control\Class\{4d36e968-e325-11ce-bfc1-08002be10318}\0000\DriverStorePathForComputeRuntime","BUFFER OVERFLOW","Length: 144"
"15:21:00.7088619","ZCode.exe","23548","RegQueryValue","HKLM\System\CurrentControlSet\Control\Class\{4d36e968-e325-11ce-bfc1-08002be10318}\0000\DriverStorePathForComputeRuntime","SUCCESS","Type: REG_SZ, Length: 166, Data: C:\WINDOWS\System32\DriverStore\FileRepository\iigd_dch.inf_amd64_890d8eaa182f97be"
"15:21:00.7088816","ZCode.exe","23548","RegQueryValue","HKLM\System\CurrentControlSet\Control\Class\{4d36e968-e325-11ce-bfc1-08002be10318}\0000\DriverStorePathForComputeRuntime","BUFFER OVERFLOW","Length: 144"
"15:21:00.7089544","ZCode.exe","23548","RegQueryValue","HKLM\System\CurrentControlSet\Control\Class\{4d36e968-e325-11ce-bfc1-08002be10318}\0000\DriverStorePathForComputeRuntime","SUCCESS","Type: REG_SZ, Length: 166, Data: C:\WINDOWS\System32\DriverStore\FileRepository\iigd_dch.inf_amd64_890d8eaa182f97be"
"15:21:00.7090026","ZCode.exe","23548","RegCloseKey","HKLM\System\CurrentControlSet\Control\Class\{4d36e968-e325-11ce-bfc1-08002be10318}\0000","SUCCESS",""
"15:21:00.7092619","ZCode.exe","23548","CreateFile","C:\Windows\System32\DriverStore\FileRepository\iigd_dch.inf_amd64_890d8eaa182f97be\igc64.dll","SUCCESS","Desired Access: Read Attributes, Disposition: Open, Options: Open Reparse Point, Attributes: n/a, ShareMode: Read, Write, Delete, AllocationSize: n/a, OpenResult: Opened"
"15:21:00.7093036","ZCode.exe","23548","QueryBasicInformationFile","C:\Windows\System32\DriverStore\FileRepository\iigd_dch.inf_amd64_890d8eaa182f97be\igc64.dll","SUCCESS","CreationTime: 28-04-2026 17:23:44, LastAccessTime: 26-06-2026 15:21:00, LastWriteTime: 11-02-2026 19:30:58, ChangeTime: 29-05-2026 08:59:08, FileAttributes: A"
"15:21:00.7093394","ZCode.exe","23548","CloseFile","C:\Windows\System32\DriverStore\FileRepository\iigd_dch.inf_amd64_890d8eaa182f97be\igc64.dll","SUCCESS",""
"15:21:00.7094819","ZCode.exe","23548","CreateFile","C:\Windows\System32\DriverStore\FileRepository\iigd_dch.inf_amd64_890d8eaa182f97be\igc64.dll","SUCCESS","Desired Access: Read Data/List Directory, Execute/Traverse, Synchronize, Disposition: Open, Options: Synchronous IO Non-Alert, Non-Directory File, Attributes: n/a, ShareMode: Read, Delete, AllocationSize: n/a, OpenResult: Opened"
"15:21:00.7095216","ZCode.exe","23548","CreateFileMapping","C:\Windows\System32\DriverStore\FileRepository\iigd_dch.inf_amd64_890d8eaa182f97be\igc64.dll","FILE LOCKED WITH ONLY READERS","SyncType: SyncTypeCreateSection, PageProtection: PAGE_EXECUTE"
"15:21:00.7095738","ZCode.exe","23548","CreateFileMapping","C:\Windows\System32\DriverStore\FileRepository\iigd_dch.inf_amd64_890d8eaa182f97be\igc64.dll","SUCCESS","SyncType: SyncTypeOther"
"15:21:00.7096966","ZCode.exe","23548","Load Image","C:\Windows\System32\DriverStore\FileRepository\iigd_dch.inf_amd64_890d8eaa182f97be\igc64.dll","SUCCESS","Image Base: 0x7ffaf7be0000, Image Size: 0x52b4000"
"15:21:00.7098801","ZCode.exe","23548","CloseFile","C:\Windows\System32\DriverStore\FileRepository\iigd_dch.inf_amd64_890d8eaa182f97be\igc64.dll","SUCCESS",""
"15:21:00.7125161","ZCode.exe","23548","RegQueryValue","HKLM\System\CurrentControlSet\Control\WMI\Security\f74c1b70-0539-4f42-8f4a-c5ba0cdbef7c","NAME NOT FOUND","Length: 528"
"15:21:00.7127152","ZCode.exe","23548","RegQueryKey","HKLM","SUCCESS","Query: HandleTags, HandleTags: 0x0"
"15:21:00.7127807","ZCode.exe","23548","RegOpenKey","HKLM\SOFTWARE\Microsoft\Cryptography","SUCCESS","Desired Access: Query Value"
"15:21:00.7128029","ZCode.exe","23548","RegSetInfoKey","HKLM\SOFTWARE\Microsoft\Cryptography","SUCCESS","KeySetInformationClass: KeySetHandleTagsInformation, Length: 0"
"15:21:00.7128183","ZCode.exe","23548","RegQueryValue","HKLM\SOFTWARE\Microsoft\Cryptography\MachineGuid","SUCCESS","Type: REG_SZ, Length: 74, Data: 4e36d3fd-4409-4d7d-8118-180eb4ebf1c3"
"15:21:00.7128453","ZCode.exe","23548","RegCloseKey","HKLM\SOFTWARE\Microsoft\Cryptography","SUCCESS",""
"15:21:00.7131512","ZCode.exe","23548","CreateFile","C:\Windows\System32\DriverStore\FileRepository\iigd_dch.inf_amd64_890d8eaa182f97be\igd12umd64.dll","SUCCESS","Desired Access: Read Attributes, Disposition: Open, Options: Open Reparse Point, Attributes: n/a, ShareMode: Read, Write, Delete, AllocationSize: n/a, OpenResult: Opened"
"15:21:00.7131913","ZCode.exe","23548","QueryBasicInformationFile","C:\Windows\System32\DriverStore\FileRepository\iigd_dch.inf_amd64_890d8eaa182f97be\igd12umd64.dll","SUCCESS","CreationTime: 28-04-2026 17:23:45, LastAccessTime: 26-06-2026 15:21:00, LastWriteTime: 11-02-2026 19:31:14, ChangeTime: 29-05-2026 09:01:02, FileAttributes: A"
"15:21:00.7132069","ZCode.exe","23548","CloseFile","C:\Windows\System32\DriverStore\FileRepository\iigd_dch.inf_amd64_890d8eaa182f97be\igd12umd64.dll","SUCCESS",""
"15:21:00.7134138","ZCode.exe","23548","CreateFile","C:\Windows\System32\DriverStore\FileRepository\iigd_dch.inf_amd64_890d8eaa182f97be\igd12umd64.dll","SUCCESS","Desired Access: Read Attributes, Disposition: Open, Options: Open Reparse Point, Attributes: n/a, ShareMode: Read, Write, Delete, AllocationSize: n/a, OpenResult: Opened"
"15:21:00.7134451","ZCode.exe","23548","QueryBasicInformationFile","C:\Windows\System32\DriverStore\FileRepository\iigd_dch.inf_amd64_890d8eaa182f97be\igd12umd64.dll","SUCCESS","CreationTime: 28-04-2026 17:23:45, LastAccessTime: 26-06-2026 15:21:00, LastWriteTime: 11-02-2026 19:31:14, ChangeTime: 29-05-2026 09:01:02, FileAttributes: A"
"15:21:00.7134590","ZCode.exe","23548","CloseFile","C:\Windows\System32\DriverStore\FileRepository\iigd_dch.inf_amd64_890d8eaa182f97be\igd12umd64.dll","SUCCESS",""
"15:21:00.7135711","ZCode.exe","23548","RegOpenKey","HKLM\System\CurrentControlSet\Control\GraphicsDrivers\Scheduler","REPARSE","Desired Access: Read, Maximum Allowed"
"15:21:00.7136002","ZCode.exe","23548","RegOpenKey","HKLM\System\CurrentControlSet\Control\GraphicsDrivers\Scheduler","NAME NOT FOUND","Desired Access: Read, Maximum Allowed"
"15:21:00.7141206","ZCode.exe","23548","CreateFile","C:\Windows\System32\DriverStore\FileRepository\iigd_dch.inf_amd64_890d8eaa182f97be\dxgi.dll","NAME NOT FOUND","Desired Access: Read Attributes, Disposition: Open, Options: Open Reparse Point, Attributes: n/a, ShareMode: Read, Write, Delete, AllocationSize: n/a"
"15:21:00.7152367","ZCode.exe","23548","CreateFile","C:\Program Files\ZCode\ZCode.exe","SUCCESS","Desired Access: Generic Read, Disposition: Open, Options: Synchronous IO Non-Alert, Non-Directory File, Attributes: N, ShareMode: Read, AllocationSize: n/a, OpenResult: Opened"
"15:21:00.7152844","ZCode.exe","23548","QueryStandardInformationFile","C:\Program Files\ZCode\ZCode.exe","SUCCESS","AllocationSize: 222867456, EndOfFile: 222866328, NumberOfLinks: 1, DeletePending: False, Directory: False"
"15:21:00.7153031","ZCode.exe","23548","CloseFile","C:\Program Files\ZCode\ZCode.exe","SUCCESS",""
"15:21:00.7157088","ZCode.exe","23548","RegQueryKey","HKLM","SUCCESS","Query: HandleTags, HandleTags: 0x0"
"15:21:00.7157291","ZCode.exe","23548","RegOpenKey","HKLM\Software\Intel\Display\igfxcui\3D","NAME NOT FOUND","Desired Access: Read"
"15:21:00.7157613","ZCode.exe","23548","RegQueryKey","HKLM","SUCCESS","Query: HandleTags, HandleTags: 0x0"
"15:21:00.7158397","ZCode.exe","23548","RegOpenKey","HKLM\Software\Intel\Display\igfxcui\3D","NAME NOT FOUND","Desired Access: Read"
"15:21:00.7162346","ZCode.exe","23548","CreateFile","C:\Program Files\ZCode","SUCCESS","Desired Access: Read Attributes, Disposition: Open, Options: Open Reparse Point, Attributes: n/a, ShareMode: Read, Write, Delete, AllocationSize: n/a, OpenResult: Opened"
"15:21:00.7162785","ZCode.exe","23548","QueryBasicInformationFile","C:\Program Files\ZCode","SUCCESS","CreationTime: 25-06-2026 15:21:19, LastAccessTime: 26-06-2026 15:21:00, LastWriteTime: 26-06-2026 12:58:00, ChangeTime: 26-06-2026 12:58:00, FileAttributes: D"
"15:21:00.7163419","ZCode.exe","23548","CloseFile","C:\Program Files\ZCode","SUCCESS",""
"15:21:00.7165370","ZCode.exe","23548","CreateFile","C:\Users","SUCCESS","Desired Access: Read Attributes, Disposition: Open, Options: Open Reparse Point, Attributes: n/a, ShareMode: Read, Write, Delete, AllocationSize: n/a, OpenResult: Opened"
"15:21:00.7165895","ZCode.exe","23548","QueryBasicInformationFile","C:\Users","SUCCESS","CreationTime: 01-04-2024 12:51:16, LastAccessTime: 26-06-2026 15:21:00, LastWriteTime: 23-04-2026 12:07:04, ChangeTime: 23-04-2026 12:07:04, FileAttributes: RD"
"15:21:00.7166026","ZCode.exe","23548","CloseFile","C:\Users","SUCCESS",""
"15:21:00.7167444","ZCode.exe","23548","CreateFile","C:\Users\DELL","SUCCESS","Desired Access: Read Attributes, Disposition: Open, Options: Open Reparse Point, Attributes: n/a, ShareMode: Read, Write, Delete, AllocationSize: n/a, OpenResult: Opened"
"15:21:00.7167724","ZCode.exe","23548","QueryBasicInformationFile","C:\Users\DELL","SUCCESS","CreationTime: 23-05-2025 04:22:06, LastAccessTime: 26-06-2026 15:21:00, LastWriteTime: 25-06-2026 15:21:36, ChangeTime: 25-06-2026 15:21:36, FileAttributes: D"
"15:21:00.7167848","ZCode.exe","23548","CloseFile","C:\Users\DELL","SUCCESS",""
"15:21:00.7169657","ZCode.exe","23548","CreateFile","C:\Users\DELL\AppData","SUCCESS","Desired Access: Read Attributes, Disposition: Open, Options: Open Reparse Point, Attributes: n/a, ShareMode: Read, Write, Delete, AllocationSize: n/a, OpenResult: Opened"
"15:21:00.7170188","ZCode.exe","23548","QueryBasicInformationFile","C:\Users\DELL\AppData","SUCCESS","CreationTime: 23-05-2025 04:22:06, LastAccessTime: 26-06-2026 15:21:00, LastWriteTime: 23-05-2025 04:22:06, ChangeTime: 25-05-2026 10:54:15, FileAttributes: HD"
"15:21:00.7170331","ZCode.exe","23548","CloseFile","C:\Users\DELL\AppData","SUCCESS",""
"15:21:00.7172244","ZCode.exe","23548","CreateFile","C:\Users\DELL\AppData\LocalLow","SUCCESS","Desired Access: Read Attributes, Disposition: Open, Options: Open Reparse Point, Attributes: n/a, ShareMode: Read, Write, Delete, AllocationSize: n/a, OpenResult: Opened"
"15:21:00.7172527","ZCode.exe","23548","QueryBasicInformationFile","C:\Users\DELL\AppData\LocalLow","SUCCESS","CreationTime: 23-05-2025 04:22:06, LastAccessTime: 26-06-2026 15:21:00, LastWriteTime: 01-06-2026 08:55:51, ChangeTime: 01-06-2026 08:55:51, FileAttributes: DNCI"
"15:21:00.7172681","ZCode.exe","23548","CloseFile","C:\Users\DELL\AppData\LocalLow","SUCCESS",""
"15:21:00.7174168","ZCode.exe","23548","CreateFile","C:\Users\DELL\AppData\LocalLow\Intel","SUCCESS","Desired Access: Read Attributes, Disposition: Open, Options: Open Reparse Point, Attributes: n/a, ShareMode: Read, Write, Delete, AllocationSize: n/a, OpenResult: Opened"
"15:21:00.7174463","ZCode.exe","23548","QueryBasicInformationFile","C:\Users\DELL\AppData\LocalLow\Intel","SUCCESS","CreationTime: 22-05-2025 16:10:16, LastAccessTime: 26-06-2026 15:21:00, LastWriteTime: 22-05-2025 16:10:16, ChangeTime: 23-04-2026 12:01:35, FileAttributes: DNCI"
"15:21:00.7174616","ZCode.exe","23548","CloseFile","C:\Users\DELL\AppData\LocalLow\Intel","SUCCESS",""
"15:21:00.7176354","ZCode.exe","23548","CreateFile","C:\Users\DELL\AppData\LocalLow\Intel\ShaderCache","SUCCESS","Desired Access: Read Attributes, Disposition: Open, Options: Open Reparse Point, Attributes: n/a, ShareMode: Read, Write, Delete, AllocationSize: n/a, OpenResult: Opened"
"15:21:00.7176635","ZCode.exe","23548","QueryBasicInformationFile","C:\Users\DELL\AppData\LocalLow\Intel\ShaderCache","SUCCESS","CreationTime: 22-05-2025 16:10:16, LastAccessTime: 26-06-2026 15:21:00, LastWriteTime: 25-06-2026 15:23:35, ChangeTime: 25-06-2026 15:23:35, FileAttributes: DNCI"
"15:21:00.7176818","ZCode.exe","23548","CloseFile","C:\Users\DELL\AppData\LocalLow\Intel\ShaderCache","SUCCESS",""
"15:21:00.7181673","ZCode.exe","23548","CreateFile","C:\Users\DELL\AppData\LocalLow\Intel\ShaderCache\85d69aaa465d8eb6921962dd0a510c00110f20cc75ca256a96ddfb26583f5559","SUCCESS","Desired Access: Read Attributes, Disposition: Open, Options: Open Reparse Point, Attributes: n/a, ShareMode: Read, Write, Delete, AllocationSize: n/a, OpenResult: Opened"
"15:21:00.7182081","ZCode.exe","23548","QueryBasicInformationFile","C:\Users\DELL\AppData\LocalLow\Intel\ShaderCache\85d69aaa465d8eb6921962dd0a510c00110f20cc75ca256a96ddfb26583f5559","SUCCESS","CreationTime: 25-06-2026 15:23:35, LastAccessTime: 25-06-2026 15:23:35, LastWriteTime: 25-06-2026 15:23:35, ChangeTime: 25-06-2026 15:23:35, FileAttributes: ANCI"
"15:21:00.7182249","ZCode.exe","23548","CloseFile","C:\Users\DELL\AppData\LocalLow\Intel\ShaderCache\85d69aaa465d8eb6921962dd0a510c00110f20cc75ca256a96ddfb26583f5559","SUCCESS",""
"15:21:00.7184013","ZCode.exe","23548","CreateFile","C:\Users\DELL\AppData\LocalLow\Intel\ShaderCache\85d69aaa465d8eb6921962dd0a510c00110f20cc75ca256a96ddfb26583f5559","SUCCESS","Desired Access: Generic Read/Write, Disposition: OpenIf, Options: Non-Directory File, Attributes: n/a, ShareMode: Read, Write, AllocationSize: 0, OpenResult: Opened"
"15:21:00.7185369","ZCode.exe","23548","CreateFile","C:\Users\DELL\AppData\LocalLow\Intel","SUCCESS","Desired Access: Read Data/List Directory, Synchronize, Disposition: Open, Options: Directory, Synchronous IO Non-Alert, Attributes: n/a, ShareMode: Read, Write, Delete, AllocationSize: n/a, OpenResult: Opened"
"15:21:00.7185806","ZCode.exe","23548","QueryDirectory","C:\Users\DELL\AppData\LocalLow\Intel\ShaderCache/*","NAME INVALID","FileInformationClass: FileBothDirectoryInformation, Filter: ShaderCache/*"
"15:21:00.7186063","ZCode.exe","23548","CloseFile","C:\Users\DELL\AppData\LocalLow\Intel","SUCCESS",""
"15:21:00.7186647","ZCode.exe","23548","ReadFile","C:\Windows\System32\DriverStore\FileRepository\iigd_dch.inf_amd64_890d8eaa182f97be\igd12um64xel.dll","SUCCESS","Offset: 31699968, Length: 8192, I/O Flags: Non-cached, Paging I/O, Synchronous Paging I/O, Priority: Normal"
"15:21:00.7191678","ZCode.exe","23548","LockFile","C:\Users\DELL\AppData\LocalLow\Intel\ShaderCache\85d69aaa465d8eb6921962dd0a510c00110f20cc75ca256a96ddfb26583f5559","SUCCESS","Exclusive: True, Offset: 0, Length: 4294967295, Fail Immediately: False"
"15:21:00.7191994","ZCode.exe","23548","QueryStandardInformationFile","C:\Users\DELL\AppData\LocalLow\Intel\ShaderCache\85d69aaa465d8eb6921962dd0a510c00110f20cc75ca256a96ddfb26583f5559","SUCCESS","AllocationSize: 4096, EndOfFile: 2264, NumberOfLinks: 1, DeletePending: False, Directory: False"
"15:21:00.7192247","ZCode.exe","23548","ReadFile","C:\Users\DELL\AppData\LocalLow\Intel\ShaderCache\85d69aaa465d8eb6921962dd0a510c00110f20cc75ca256a96ddfb26583f5559","SUCCESS","Offset: 0, Length: 2264, Priority: Normal"
"15:21:00.7192753","ZCode.exe","23548","QueryBasicInformationFile","C:\Users\DELL\AppData\LocalLow\Intel\ShaderCache\85d69aaa465d8eb6921962dd0a510c00110f20cc75ca256a96ddfb26583f5559","SUCCESS","CreationTime: 25-06-2026 15:23:35, LastAccessTime: 25-06-2026 15:23:35, LastWriteTime: 25-06-2026 15:23:35, ChangeTime: 25-06-2026 15:23:35, FileAttributes: ANCI"
"15:21:00.7193006","ZCode.exe","23548","UnlockFileSingle","C:\Users\DELL\AppData\LocalLow\Intel\ShaderCache\85d69aaa465d8eb6921962dd0a510c00110f20cc75ca256a96ddfb26583f5559","SUCCESS","Offset: 0, Length: 4294967295"
"15:21:00.7194626","ZCode.exe","23548","RegQueryKey","HKLM","SUCCESS","Query: HandleTags, HandleTags: 0x0"
"15:21:00.7194919","ZCode.exe","23548","RegOpenKey","HKLM\Software\Intel\Display\igfxcui\3D","NAME NOT FOUND","Desired Access: Read"
"15:21:00.7196166","ZCode.exe","23548","RegQueryKey","HKLM","SUCCESS","Query: HandleTags, HandleTags: 0x0"
"15:21:00.7196350","ZCode.exe","23548","RegOpenKey","HKLM\Software\Microsoft\Windows NT\CurrentVersion","SUCCESS","Desired Access: Read"
"15:21:00.7196592","ZCode.exe","23548","RegQueryValue","HKLM\SOFTWARE\Microsoft\Windows NT\CurrentVersion\UBR","SUCCESS","Type: REG_DWORD, Length: 4, Data: 8737"
"15:21:00.7196869","ZCode.exe","23548","RegCloseKey","HKLM\SOFTWARE\Microsoft\Windows NT\CurrentVersion","SUCCESS",""
"15:21:00.7201107","ZCode.exe","23548","ReadFile","C:\Windows\System32\DriverStore\FileRepository\iigd_dch.inf_amd64_890d8eaa182f97be\igd12um64xel.dll","SUCCESS","Offset: 31208448, Length: 16384, I/O Flags: Non-cached, Paging I/O, Synchronous Paging I/O, Priority: Normal"
"15:21:00.7203944","ZCode.exe","23548","RegOpenKey","HKLM\System\CurrentControlSet\Control\Class\{4d36e968-e325-11ce-bfc1-08002be10318}\0000","SUCCESS","Desired Access: Read, Maximum Allowed"
"15:21:00.7204376","ZCode.exe","23548","RegQueryValue","HKLM\System\CurrentControlSet\Control\Class\{4d36e968-e325-11ce-bfc1-08002be10318}\0000\DisableHevcCodec","NAME NOT FOUND","Length: 134"
"15:21:00.7204767","ZCode.exe","23548","RegCloseKey","HKLM\System\CurrentControlSet\Control\Class\{4d36e968-e325-11ce-bfc1-08002be10318}\0000","SUCCESS",""
"15:21:00.7205141","ZCode.exe","23548","RegOpenKey","HKLM\System\CurrentControlSet\Control\Class\{4d36e968-e325-11ce-bfc1-08002be10318}\0000","SUCCESS","Desired Access: Read, Maximum Allowed"
"15:21:00.7205626","ZCode.exe","23548","RegQueryValue","HKLM\System\CurrentControlSet\Control\Class\{4d36e968-e325-11ce-bfc1-08002be10318}\0000\DisableVp9Codec","NAME NOT FOUND","Length: 134"
"15:21:00.7206265","ZCode.exe","23548","RegCloseKey","HKLM\System\CurrentControlSet\Control\Class\{4d36e968-e325-11ce-bfc1-08002be10318}\0000","SUCCESS",""
"15:21:00.7206514","ZCode.exe","23548","RegOpenKey","HKLM\System\CurrentControlSet\Control\Class\{4d36e968-e325-11ce-bfc1-08002be10318}\0000","SUCCESS","Desired Access: Read, Maximum Allowed"
"15:21:00.7206742","ZCode.exe","23548","RegQueryValue","HKLM\System\CurrentControlSet\Control\Class\{4d36e968-e325-11ce-bfc1-08002be10318}\0000\DisableAv1Codec","NAME NOT FOUND","Length: 134"
"15:21:00.7206967","ZCode.exe","23548","RegCloseKey","HKLM\System\CurrentControlSet\Control\Class\{4d36e968-e325-11ce-bfc1-08002be10318}\0000","SUCCESS",""
"15:21:00.7210794","ZCode.exe","23548","CreateFile","C:\Program Files\ZCode\D3DSCache.dll","NAME NOT FOUND","Desired Access: Read Attributes, Disposition: Open, Options: Open Reparse Point, Attributes: n/a, ShareMode: Read, Write, Delete, AllocationSize: n/a"
"15:21:00.7213000","ZCode.exe","23548","CreateFile","C:\Windows\System32\D3DSCache.dll","SUCCESS","Desired Access: Read Attributes, Disposition: Open, Options: Open Reparse Point, Attributes: n/a, ShareMode: Read, Write, Delete, AllocationSize: n/a, OpenResult: Opened"
"15:21:00.7213505","ZCode.exe","23548","QueryBasicInformationFile","C:\Windows\System32\D3DSCache.dll","SUCCESS","CreationTime: 24-06-2026 11:34:02, LastAccessTime: 26-06-2026 13:04:03, LastWriteTime: 24-06-2026 11:34:02, ChangeTime: 24-06-2026 16:31:24, FileAttributes: A"
"15:21:00.7213873","ZCode.exe","23548","CloseFile","C:\Windows\System32\D3DSCache.dll","SUCCESS",""
"15:21:00.7215277","ZCode.exe","23548","CreateFile","C:\Windows\System32\D3DSCache.dll","SUCCESS","Desired Access: Read Data/List Directory, Execute/Traverse, Synchronize, Disposition: Open, Options: Synchronous IO Non-Alert, Non-Directory File, Attributes: n/a, ShareMode: Read, Delete, AllocationSize: n/a, OpenResult: Opened"
"15:21:00.7215716","ZCode.exe","23548","CreateFileMapping","C:\Windows\System32\D3DSCache.dll","FILE LOCKED WITH ONLY READERS","SyncType: SyncTypeCreateSection, PageProtection: PAGE_EXECUTE"
"15:21:00.7216517","ZCode.exe","23548","CreateFileMapping","C:\Windows\System32\D3DSCache.dll","SUCCESS","SyncType: SyncTypeOther"
"15:21:00.7217997","ZCode.exe","23548","Load Image","C:\Windows\System32\D3DSCache.dll","SUCCESS","Image Base: 0x7ffadd590000, Image Size: 0xdf000"
"15:21:00.7219741","ZCode.exe","23548","CloseFile","C:\Windows\System32\D3DSCache.dll","SUCCESS",""
"15:21:00.7221469","ZCode.exe","23548","CreateFile","C:\Program Files\ZCode\USERENV.dll","NAME NOT FOUND","Desired Access: Read Attributes, Disposition: Open, Options: Open Reparse Point, Attributes: n/a, ShareMode: Read, Write, Delete, AllocationSize: n/a"
"15:21:00.7223321","ZCode.exe","23548","CreateFile","C:\Windows\System32\userenv.dll","SUCCESS","Desired Access: Read Attributes, Disposition: Open, Options: Open Reparse Point, Attributes: n/a, ShareMode: Read, Write, Delete, AllocationSize: n/a, OpenResult: Opened"
"15:21:00.7223784","ZCode.exe","23548","QueryBasicInformationFile","C:\Windows\System32\userenv.dll","SUCCESS","CreationTime: 24-06-2026 11:34:32, LastAccessTime: 26-06-2026 15:20:51, LastWriteTime: 24-06-2026 11:34:32, ChangeTime: 24-06-2026 16:31:20, FileAttributes: A"
"15:21:00.7223961","ZCode.exe","23548","CloseFile","C:\Windows\System32\userenv.dll","SUCCESS",""
"15:21:00.7225886","ZCode.exe","23548","CreateFile","C:\Windows\System32\userenv.dll","SUCCESS","Desired Access: Read Data/List Directory, Execute/Traverse, Synchronize, Disposition: Open, Options: Synchronous IO Non-Alert, Non-Directory File, Attributes: n/a, ShareMode: Read, Delete, AllocationSize: n/a, OpenResult: Opened"
"15:21:00.7226451","ZCode.exe","23548","CreateFileMapping","C:\Windows\System32\userenv.dll","FILE LOCKED WITH ONLY READERS","SyncType: SyncTypeCreateSection, PageProtection: PAGE_EXECUTE"
"15:21:00.7226691","ZCode.exe","23548","CreateFileMapping","C:\Windows\System32\userenv.dll","SUCCESS","SyncType: SyncTypeOther"
"15:21:00.7227650","ZCode.exe","23548","Load Image","C:\Windows\System32\userenv.dll","SUCCESS","Image Base: 0x7ffb09230000, Image Size: 0x32000"
"15:21:00.7229055","ZCode.exe","23548","CloseFile","C:\Windows\System32\userenv.dll","SUCCESS",""
"15:21:00.7231429","ZCode.exe","23548","RegQueryValue","HKLM\System\CurrentControlSet\Control\WMI\Security\2d4ebca6-ea64-453f-a292-ae2ea0ee513b","NAME NOT FOUND","Length: 528"
"15:21:00.7232204","ZCode.exe","23548","RegQueryValue","HKLM\System\CurrentControlSet\Control\WMI\Security\91e7b7f0-32e2-45bf-bb8f-54ab57432c06","NAME NOT FOUND","Length: 528"
"15:21:00.7233386","ZCode.exe","23548","RegQueryKey","HKLM","SUCCESS","Query: HandleTags, HandleTags: 0x0"
"15:21:00.7233593","ZCode.exe","23548","RegOpenKey","HKLM\System\CurrentControlSet\Control\Class\{4d36e968-e325-11ce-bfc1-08002be10318}\0000","SUCCESS","Desired Access: Read"
"15:21:00.7233858","ZCode.exe","23548","RegQueryValue","HKLM\System\CurrentControlSet\Control\Class\{4d36e968-e325-11ce-bfc1-08002be10318}\0000\DriverStorePathForComputeRuntime","BUFFER OVERFLOW","Length: 144"
"15:21:00.7234033","ZCode.exe","23548","RegQueryValue","HKLM\System\CurrentControlSet\Control\Class\{4d36e968-e325-11ce-bfc1-08002be10318}\0000\DriverStorePathForComputeRuntime","SUCCESS","Type: REG_SZ, Length: 166, Data: C:\WINDOWS\System32\DriverStore\FileRepository\iigd_dch.inf_amd64_890d8eaa182f97be"
"15:21:00.7234181","ZCode.exe","23548","RegQueryValue","HKLM\System\CurrentControlSet\Control\Class\{4d36e968-e325-11ce-bfc1-08002be10318}\0000\DriverStorePathForComputeRuntime","BUFFER OVERFLOW","Length: 144"
"15:21:00.7234316","ZCode.exe","23548","RegQueryValue","HKLM\System\CurrentControlSet\Control\Class\{4d36e968-e325-11ce-bfc1-08002be10318}\0000\DriverStorePathForComputeRuntime","SUCCESS","Type: REG_SZ, Length: 166, Data: C:\WINDOWS\System32\DriverStore\FileRepository\iigd_dch.inf_amd64_890d8eaa182f97be"
"15:21:00.7234517","ZCode.exe","23548","RegCloseKey","HKLM\System\CurrentControlSet\Control\Class\{4d36e968-e325-11ce-bfc1-08002be10318}\0000","SUCCESS",""
"15:21:00.7236997","ZCode.exe","23548","CreateFile","C:\Windows\System32\DriverStore\FileRepository\iigd_dch.inf_amd64_890d8eaa182f97be\igd12dxva64.dll","SUCCESS","Desired Access: Read Attributes, Disposition: Open, Options: Open Reparse Point, Attributes: n/a, ShareMode: Read, Write, Delete, AllocationSize: n/a, OpenResult: Opened"
"15:21:00.7237309","ZCode.exe","23548","QueryBasicInformationFile","C:\Windows\System32\DriverStore\FileRepository\iigd_dch.inf_amd64_890d8eaa182f97be\igd12dxva64.dll","SUCCESS","CreationTime: 28-04-2026 17:23:44, LastAccessTime: 26-06-2026 13:04:03, LastWriteTime: 11-02-2026 19:31:10, ChangeTime: 29-05-2026 09:01:03, FileAttributes: A"
"15:21:00.7237414","ZCode.exe","23548","CloseFile","C:\Windows\System32\DriverStore\FileRepository\iigd_dch.inf_amd64_890d8eaa182f97be\igd12dxva64.dll","SUCCESS",""
"15:21:00.7238541","ZCode.exe","23548","CreateFile","C:\Windows\System32\DriverStore\FileRepository\iigd_dch.inf_amd64_890d8eaa182f97be\igd12dxva64.dll","SUCCESS","Desired Access: Read Data/List Directory, Execute/Traverse, Synchronize, Disposition: Open, Options: Synchronous IO Non-Alert, Non-Directory File, Attributes: n/a, ShareMode: Read, Delete, AllocationSize: n/a, OpenResult: Opened"
"15:21:00.7238835","ZCode.exe","23548","CreateFileMapping","C:\Windows\System32\DriverStore\FileRepository\iigd_dch.inf_amd64_890d8eaa182f97be\igd12dxva64.dll","FILE LOCKED WITH ONLY READERS","SyncType: SyncTypeCreateSection, PageProtection: PAGE_EXECUTE"
"15:21:00.7245084","ZCode.exe","23548","CreateFileMapping","C:\Windows\System32\DriverStore\FileRepository\iigd_dch.inf_amd64_890d8eaa182f97be\igd12dxva64.dll","SUCCESS","SyncType: SyncTypeOther"
"15:21:00.7246201","ZCode.exe","23548","Load Image","C:\Windows\System32\DriverStore\FileRepository\iigd_dch.inf_amd64_890d8eaa182f97be\igd12dxva64.dll","SUCCESS","Image Base: 0x7ffad96d0000, Image Size: 0x35a000"
"15:21:00.7247081","ZCode.exe","23548","RegOpenKey","HKLM\Software\Microsoft\Windows\CurrentVersion\SideBySide","SUCCESS","Desired Access: Read"
"15:21:00.7247357","ZCode.exe","23548","RegQueryValue","HKLM\SOFTWARE\Microsoft\Windows\CurrentVersion\SideBySide\PreferExternalManifest","NAME NOT FOUND","Length: 20"
"15:21:00.7247573","ZCode.exe","23548","RegCloseKey","HKLM\SOFTWARE\Microsoft\Windows\CurrentVersion\SideBySide","SUCCESS",""
"15:21:00.7248661","ZCode.exe","23548","CreateFile","C:\Windows\System32\DriverStore\FileRepository\iigd_dch.inf_amd64_890d8eaa182f97be\igd12dxva64.dll","SUCCESS","Desired Access: Generic Read, Disposition: Open, Options: Synchronous IO Non-Alert, Non-Directory File, Attributes: n/a, ShareMode: Read, Delete, AllocationSize: n/a, OpenResult: Opened"
"15:21:00.7251564","ZCode.exe","23548","CloseFile","C:\Windows\System32\DriverStore\FileRepository\iigd_dch.inf_amd64_890d8eaa182f97be\igd12dxva64.dll","SUCCESS",""
"15:21:00.7253528","ZCode.exe","23548","Load Image","C:\Windows\System32\setupapi.dll","SUCCESS","Image Base: 0x7ffb0bd80000, Image Size: 0x487000"
"15:21:00.7256243","ZCode.exe","23548","CloseFile","C:\Windows\System32\DriverStore\FileRepository\iigd_dch.inf_amd64_890d8eaa182f97be\igd12dxva64.dll","SUCCESS",""
"15:21:00.7258106","ZCode.exe","23548","QueryNameInformationFile","C:\Windows\System32\setupapi.dll","SUCCESS","Name: \Windows\System32\setupapi.dll"
"15:21:00.7258873","ZCode.exe","23548","QueryNameInformationFile","C:\Windows\System32\setupapi.dll","SUCCESS","Name: \Windows\System32\setupapi.dll"
"15:21:00.7271495","ZCode.exe","23548","CreateFile","C:\Windows\System32\DriverStore\FileRepository\iigd_dch.inf_amd64_890d8eaa182f97be\igddxvacommon64.dll","SUCCESS","Desired Access: Read Attributes, Disposition: Open, Options: Open Reparse Point, Attributes: n/a, ShareMode: Read, Write, Delete, AllocationSize: n/a, OpenResult: Opened"
"15:21:00.7271807","ZCode.exe","23548","QueryBasicInformationFile","C:\Windows\System32\DriverStore\FileRepository\iigd_dch.inf_amd64_890d8eaa182f97be\igddxvacommon64.dll","SUCCESS","CreationTime: 28-04-2026 17:23:45, LastAccessTime: 26-06-2026 15:19:41, LastWriteTime: 11-02-2026 19:31:24, ChangeTime: 29-05-2026 08:59:10, FileAttributes: A"
"15:21:00.7271914","ZCode.exe","23548","CloseFile","C:\Windows\System32\DriverStore\FileRepository\iigd_dch.inf_amd64_890d8eaa182f97be\igddxvacommon64.dll","SUCCESS",""
"15:21:00.7272962","ZCode.exe","23548","CreateFile","C:\Windows\System32\DriverStore\FileRepository\iigd_dch.inf_amd64_890d8eaa182f97be\igddxvacommon64.dll","SUCCESS","Desired Access: Read Data/List Directory, Execute/Traverse, Synchronize, Disposition: Open, Options: Synchronous IO Non-Alert, Non-Directory File, Attributes: n/a, ShareMode: Read, Delete, AllocationSize: n/a, OpenResult: Opened"
"15:21:00.7273254","ZCode.exe","23548","CreateFileMapping","C:\Windows\System32\DriverStore\FileRepository\iigd_dch.inf_amd64_890d8eaa182f97be\igddxvacommon64.dll","FILE LOCKED WITH ONLY READERS","SyncType: SyncTypeCreateSection, PageProtection: PAGE_EXECUTE"
"15:21:00.7273482","ZCode.exe","23548","CreateFileMapping","C:\Windows\System32\DriverStore\FileRepository\iigd_dch.inf_amd64_890d8eaa182f97be\igddxvacommon64.dll","SUCCESS","SyncType: SyncTypeOther"
"15:21:00.7274228","ZCode.exe","23548","Load Image","C:\Windows\System32\DriverStore\FileRepository\iigd_dch.inf_amd64_890d8eaa182f97be\igddxvacommon64.dll","SUCCESS","Image Base: 0x7ffaf08c0000, Image Size: 0x15b7000"
"15:21:00.7274933","ZCode.exe","23548","RegOpenKey","HKLM\Software\Microsoft\Windows\CurrentVersion\SideBySide","SUCCESS","Desired Access: Read"
"15:21:00.7275294","ZCode.exe","23548","RegQueryValue","HKLM\SOFTWARE\Microsoft\Windows\CurrentVersion\SideBySide\PreferExternalManifest","NAME NOT FOUND","Length: 20"
"15:21:00.7275495","ZCode.exe","23548","RegCloseKey","HKLM\SOFTWARE\Microsoft\Windows\CurrentVersion\SideBySide","SUCCESS",""
"15:21:00.7277641","ZCode.exe","23548","CreateFile","C:\Windows\System32\DriverStore\FileRepository\iigd_dch.inf_amd64_890d8eaa182f97be\igddxvacommon64.dll","SUCCESS","Desired Access: Generic Read, Disposition: Open, Options: Synchronous IO Non-Alert, Non-Directory File, Attributes: n/a, ShareMode: Read, Delete, AllocationSize: n/a, OpenResult: Opened"
"15:21:00.7280740","ZCode.exe","23548","CloseFile","C:\Windows\System32\DriverStore\FileRepository\iigd_dch.inf_amd64_890d8eaa182f97be\igddxvacommon64.dll","SUCCESS",""
"15:21:00.7281943","ZCode.exe","23548","CloseFile","C:\Windows\System32\DriverStore\FileRepository\iigd_dch.inf_amd64_890d8eaa182f97be\igddxvacommon64.dll","SUCCESS",""
"15:21:00.7294748","ZCode.exe","23548","CreateFile","C:\Windows\System32\DriverStore\FileRepository\iigd_dch.inf_amd64_890d8eaa182f97be\media_bin_64.dll","SUCCESS","Desired Access: Read Attributes, Disposition: Open, Options: Open Reparse Point, Attributes: n/a, ShareMode: Read, Write, Delete, AllocationSize: n/a, OpenResult: Opened"
"15:21:00.7295164","ZCode.exe","23548","QueryBasicInformationFile","C:\Windows\System32\DriverStore\FileRepository\iigd_dch.inf_amd64_890d8eaa182f97be\media_bin_64.dll","SUCCESS","CreationTime: 28-04-2026 17:23:45, LastAccessTime: 26-06-2026 15:19:41, LastWriteTime: 11-02-2026 19:32:12, ChangeTime: 29-05-2026 08:59:11, FileAttributes: A"
"15:21:00.7295333","ZCode.exe","23548","CloseFile","C:\Windows\System32\DriverStore\FileRepository\iigd_dch.inf_amd64_890d8eaa182f97be\media_bin_64.dll","SUCCESS",""
"15:21:00.7296426","ZCode.exe","23548","CreateFile","C:\Windows\System32\DriverStore\FileRepository\iigd_dch.inf_amd64_890d8eaa182f97be\media_bin_64.dll","SUCCESS","Desired Access: Read Data/List Directory, Execute/Traverse, Synchronize, Disposition: Open, Options: Synchronous IO Non-Alert, Non-Directory File, Attributes: n/a, ShareMode: Read, Delete, AllocationSize: n/a, OpenResult: Opened"
"15:21:00.7296719","ZCode.exe","23548","CreateFileMapping","C:\Windows\System32\DriverStore\FileRepository\iigd_dch.inf_amd64_890d8eaa182f97be\media_bin_64.dll","FILE LOCKED WITH ONLY READERS","SyncType: SyncTypeCreateSection, PageProtection: PAGE_EXECUTE"
"15:21:00.7297046","ZCode.exe","23548","CreateFileMapping","C:\Windows\System32\DriverStore\FileRepository\iigd_dch.inf_amd64_890d8eaa182f97be\media_bin_64.dll","SUCCESS","SyncType: SyncTypeOther"
"15:21:00.7298917","ZCode.exe","23548","Load Image","C:\Windows\System32\DriverStore\FileRepository\iigd_dch.inf_amd64_890d8eaa182f97be\media_bin_64.dll","SUCCESS","Image Base: 0x7ffaee5f0000, Image Size: 0x20d3000"
"15:21:00.7299653","ZCode.exe","23548","RegOpenKey","HKLM\Software\Microsoft\Windows\CurrentVersion\SideBySide","SUCCESS","Desired Access: Read"
"15:21:00.7299937","ZCode.exe","23548","RegQueryValue","HKLM\SOFTWARE\Microsoft\Windows\CurrentVersion\SideBySide\PreferExternalManifest","NAME NOT FOUND","Length: 20"
"15:21:00.7300126","ZCode.exe","23548","RegCloseKey","HKLM\SOFTWARE\Microsoft\Windows\CurrentVersion\SideBySide","SUCCESS",""
"15:21:00.7301280","ZCode.exe","23548","CreateFile","C:\Windows\System32\DriverStore\FileRepository\iigd_dch.inf_amd64_890d8eaa182f97be\media_bin_64.dll","SUCCESS","Desired Access: Generic Read, Disposition: Open, Options: Synchronous IO Non-Alert, Non-Directory File, Attributes: n/a, ShareMode: Read, Delete, AllocationSize: n/a, OpenResult: Opened"
"15:21:00.7304204","ZCode.exe","23548","CloseFile","C:\Windows\System32\DriverStore\FileRepository\iigd_dch.inf_amd64_890d8eaa182f97be\media_bin_64.dll","SUCCESS",""
"15:21:00.7305387","ZCode.exe","23548","CloseFile","C:\Windows\System32\DriverStore\FileRepository\iigd_dch.inf_amd64_890d8eaa182f97be\media_bin_64.dll","SUCCESS",""
"15:21:00.7321449","ZCode.exe","23548","CreateFile","C:\Windows\System32\DriverStore\FileRepository\iigd_dch.inf_amd64_890d8eaa182f97be\igdinfo64.dll","SUCCESS","Desired Access: Read Attributes, Disposition: Open, Options: Open Reparse Point, Attributes: n/a, ShareMode: Read, Write, Delete, AllocationSize: n/a, OpenResult: Opened"
"15:21:00.7321878","ZCode.exe","23548","QueryBasicInformationFile","C:\Windows\System32\DriverStore\FileRepository\iigd_dch.inf_amd64_890d8eaa182f97be\igdinfo64.dll","SUCCESS","CreationTime: 28-04-2026 17:23:45, LastAccessTime: 26-06-2026 15:19:41, LastWriteTime: 11-02-2026 19:31:34, ChangeTime: 29-05-2026 08:59:11, FileAttributes: A"
"15:21:00.7321998","ZCode.exe","23548","CloseFile","C:\Windows\System32\DriverStore\FileRepository\iigd_dch.inf_amd64_890d8eaa182f97be\igdinfo64.dll","SUCCESS",""
"15:21:00.7324207","ZCode.exe","23548","CreateFile","C:\Windows\System32\DriverStore\FileRepository\iigd_dch.inf_amd64_890d8eaa182f97be\igdinfo64.dll","SUCCESS","Desired Access: Read Data/List Directory, Execute/Traverse, Synchronize, Disposition: Open, Options: Synchronous IO Non-Alert, Non-Directory File, Attributes: n/a, ShareMode: Read, Delete, AllocationSize: n/a, OpenResult: Opened"
"15:21:00.7324638","ZCode.exe","23548","CreateFileMapping","C:\Windows\System32\DriverStore\FileRepository\iigd_dch.inf_amd64_890d8eaa182f97be\igdinfo64.dll","FILE LOCKED WITH ONLY READERS","SyncType: SyncTypeCreateSection, PageProtection: PAGE_EXECUTE"
"15:21:00.7325263","ZCode.exe","23548","CreateFileMapping","C:\Windows\System32\DriverStore\FileRepository\iigd_dch.inf_amd64_890d8eaa182f97be\igdinfo64.dll","SUCCESS","SyncType: SyncTypeOther"
"15:21:00.7326194","ZCode.exe","23548","Load Image","C:\Windows\System32\DriverStore\FileRepository\iigd_dch.inf_amd64_890d8eaa182f97be\igdinfo64.dll","SUCCESS","Image Base: 0x7ffaf1ec0000, Image Size: 0x28000"
"15:21:00.7327361","ZCode.exe","23548","CloseFile","C:\Windows\System32\DriverStore\FileRepository\iigd_dch.inf_amd64_890d8eaa182f97be\igdinfo64.dll","SUCCESS",""
"15:21:00.7330412","ZCode.exe","23548","RegQueryKey","HKLM","SUCCESS","Query: HandleTags, HandleTags: 0x0"
"15:21:00.7330554","ZCode.exe","23548","RegOpenKey","HKLM\System\CurrentControlSet\Control\Class\{4d36e968-e325-11ce-bfc1-08002be10318}\0000\DXVA","SUCCESS","Desired Access: Read"
"15:21:00.7331217","ZCode.exe","23548","RegQueryValue","HKLM\System\CurrentControlSet\Control\Class\{4d36e968-e325-11ce-bfc1-08002be10318}\0000\DXVA\Perf Utility Tool Enable","NAME NOT FOUND","Length: 16"
"15:21:00.7331447","ZCode.exe","23548","RegCloseKey","HKLM\System\CurrentControlSet\Control\Class\{4d36e968-e325-11ce-bfc1-08002be10318}\0000\DXVA","SUCCESS",""
"15:21:00.7331878","ZCode.exe","23548","RegQueryKey","HKLM","SUCCESS","Query: HandleTags, HandleTags: 0x0"
"15:21:00.7332117","ZCode.exe","23548","RegOpenKey","HKLM\System\CurrentControlSet\Control\Class\{4d36e968-e325-11ce-bfc1-08002be10318}\0000\DXVA","SUCCESS","Desired Access: Read"
"15:21:00.7332665","ZCode.exe","23548","RegQueryValue","HKLM\System\CurrentControlSet\Control\Class\{4d36e968-e325-11ce-bfc1-08002be10318}\0000\DXVA\Perf Output Directory","NAME NOT FOUND","Length: 144"
"15:21:00.7333235","ZCode.exe","23548","RegCloseKey","HKLM\System\CurrentControlSet\Control\Class\{4d36e968-e325-11ce-bfc1-08002be10318}\0000\DXVA","SUCCESS",""
"15:21:00.7337504","ZCode.exe","23548","CreateFile","C:\Windows\System32\DriverStore\FileRepository\iigd_dch.inf_amd64_890d8eaa182f97be\dxgi.dll","NAME NOT FOUND","Desired Access: Read Attributes, Disposition: Open, Options: Open Reparse Point, Attributes: n/a, ShareMode: Read, Write, Delete, AllocationSize: n/a"
"15:21:00.7343368","ZCode.exe","23548","RegQueryKey","HKLM","SUCCESS","Query: HandleTags, HandleTags: 0x0"
"15:21:00.7343503","ZCode.exe","23548","RegOpenKey","HKLM\System\CurrentControlSet\Control\Class\{4d36e968-e325-11ce-bfc1-08002be10318}\0000\DXVA","SUCCESS","Desired Access: Read"
"15:21:00.7343693","ZCode.exe","23548","RegQueryValue","HKLM\System\CurrentControlSet\Control\Class\{4d36e968-e325-11ce-bfc1-08002be10318}\0000\DXVA\Enable UMD_OCA","NAME NOT FOUND","Length: 16"
"15:21:00.7343852","ZCode.exe","23548","RegCloseKey","HKLM\System\CurrentControlSet\Control\Class\{4d36e968-e325-11ce-bfc1-08002be10318}\0000\DXVA","SUCCESS",""
"15:21:00.7344055","ZCode.exe","23548","RegQueryKey","HKLM","SUCCESS","Query: HandleTags, HandleTags: 0x0"
"15:21:00.7344213","ZCode.exe","23548","RegOpenKey","HKLM\System\CurrentControlSet\Control\Class\{4d36e968-e325-11ce-bfc1-08002be10318}\0000\DXVA","SUCCESS","Desired Access: Read"
"15:21:00.7344400","ZCode.exe","23548","RegQueryValue","HKLM\System\CurrentControlSet\Control\Class\{4d36e968-e325-11ce-bfc1-08002be10318}\0000\DXVA\Decode Low Latency","NAME NOT FOUND","Length: 16"
"15:21:00.7344552","ZCode.exe","23548","RegCloseKey","HKLM\System\CurrentControlSet\Control\Class\{4d36e968-e325-11ce-bfc1-08002be10318}\0000\DXVA","SUCCESS",""
"15:21:00.7348509","ZCode.exe","23548","RegQueryKey","HKLM","SUCCESS","Query: HandleTags, HandleTags: 0x0"
"15:21:00.7348695","ZCode.exe","23548","RegOpenKey","HKLM\System\CurrentControlSet\Control\Class\{4d36e968-e325-11ce-bfc1-08002be10318}\0000\DXVA","SUCCESS","Desired Access: Read"
"15:21:00.7348934","ZCode.exe","23548","RegQueryValue","HKLM\System\CurrentControlSet\Control\Class\{4d36e968-e325-11ce-bfc1-08002be10318}\0000\DXVA\VP FP16 Enable","NAME NOT FOUND","Length: 16"
"15:21:00.7349118","ZCode.exe","23548","RegCloseKey","HKLM\System\CurrentControlSet\Control\Class\{4d36e968-e325-11ce-bfc1-08002be10318}\0000\DXVA","SUCCESS",""
"15:21:00.7350956","ZCode.exe","23548","CreateFile","C:\Windows\System32\DriverStore\FileRepository\iigd_dch.inf_amd64_890d8eaa182f97be\igd12umd64.dll","SUCCESS","Desired Access: Generic Read, Disposition: Open, Options: Synchronous IO Non-Alert, Non-Directory File, Attributes: N, ShareMode: Read, AllocationSize: n/a, OpenResult: Opened"
"15:21:00.7351329","ZCode.exe","23548","QueryBasicInformationFile","C:\Windows\System32\DriverStore\FileRepository\iigd_dch.inf_amd64_890d8eaa182f97be\igd12umd64.dll","SUCCESS","CreationTime: 28-04-2026 17:23:45, LastAccessTime: 26-06-2026 15:21:00, LastWriteTime: 11-02-2026 19:31:14, ChangeTime: 29-05-2026 09:01:02, FileAttributes: A"
"15:21:00.7351471","ZCode.exe","23548","CloseFile","C:\Windows\System32\DriverStore\FileRepository\iigd_dch.inf_amd64_890d8eaa182f97be\igd12umd64.dll","SUCCESS",""
"15:21:00.7353713","ZCode.exe","23548","RegQueryKey","HKLM","SUCCESS","Query: HandleTags, HandleTags: 0x0"
"15:21:00.7353903","ZCode.exe","23548","RegOpenKey","HKLM\Software\Microsoft\Windows\CurrentVersion\Explorer\FolderDescriptions","SUCCESS","Desired Access: Read"
"15:21:00.7354128","ZCode.exe","23548","RegQueryKey","HKLM\SOFTWARE\Microsoft\Windows\CurrentVersion\Explorer\FolderDescriptions","SUCCESS","Query: HandleTags, HandleTags: 0x0"
"15:21:00.7354287","ZCode.exe","23548","RegOpenKey","HKLM\SOFTWARE\Microsoft\Windows\CurrentVersion\Explorer\FolderDescriptions\{F1B32785-6FBA-4FCF-9D55-7B8E7F157091}","SUCCESS","Desired Access: Read"
"15:21:00.7354589","ZCode.exe","23548","RegCloseKey","HKLM\SOFTWARE\Microsoft\Windows\CurrentVersion\Explorer\FolderDescriptions","SUCCESS",""
"15:21:00.7354782","ZCode.exe","23548","RegQueryValue","HKLM\SOFTWARE\Microsoft\Windows\CurrentVersion\Explorer\FolderDescriptions\{F1B32785-6FBA-4FCF-9D55-7B8E7F157091}\Category","SUCCESS","Type: REG_DWORD, Length: 4, Data: 4"
"15:21:00.7354959","ZCode.exe","23548","RegQueryValue","HKLM\SOFTWARE\Microsoft\Windows\CurrentVersion\Explorer\FolderDescriptions\{F1B32785-6FBA-4FCF-9D55-7B8E7F157091}\Name","SUCCESS","Type: REG_SZ, Length: 28, Data: Local AppData"
"15:21:00.7355129","ZCode.exe","23548","RegQueryValue","HKLM\SOFTWARE\Microsoft\Windows\CurrentVersion\Explorer\FolderDescriptions\{F1B32785-6FBA-4FCF-9D55-7B8E7F157091}\ParentFolder","NAME NOT FOUND","Length: 90"
"15:21:00.7355296","ZCode.exe","23548","RegQueryValue","HKLM\SOFTWARE\Microsoft\Windows\CurrentVersion\Explorer\FolderDescriptions\{F1B32785-6FBA-4FCF-9D55-7B8E7F157091}\DeferPrecreateAndRedirect","NAME NOT FOUND","Length: 90"
"15:21:00.7355450","ZCode.exe","23548","RegQueryValue","HKLM\SOFTWARE\Microsoft\Windows\CurrentVersion\Explorer\FolderDescriptions\{F1B32785-6FBA-4FCF-9D55-7B8E7F157091}\Description","NAME NOT FOUND","Length: 144"
"15:21:00.7355594","ZCode.exe","23548","RegQueryValue","HKLM\SOFTWARE\Microsoft\Windows\CurrentVersion\Explorer\FolderDescriptions\{F1B32785-6FBA-4FCF-9D55-7B8E7F157091}\RelativePath","SUCCESS","Type: REG_SZ, Length: 28, Data: AppData\Local"
"15:21:00.7355753","ZCode.exe","23548","RegQueryValue","HKLM\SOFTWARE\Microsoft\Windows\CurrentVersion\Explorer\FolderDescriptions\{F1B32785-6FBA-4FCF-9D55-7B8E7F157091}\ParsingName","NAME NOT FOUND","Length: 144"
"15:21:00.7355898","ZCode.exe","23548","RegQueryValue","HKLM\SOFTWARE\Microsoft\Windows\CurrentVersion\Explorer\FolderDescriptions\{F1B32785-6FBA-4FCF-9D55-7B8E7F157091}\InfoTip","NAME NOT FOUND","Length: 144"
"15:21:00.7356037","ZCode.exe","23548","RegQueryValue","HKLM\SOFTWARE\Microsoft\Windows\CurrentVersion\Explorer\FolderDescriptions\{F1B32785-6FBA-4FCF-9D55-7B8E7F157091}\LocalizedName","NAME NOT FOUND","Length: 144"
"15:21:00.7356183","ZCode.exe","23548","RegQueryValue","HKLM\SOFTWARE\Microsoft\Windows\CurrentVersion\Explorer\FolderDescriptions\{F1B32785-6FBA-4FCF-9D55-7B8E7F157091}\Icon","NAME NOT FOUND","Length: 144"
"15:21:00.7356323","ZCode.exe","23548","RegQueryValue","HKLM\SOFTWARE\Microsoft\Windows\CurrentVersion\Explorer\FolderDescriptions\{F1B32785-6FBA-4FCF-9D55-7B8E7F157091}\Security","NAME NOT FOUND","Length: 144"
"15:21:00.7356462","ZCode.exe","23548","RegQueryValue","HKLM\SOFTWARE\Microsoft\Windows\CurrentVersion\Explorer\FolderDescriptions\{F1B32785-6FBA-4FCF-9D55-7B8E7F157091}\StreamResource","NAME NOT FOUND","Length: 144"
"15:21:00.7356604","ZCode.exe","23548","RegQueryValue","HKLM\SOFTWARE\Microsoft\Windows\CurrentVersion\Explorer\FolderDescriptions\{F1B32785-6FBA-4FCF-9D55-7B8E7F157091}\StreamResourceType","NAME NOT FOUND","Length: 144"
"15:21:00.7356812","ZCode.exe","23548","RegQueryValue","HKLM\SOFTWARE\Microsoft\Windows\CurrentVersion\Explorer\FolderDescriptions\{F1B32785-6FBA-4FCF-9D55-7B8E7F157091}\LocalRedirectOnly","SUCCESS","Type: REG_DWORD, Length: 4, Data: 1"
"15:21:00.7356979","ZCode.exe","23548","RegQueryValue","HKLM\SOFTWARE\Microsoft\Windows\CurrentVersion\Explorer\FolderDescriptions\{F1B32785-6FBA-4FCF-9D55-7B8E7F157091}\Roamable","NAME NOT FOUND","Length: 16"
"15:21:00.7357089","ZCode.exe","23548","RegQueryValue","HKLM\SOFTWARE\Microsoft\Windows\CurrentVersion\Explorer\FolderDescriptions\{F1B32785-6FBA-4FCF-9D55-7B8E7F157091}\PreCreate","NAME NOT FOUND","Length: 16"
"15:21:00.7357184","ZCode.exe","23548","RegQueryValue","HKLM\SOFTWARE\Microsoft\Windows\CurrentVersion\Explorer\FolderDescriptions\{F1B32785-6FBA-4FCF-9D55-7B8E7F157091}\Stream","NAME NOT FOUND","Length: 16"
"15:21:00.7357282","ZCode.exe","23548","RegQueryValue","HKLM\SOFTWARE\Microsoft\Windows\CurrentVersion\Explorer\FolderDescriptions\{F1B32785-6FBA-4FCF-9D55-7B8E7F157091}\PublishExpandedPath","SUCCESS","Type: REG_DWORD, Length: 4, Data: 1"
"15:21:00.7357386","ZCode.exe","23548","RegQueryValue","HKLM\SOFTWARE\Microsoft\Windows\CurrentVersion\Explorer\FolderDescriptions\{F1B32785-6FBA-4FCF-9D55-7B8E7F157091}\DefinitionFlags","NAME NOT FOUND","Length: 16"
"15:21:00.7357507","ZCode.exe","23548","RegQueryValue","HKLM\SOFTWARE\Microsoft\Windows\CurrentVersion\Explorer\FolderDescriptions\{F1B32785-6FBA-4FCF-9D55-7B8E7F157091}\DPLProtectionLevel","NAME NOT FOUND","Length: 16"
"15:21:00.7357708","ZCode.exe","23548","RegQueryValue","HKLM\SOFTWARE\Microsoft\Windows\CurrentVersion\Explorer\FolderDescriptions\{F1B32785-6FBA-4FCF-9D55-7B8E7F157091}\Attributes","NAME NOT FOUND","Length: 16"
"15:21:00.7358292","ZCode.exe","23548","RegQueryValue","HKLM\SOFTWARE\Microsoft\Windows\CurrentVersion\Explorer\FolderDescriptions\{F1B32785-6FBA-4FCF-9D55-7B8E7F157091}\FolderTypeID","NAME NOT FOUND","Length: 90"
"15:21:00.7358444","ZCode.exe","23548","RegQueryValue","HKLM\SOFTWARE\Microsoft\Windows\CurrentVersion\Explorer\FolderDescriptions\{F1B32785-6FBA-4FCF-9D55-7B8E7F157091}\InitFolderHandler","NAME NOT FOUND","Length: 90"
"15:21:00.7358599","ZCode.exe","23548","RegQueryKey","HKLM\SOFTWARE\Microsoft\Windows\CurrentVersion\Explorer\FolderDescriptions\{F1B32785-6FBA-4FCF-9D55-7B8E7F157091}","SUCCESS","Query: HandleTags, HandleTags: 0x0"
"15:21:00.7358749","ZCode.exe","23548","RegOpenKey","HKLM\SOFTWARE\Microsoft\Windows\CurrentVersion\Explorer\FolderDescriptions\{F1B32785-6FBA-4FCF-9D55-7B8E7F157091}\PropertyBag","NAME NOT FOUND","Desired Access: Read"
"15:21:00.7358980","ZCode.exe","23548","RegCloseKey","HKLM\SOFTWARE\Microsoft\Windows\CurrentVersion\Explorer\FolderDescriptions\{F1B32785-6FBA-4FCF-9D55-7B8E7F157091}","SUCCESS",""
"15:21:00.7359223","ZCode.exe","23548","RegQueryKey","HKCU\Software\Microsoft\Windows\CurrentVersion\Explorer","SUCCESS","Query: HandleTags, HandleTags: 0x0"
"15:21:00.7359380","ZCode.exe","23548","RegOpenKey","HKCU\Software\Microsoft\Windows\CurrentVersion\Explorer\SessionInfo\1","SUCCESS","Desired Access: Query Value"
"15:21:00.7359573","ZCode.exe","23548","RegQueryKey","HKCU\Software\Microsoft\Windows\CurrentVersion\Explorer\SessionInfo\1","SUCCESS","Query: HandleTags, HandleTags: 0x0"
"15:21:00.7359732","ZCode.exe","23548","RegOpenKey","HKCU\Software\Microsoft\Windows\CurrentVersion\Explorer\SessionInfo\1\KnownFolders","NAME NOT FOUND","Desired Access: Query Value"
"15:21:00.7359947","ZCode.exe","23548","RegCloseKey","HKCU\Software\Microsoft\Windows\CurrentVersion\Explorer\SessionInfo\1","SUCCESS",""
"15:21:00.7360168","ZCode.exe","23548","RegOpenKey","HKCU","SUCCESS","Desired Access: Read"
"15:21:00.7360368","ZCode.exe","23548","RegQueryKey","HKCU","SUCCESS","Query: HandleTags, HandleTags: 0x0"
"15:21:00.7360518","ZCode.exe","23548","RegOpenKey","HKCU\Software\Microsoft\Windows\CurrentVersion\Explorer\User Shell Folders","SUCCESS","Desired Access: Read"
"15:21:00.7360714","ZCode.exe","23548","RegCloseKey","HKCU","SUCCESS",""
"15:21:00.7360853","ZCode.exe","23548","RegQueryValue","HKCU\Software\Microsoft\Windows\CurrentVersion\Explorer\User Shell Folders\Local AppData","SUCCESS","Type: REG_EXPAND_SZ, Length: 56, Data: %USERPROFILE%\AppData\Local"
"15:21:00.7361272","ZCode.exe","23548","RegCloseKey","HKCU\Software\Microsoft\Windows\CurrentVersion\Explorer\User Shell Folders","SUCCESS",""
"15:21:00.7363608","ZCode.exe","23548","CreateFile","C:\Users\DELL\AppData\Local","SUCCESS","Desired Access: Read Attributes, Disposition: Open, Options: Open Reparse Point, Attributes: n/a, ShareMode: Read, Write, Delete, AllocationSize: n/a, OpenResult: Opened"
"15:21:00.7363928","ZCode.exe","23548","QueryBasicInformationFile","C:\Users\DELL\AppData\Local","SUCCESS","CreationTime: 23-05-2025 04:22:06, LastAccessTime: 26-06-2026 15:21:00, LastWriteTime: 25-06-2026 15:21:24, ChangeTime: 25-06-2026 15:21:24, FileAttributes: SD"
"15:21:00.7364079","ZCode.exe","23548","CloseFile","C:\Users\DELL\AppData\Local","SUCCESS",""
"15:21:00.7365329","ZCode.exe","23548","CreateFile","C:\Users\DELL\AppData\Local\D3DSCache","NAME COLLISION","Desired Access: Read Data/List Directory, Synchronize, Disposition: Create, Options: Directory, Synchronous IO Non-Alert, Open Reparse Point, Attributes: N, ShareMode: Read, Write, AllocationSize: 0"
"15:21:00.7366269","ZCode.exe","23548","CreateFile","C:\Users\DELL\AppData\Local\D3DSCache","SUCCESS","Desired Access: All Access, Disposition: Open, Options: Synchronous IO Non-Alert, Attributes: n/a, ShareMode: Read, AllocationSize: n/a, OpenResult: Opened"
"15:21:00.7366598","ZCode.exe","23548","SetStorageReservedIdInformation","C:\Users\DELL\AppData\Local\D3DSCache","SUCCESS",""
"15:21:00.7366853","ZCode.exe","23548","CloseFile","C:\Users\DELL\AppData\Local\D3DSCache","SUCCESS",""
"15:21:00.7368304","ZCode.exe","23548","CreateFile","C:\Users\DELL\AppData\Local\D3DSCache\49eada2fedf12263","NAME COLLISION","Desired Access: Read Data/List Directory, Synchronize, Disposition: Create, Options: Directory, Synchronous IO Non-Alert, Open Reparse Point, Attributes: N, ShareMode: Read, Write, AllocationSize: 0"
"15:21:00.7371803","ZCode.exe","23548","CreateFile","C:\Users\DELL\AppData\Local\D3DSCache\49eada2fedf12263\6F75932F-7DFC-4FB0-B4B8-12DE1AC415DA_VEN_8086&DEV_9A49&SUBSYS_A20&REV_1.dxcache","SUCCESS","Desired Access: Read Attributes, Disposition: Open, Options: Open Reparse Point, Attributes: n/a, ShareMode: Read, Write, Delete, AllocationSize: n/a, OpenResult: Opened"
"15:21:00.7372191","ZCode.exe","23548","QueryNetworkOpenInformationFile","C:\Users\DELL\AppData\Local\D3DSCache\49eada2fedf12263\6F75932F-7DFC-4FB0-B4B8-12DE1AC415DA_VEN_8086&DEV_9A49&SUBSYS_A20&REV_1.dxcache","SUCCESS","CreationTime: 25-06-2026 15:23:35, LastAccessTime: 26-06-2026 13:04:03, LastWriteTime: 25-06-2026 15:23:35, ChangeTime: 25-06-2026 15:23:35, AllocationSize: 01-01-1601 05:30:00, EndOfFile: 01-01-1601 05:30:00, FileAttributes: AC"
"15:21:00.7372351","ZCode.exe","23548","CloseFile","C:\Users\DELL\AppData\Local\D3DSCache\49eada2fedf12263\6F75932F-7DFC-4FB0-B4B8-12DE1AC415DA_VEN_8086&DEV_9A49&SUBSYS_A20&REV_1.dxcache","SUCCESS",""
"15:21:00.7373398","ZCode.exe","23548","CreateFile","C:\Users\DELL\AppData\Local\D3DSCache\49eada2fedf12263\6F75932F-7DFC-4FB0-B4B8-12DE1AC415DA_VEN_8086&DEV_9A49&SUBSYS_A20&REV_1.dxcache","SUCCESS","Desired Access: Generic Read/Write, Disposition: OpenIf, Options: Synchronous IO Non-Alert, Non-Directory File, Attributes: N, ShareMode: Read, Write, AllocationSize: 0, OpenResult: Opened"
"15:21:00.7373994","ZCode.exe","23548","ReadFile","C:\Users\DELL\AppData\Local\D3DSCache\49eada2fedf12263\6F75932F-7DFC-4FB0-B4B8-12DE1AC415DA_VEN_8086&DEV_9A49&SUBSYS_A20&REV_1.dxcache","SUCCESS","Offset: 0, Length: 100, Priority: Normal"
"15:21:00.7376068","ZCode.exe","23548","LockFile","C:\Users\DELL\AppData\Local\D3DSCache\49eada2fedf12263\6F75932F-7DFC-4FB0-B4B8-12DE1AC415DA_VEN_8086&DEV_9A49&SUBSYS_A20&REV_1.dxcache","SUCCESS","Exclusive: True, Offset: 1073741824, Length: 1, Fail Immediately: True"
"15:21:00.7376239","ZCode.exe","23548","LockFile","C:\Users\DELL\AppData\Local\D3DSCache\49eada2fedf12263\6F75932F-7DFC-4FB0-B4B8-12DE1AC415DA_VEN_8086&DEV_9A49&SUBSYS_A20&REV_1.dxcache","SUCCESS","Exclusive: False, Offset: 1073741826, Length: 510, Fail Immediately: True"
"15:21:00.7376398","ZCode.exe","23548","UnlockFileSingle","C:\Users\DELL\AppData\Local\D3DSCache\49eada2fedf12263\6F75932F-7DFC-4FB0-B4B8-12DE1AC415DA_VEN_8086&DEV_9A49&SUBSYS_A20&REV_1.dxcache","SUCCESS","Offset: 1073741824, Length: 1"
"15:21:00.7378258","ZCode.exe","23548","CreateFile","C:\Users\DELL\AppData\Local\D3DSCache\49eada2fedf12263\6F75932F-7DFC-4FB0-B4B8-12DE1AC415DA_VEN_8086&DEV_9A49&SUBSYS_A20&REV_1.dxcache-journal","NAME NOT FOUND","Desired Access: Read Attributes, Disposition: Open, Options: Open Reparse Point, Attributes: n/a, ShareMode: Read, Write, Delete, AllocationSize: n/a"
"15:21:00.7379766","ZCode.exe","23548","CreateFile","C:\Users\DELL\AppData\Local\D3DSCache\49eada2fedf12263\6F75932F-7DFC-4FB0-B4B8-12DE1AC415DA_VEN_8086&DEV_9A49&SUBSYS_A20&REV_1.dxcache-wal","NAME NOT FOUND","Desired Access: Read Attributes, Disposition: Open, Options: Open Reparse Point, Attributes: n/a, ShareMode: Read, Write, Delete, AllocationSize: n/a"
"15:21:00.7379991","ZCode.exe","23548","QueryStandardInformationFile","C:\Users\DELL\AppData\Local\D3DSCache\49eada2fedf12263\6F75932F-7DFC-4FB0-B4B8-12DE1AC415DA_VEN_8086&DEV_9A49&SUBSYS_A20&REV_1.dxcache","SUCCESS","AllocationSize: 4096, EndOfFile: 40960, NumberOfLinks: 1, DeletePending: False, Directory: False"
"15:21:00.7380405","ZCode.exe","23548","ReadFile","C:\Users\DELL\AppData\Local\D3DSCache\49eada2fedf12263\6F75932F-7DFC-4FB0-B4B8-12DE1AC415DA_VEN_8086&DEV_9A49&SUBSYS_A20&REV_1.dxcache","SUCCESS","Offset: 0, Length: 4096"
"15:21:00.7381678","ZCode.exe","23548","CreateFile","C:\Users\DELL\AppData\Local\D3DSCache\49eada2fedf12263\6F75932F-7DFC-4FB0-B4B8-12DE1AC415DA_VEN_8086&DEV_9A49&SUBSYS_A20&REV_1.dxcache-wal","NAME NOT FOUND","Desired Access: Read Attributes, Disposition: Open, Options: Open Reparse Point, Attributes: n/a, ShareMode: Read, Write, Delete, AllocationSize: n/a"
"15:21:00.7382282","ZCode.exe","23548","CreateFile","C:\Users\DELL\AppData\Local\D3DSCache\49eada2fedf12263\6F75932F-7DFC-4FB0-B4B8-12DE1AC415DA_VEN_8086&DEV_9A49&SUBSYS_A20&REV_1.dxcache-wal","SUCCESS","Desired Access: Generic Read/Write, Disposition: OpenIf, Options: Synchronous IO Non-Alert, Non-Directory File, Attributes: N, ShareMode: Read, Write, AllocationSize: 0, OpenResult: Created"
"15:21:00.7383610","ZCode.exe","23548","QueryEAFile","C:\Users\DELL\AppData\Local\D3DSCache\49eada2fedf12263\6F75932F-7DFC-4FB0-B4B8-12DE1AC415DA_VEN_8086&DEV_9A49&SUBSYS_A20&REV_1.dxcache-wal","SUCCESS",""
"15:21:00.7385199","ZCode.exe","23548","CreateFile","C:\Users\DELL\AppData\Local\D3DSCache\49eada2fedf12263\6F75932F-7DFC-4FB0-B4B8-12DE1AC415DA_VEN_8086&DEV_9A49&SUBSYS_A20&REV_1.dxcache-shm","NAME NOT FOUND","Desired Access: Read Attributes, Disposition: Open, Options: Open Reparse Point, Attributes: n/a, ShareMode: Read, Write, Delete, AllocationSize: n/a"
"15:21:00.7386175","ZCode.exe","23548","CreateFile","C:\Users\DELL\AppData\Local\D3DSCache\49eada2fedf12263\6F75932F-7DFC-4FB0-B4B8-12DE1AC415DA_VEN_8086&DEV_9A49&SUBSYS_A20&REV_1.dxcache-shm","SUCCESS","Desired Access: Generic Read/Write, Disposition: OpenIf, Options: Synchronous IO Non-Alert, Non-Directory File, Attributes: N, ShareMode: Read, Write, AllocationSize: 0, OpenResult: Created"
"15:21:00.7387123","ZCode.exe","23548","QueryEAFile","C:\Users\DELL\AppData\Local\D3DSCache\49eada2fedf12263\6F75932F-7DFC-4FB0-B4B8-12DE1AC415DA_VEN_8086&DEV_9A49&SUBSYS_A20&REV_1.dxcache-shm","SUCCESS",""
"15:21:00.7387321","ZCode.exe","23548","LockFile","C:\Users\DELL\AppData\Local\D3DSCache\49eada2fedf12263\6F75932F-7DFC-4FB0-B4B8-12DE1AC415DA_VEN_8086&DEV_9A49&SUBSYS_A20&REV_1.dxcache-shm","SUCCESS","Exclusive: True, Offset: 128, Length: 1, Fail Immediately: True"
"15:21:00.7387482","ZCode.exe","23548","SetEndOfFileInformationFile","C:\Users\DELL\AppData\Local\D3DSCache\49eada2fedf12263\6F75932F-7DFC-4FB0-B4B8-12DE1AC415DA_VEN_8086&DEV_9A49&SUBSYS_A20&REV_1.dxcache-shm","SUCCESS","EndOfFile: 0"
"15:21:00.7387810","ZCode.exe","23548","SetAllocationInformationFile","C:\Users\DELL\AppData\Local\D3DSCache\49eada2fedf12263\6F75932F-7DFC-4FB0-B4B8-12DE1AC415DA_VEN_8086&DEV_9A49&SUBSYS_A20&REV_1.dxcache-shm","SUCCESS","AllocationSize: 0"
"15:21:00.7388257","ZCode.exe","23548","UnlockFileSingle","C:\Users\DELL\AppData\Local\D3DSCache\49eada2fedf12263\6F75932F-7DFC-4FB0-B4B8-12DE1AC415DA_VEN_8086&DEV_9A49&SUBSYS_A20&REV_1.dxcache-shm","SUCCESS","Offset: 128, Length: 1"
"15:21:00.7388368","ZCode.exe","23548","LockFile","C:\Users\DELL\AppData\Local\D3DSCache\49eada2fedf12263\6F75932F-7DFC-4FB0-B4B8-12DE1AC415DA_VEN_8086&DEV_9A49&SUBSYS_A20&REV_1.dxcache-shm","SUCCESS","Exclusive: False, Offset: 128, Length: 1, Fail Immediately: True"
"15:21:00.7388475","ZCode.exe","23548","QueryStandardInformationFile","C:\Users\DELL\AppData\Local\D3DSCache\49eada2fedf12263\6F75932F-7DFC-4FB0-B4B8-12DE1AC415DA_VEN_8086&DEV_9A49&SUBSYS_A20&REV_1.dxcache-shm","SUCCESS","AllocationSize: 0, EndOfFile: 0, NumberOfLinks: 1, DeletePending: False, Directory: False"
"15:21:00.7388591","ZCode.exe","23548","LockFile","C:\Users\DELL\AppData\Local\D3DSCache\49eada2fedf12263\6F75932F-7DFC-4FB0-B4B8-12DE1AC415DA_VEN_8086&DEV_9A49&SUBSYS_A20&REV_1.dxcache-shm","SUCCESS","Exclusive: True, Offset: 120, Length: 1, Fail Immediately: True"
"15:21:00.7388684","ZCode.exe","23548","QueryStandardInformationFile","C:\Users\DELL\AppData\Local\D3DSCache\49eada2fedf12263\6F75932F-7DFC-4FB0-B4B8-12DE1AC415DA_VEN_8086&DEV_9A49&SUBSYS_A20&REV_1.dxcache-shm","SUCCESS","AllocationSize: 0, EndOfFile: 0, NumberOfLinks: 1, DeletePending: False, Directory: False"
"15:21:00.7388799","ZCode.exe","23548","SetEndOfFileInformationFile","C:\Users\DELL\AppData\Local\D3DSCache\49eada2fedf12263\6F75932F-7DFC-4FB0-B4B8-12DE1AC415DA_VEN_8086&DEV_9A49&SUBSYS_A20&REV_1.dxcache-shm","SUCCESS","EndOfFile: 32768"
"15:21:00.7389617","ZCode.exe","23548","SetAllocationInformationFile","C:\Users\DELL\AppData\Local\D3DSCache\49eada2fedf12263\6F75932F-7DFC-4FB0-B4B8-12DE1AC415DA_VEN_8086&DEV_9A49&SUBSYS_A20&REV_1.dxcache-shm","SUCCESS","AllocationSize: 32768"
"15:21:00.7389889","ZCode.exe","23548","CreateFileMapping","C:\Users\DELL\AppData\Local\D3DSCache\49eada2fedf12263\6F75932F-7DFC-4FB0-B4B8-12DE1AC415DA_VEN_8086&DEV_9A49&SUBSYS_A20&REV_1.dxcache-shm","FILE LOCKED WITH WRITERS","SyncType: SyncTypeCreateSection, PageProtection: PAGE_READWRITE"
"15:21:00.7390040","ZCode.exe","23548","QueryStandardInformationFile","C:\Users\DELL\AppData\Local\D3DSCache\49eada2fedf12263\6F75932F-7DFC-4FB0-B4B8-12DE1AC415DA_VEN_8086&DEV_9A49&SUBSYS_A20&REV_1.dxcache-shm","SUCCESS","AllocationSize: 32768, EndOfFile: 32768, NumberOfLinks: 1, DeletePending: False, Directory: False"
"15:21:00.7390276","ZCode.exe","23548","CreateFileMapping","C:\Users\DELL\AppData\Local\D3DSCache\49eada2fedf12263\6F75932F-7DFC-4FB0-B4B8-12DE1AC415DA_VEN_8086&DEV_9A49&SUBSYS_A20&REV_1.dxcache-shm","SUCCESS","SyncType: SyncTypeOther"
"15:21:00.7390635","ZCode.exe","23548","ReadFile","C:\Users\DELL\AppData\Local\D3DSCache\49eada2fedf12263\6F75932F-7DFC-4FB0-B4B8-12DE1AC415DA_VEN_8086&DEV_9A49&SUBSYS_A20&REV_1.dxcache-shm","SUCCESS","Offset: 0, Length: 32768, I/O Flags: Non-cached, Paging I/O, Synchronous Paging I/O, Priority: Normal"
"15:21:00.7390951","ZCode.exe","23548","LockFile","C:\Users\DELL\AppData\Local\D3DSCache\49eada2fedf12263\6F75932F-7DFC-4FB0-B4B8-12DE1AC415DA_VEN_8086&DEV_9A49&SUBSYS_A20&REV_1.dxcache-shm","SUCCESS","Exclusive: True, Offset: 121, Length: 2, Fail Immediately: True"
"15:21:00.7391058","ZCode.exe","23548","QueryStandardInformationFile","C:\Users\DELL\AppData\Local\D3DSCache\49eada2fedf12263\6F75932F-7DFC-4FB0-B4B8-12DE1AC415DA_VEN_8086&DEV_9A49&SUBSYS_A20&REV_1.dxcache-wal","SUCCESS","AllocationSize: 0, EndOfFile: 0, NumberOfLinks: 1, DeletePending: False, Directory: False"
"15:21:00.7391181","ZCode.exe","23548","LockFile","C:\Users\DELL\AppData\Local\D3DSCache\49eada2fedf12263\6F75932F-7DFC-4FB0-B4B8-12DE1AC415DA_VEN_8086&DEV_9A49&SUBSYS_A20&REV_1.dxcache-shm","SUCCESS","Exclusive: True, Offset: 124, Length: 1, Fail Immediately: True"
"15:21:00.7391284","ZCode.exe","23548","UnlockFileSingle","C:\Users\DELL\AppData\Local\D3DSCache\49eada2fedf12263\6F75932F-7DFC-4FB0-B4B8-12DE1AC415DA_VEN_8086&DEV_9A49&SUBSYS_A20&REV_1.dxcache-shm","SUCCESS","Offset: 124, Length: 1"
"15:21:00.7391372","ZCode.exe","23548","LockFile","C:\Users\DELL\AppData\Local\D3DSCache\49eada2fedf12263\6F75932F-7DFC-4FB0-B4B8-12DE1AC415DA_VEN_8086&DEV_9A49&SUBSYS_A20&REV_1.dxcache-shm","SUCCESS","Exclusive: True, Offset: 125, Length: 1, Fail Immediately: True"
"15:21:00.7391457","ZCode.exe","23548","UnlockFileSingle","C:\Users\DELL\AppData\Local\D3DSCache\49eada2fedf12263\6F75932F-7DFC-4FB0-B4B8-12DE1AC415DA_VEN_8086&DEV_9A49&SUBSYS_A20&REV_1.dxcache-shm","SUCCESS","Offset: 125, Length: 1"
"15:21:00.7391545","ZCode.exe","23548","LockFile","C:\Users\DELL\AppData\Local\D3DSCache\49eada2fedf12263\6F75932F-7DFC-4FB0-B4B8-12DE1AC415DA_VEN_8086&DEV_9A49&SUBSYS_A20&REV_1.dxcache-shm","SUCCESS","Exclusive: True, Offset: 126, Length: 1, Fail Immediately: True"
"15:21:00.7391625","ZCode.exe","23548","UnlockFileSingle","C:\Users\DELL\AppData\Local\D3DSCache\49eada2fedf12263\6F75932F-7DFC-4FB0-B4B8-12DE1AC415DA_VEN_8086&DEV_9A49&SUBSYS_A20&REV_1.dxcache-shm","SUCCESS","Offset: 126, Length: 1"
"15:21:00.7391709","ZCode.exe","23548","LockFile","C:\Users\DELL\AppData\Local\D3DSCache\49eada2fedf12263\6F75932F-7DFC-4FB0-B4B8-12DE1AC415DA_VEN_8086&DEV_9A49&SUBSYS_A20&REV_1.dxcache-shm","SUCCESS","Exclusive: True, Offset: 127, Length: 1, Fail Immediately: True"
"15:21:00.7391790","ZCode.exe","23548","UnlockFileSingle","C:\Users\DELL\AppData\Local\D3DSCache\49eada2fedf12263\6F75932F-7DFC-4FB0-B4B8-12DE1AC415DA_VEN_8086&DEV_9A49&SUBSYS_A20&REV_1.dxcache-shm","SUCCESS","Offset: 127, Length: 1"
"15:21:00.7391868","ZCode.exe","23548","UnlockFileSingle","C:\Users\DELL\AppData\Local\D3DSCache\49eada2fedf12263\6F75932F-7DFC-4FB0-B4B8-12DE1AC415DA_VEN_8086&DEV_9A49&SUBSYS_A20&REV_1.dxcache-shm","SUCCESS","Offset: 121, Length: 2"
"15:21:00.7391948","ZCode.exe","23548","UnlockFileSingle","C:\Users\DELL\AppData\Local\D3DSCache\49eada2fedf12263\6F75932F-7DFC-4FB0-B4B8-12DE1AC415DA_VEN_8086&DEV_9A49&SUBSYS_A20&REV_1.dxcache-shm","SUCCESS","Offset: 120, Length: 1"
"15:21:00.7392035","ZCode.exe","23548","LockFile","C:\Users\DELL\AppData\Local\D3DSCache\49eada2fedf12263\6F75932F-7DFC-4FB0-B4B8-12DE1AC415DA_VEN_8086&DEV_9A49&SUBSYS_A20&REV_1.dxcache-shm","SUCCESS","Exclusive: False, Offset: 123, Length: 1, Fail Immediately: True"
"15:21:00.7392139","ZCode.exe","23548","QueryStandardInformationFile","C:\Users\DELL\AppData\Local\D3DSCache\49eada2fedf12263\6F75932F-7DFC-4FB0-B4B8-12DE1AC415DA_VEN_8086&DEV_9A49&SUBSYS_A20&REV_1.dxcache","SUCCESS","AllocationSize: 4096, EndOfFile: 40960, NumberOfLinks: 1, DeletePending: False, Directory: False"
"15:21:00.7392277","ZCode.exe","23548","ReadFile","C:\Users\DELL\AppData\Local\D3DSCache\49eada2fedf12263\6F75932F-7DFC-4FB0-B4B8-12DE1AC415DA_VEN_8086&DEV_9A49&SUBSYS_A20&REV_1.dxcache","SUCCESS","Offset: 0, Length: 4096"
"15:21:00.7393677","ZCode.exe","23548","UnlockFileSingle","C:\Users\DELL\AppData\Local\D3DSCache\49eada2fedf12263\6F75932F-7DFC-4FB0-B4B8-12DE1AC415DA_VEN_8086&DEV_9A49&SUBSYS_A20&REV_1.dxcache-shm","SUCCESS","Offset: 123, Length: 1"
"15:21:00.7394039","ZCode.exe","23548","LockFile","C:\Users\DELL\AppData\Local\D3DSCache\49eada2fedf12263\6F75932F-7DFC-4FB0-B4B8-12DE1AC415DA_VEN_8086&DEV_9A49&SUBSYS_A20&REV_1.dxcache-shm","SUCCESS","Exclusive: False, Offset: 123, Length: 1, Fail Immediately: True"
"15:21:00.7394125","ZCode.exe","23548","QueryStandardInformationFile","C:\Users\DELL\AppData\Local\D3DSCache\49eada2fedf12263\6F75932F-7DFC-4FB0-B4B8-12DE1AC415DA_VEN_8086&DEV_9A49&SUBSYS_A20&REV_1.dxcache","SUCCESS","AllocationSize: 4096, EndOfFile: 40960, NumberOfLinks: 1, DeletePending: False, Directory: False"
"15:21:00.7394325","ZCode.exe","23548","UnlockFileSingle","C:\Users\DELL\AppData\Local\D3DSCache\49eada2fedf12263\6F75932F-7DFC-4FB0-B4B8-12DE1AC415DA_VEN_8086&DEV_9A49&SUBSYS_A20&REV_1.dxcache-shm","SUCCESS","Offset: 123, Length: 1"
"15:21:00.7395733","ZCode.exe","23548","QueryCompressionInformationFile","C:\Users\DELL\AppData\Local\D3DSCache\49eada2fedf12263\6F75932F-7DFC-4FB0-B4B8-12DE1AC415DA_VEN_8086&DEV_9A49&SUBSYS_A20&REV_1.dxcache","SUCCESS",""
"15:21:00.7395978","ZCode.exe","23548","LockFile","C:\Users\DELL\AppData\Local\D3DSCache\49eada2fedf12263\6F75932F-7DFC-4FB0-B4B8-12DE1AC415DA_VEN_8086&DEV_9A49&SUBSYS_A20&REV_1.dxcache-shm","SUCCESS","Exclusive: False, Offset: 123, Length: 1, Fail Immediately: True"
"15:21:00.7396062","ZCode.exe","23548","QueryStandardInformationFile","C:\Users\DELL\AppData\Local\D3DSCache\49eada2fedf12263\6F75932F-7DFC-4FB0-B4B8-12DE1AC415DA_VEN_8086&DEV_9A49&SUBSYS_A20&REV_1.dxcache","SUCCESS","AllocationSize: 4096, EndOfFile: 40960, NumberOfLinks: 1, DeletePending: False, Directory: False"
"15:21:00.7396176","ZCode.exe","23548","ReadFile","C:\Users\DELL\AppData\Local\D3DSCache\49eada2fedf12263\6F75932F-7DFC-4FB0-B4B8-12DE1AC415DA_VEN_8086&DEV_9A49&SUBSYS_A20&REV_1.dxcache","SUCCESS","Offset: 12288, Length: 4096"
"15:21:00.7396324","ZCode.exe","23548","UnlockFileSingle","C:\Users\DELL\AppData\Local\D3DSCache\49eada2fedf12263\6F75932F-7DFC-4FB0-B4B8-12DE1AC415DA_VEN_8086&DEV_9A49&SUBSYS_A20&REV_1.dxcache-shm","SUCCESS","Offset: 123, Length: 1"
"15:21:00.7396410","ZCode.exe","23548","QueryCompressionInformationFile","C:\Users\DELL\AppData\Local\D3DSCache\49eada2fedf12263\6F75932F-7DFC-4FB0-B4B8-12DE1AC415DA_VEN_8086&DEV_9A49&SUBSYS_A20&REV_1.dxcache","SUCCESS",""
"15:21:00.7396514","ZCode.exe","23548","QueryStandardInformationFile","C:\Users\DELL\AppData\Local\D3DSCache\49eada2fedf12263\6F75932F-7DFC-4FB0-B4B8-12DE1AC415DA_VEN_8086&DEV_9A49&SUBSYS_A20&REV_1.dxcache","SUCCESS","AllocationSize: 4096, EndOfFile: 40960, NumberOfLinks: 1, DeletePending: False, Directory: False"
"15:21:00.7396724","ZCode.exe","23548","LockFile","C:\Users\DELL\AppData\Local\D3DSCache\49eada2fedf12263\6F75932F-7DFC-4FB0-B4B8-12DE1AC415DA_VEN_8086&DEV_9A49&SUBSYS_A20&REV_1.dxcache-shm","SUCCESS","Exclusive: False, Offset: 123, Length: 1, Fail Immediately: True"
"15:21:00.7396802","ZCode.exe","23548","QueryStandardInformationFile","C:\Users\DELL\AppData\Local\D3DSCache\49eada2fedf12263\6F75932F-7DFC-4FB0-B4B8-12DE1AC415DA_VEN_8086&DEV_9A49&SUBSYS_A20&REV_1.dxcache","SUCCESS","AllocationSize: 4096, EndOfFile: 40960, NumberOfLinks: 1, DeletePending: False, Directory: False"
"15:21:00.7396897","ZCode.exe","23548","ReadFile","C:\Users\DELL\AppData\Local\D3DSCache\49eada2fedf12263\6F75932F-7DFC-4FB0-B4B8-12DE1AC415DA_VEN_8086&DEV_9A49&SUBSYS_A20&REV_1.dxcache","SUCCESS","Offset: 36864, Length: 4096"
"15:21:00.7397048","ZCode.exe","23548","UnlockFileSingle","C:\Users\DELL\AppData\Local\D3DSCache\49eada2fedf12263\6F75932F-7DFC-4FB0-B4B8-12DE1AC415DA_VEN_8086&DEV_9A49&SUBSYS_A20&REV_1.dxcache-shm","SUCCESS","Offset: 123, Length: 1"
"15:21:00.7397167","ZCode.exe","23548","LockFile","C:\Users\DELL\AppData\Local\D3DSCache\49eada2fedf12263\6F75932F-7DFC-4FB0-B4B8-12DE1AC415DA_VEN_8086&DEV_9A49&SUBSYS_A20&REV_1.dxcache-shm","SUCCESS","Exclusive: False, Offset: 123, Length: 1, Fail Immediately: True"
"15:21:00.7397240","ZCode.exe","23548","QueryStandardInformationFile","C:\Users\DELL\AppData\Local\D3DSCache\49eada2fedf12263\6F75932F-7DFC-4FB0-B4B8-12DE1AC415DA_VEN_8086&DEV_9A49&SUBSYS_A20&REV_1.dxcache","SUCCESS","AllocationSize: 4096, EndOfFile: 40960, NumberOfLinks: 1, DeletePending: False, Directory: False"
"15:21:00.7397323","ZCode.exe","23548","UnlockFileSingle","C:\Users\DELL\AppData\Local\D3DSCache\49eada2fedf12263\6F75932F-7DFC-4FB0-B4B8-12DE1AC415DA_VEN_8086&DEV_9A49&SUBSYS_A20&REV_1.dxcache-shm","SUCCESS","Offset: 123, Length: 1"
"15:21:00.7397469","ZCode.exe","23548","LockFile","C:\Users\DELL\AppData\Local\D3DSCache\49eada2fedf12263\6F75932F-7DFC-4FB0-B4B8-12DE1AC415DA_VEN_8086&DEV_9A49&SUBSYS_A20&REV_1.dxcache-shm","SUCCESS","Exclusive: False, Offset: 123, Length: 1, Fail Immediately: True"
"15:21:00.7397539","ZCode.exe","23548","QueryStandardInformationFile","C:\Users\DELL\AppData\Local\D3DSCache\49eada2fedf12263\6F75932F-7DFC-4FB0-B4B8-12DE1AC415DA_VEN_8086&DEV_9A49&SUBSYS_A20&REV_1.dxcache","SUCCESS","AllocationSize: 4096, EndOfFile: 40960, NumberOfLinks: 1, DeletePending: False, Directory: False"
"15:21:00.7397632","ZCode.exe","23548","ReadFile","C:\Users\DELL\AppData\Local\D3DSCache\49eada2fedf12263\6F75932F-7DFC-4FB0-B4B8-12DE1AC415DA_VEN_8086&DEV_9A49&SUBSYS_A20&REV_1.dxcache","SUCCESS","Offset: 8192, Length: 4096"
"15:21:00.7397742","ZCode.exe","23548","ReadFile","C:\Users\DELL\AppData\Local\D3DSCache\49eada2fedf12263\6F75932F-7DFC-4FB0-B4B8-12DE1AC415DA_VEN_8086&DEV_9A49&SUBSYS_A20&REV_1.dxcache","SUCCESS","Offset: 20480, Length: 4096"
"15:21:00.7399144","ZCode.exe","23548","ReadFile","C:\Users\DELL\AppData\Local\D3DSCache\49eada2fedf12263\6F75932F-7DFC-4FB0-B4B8-12DE1AC415DA_VEN_8086&DEV_9A49&SUBSYS_A20&REV_1.dxcache","SUCCESS","Offset: 16384, Length: 4096"
"15:21:00.7399377","ZCode.exe","23548","UnlockFileSingle","C:\Users\DELL\AppData\Local\D3DSCache\49eada2fedf12263\6F75932F-7DFC-4FB0-B4B8-12DE1AC415DA_VEN_8086&DEV_9A49&SUBSYS_A20&REV_1.dxcache-shm","SUCCESS","Offset: 123, Length: 1"
"15:21:00.7401592","ZCode.exe","23548","CreateFile","C:\Program Files\ZCode\dxilconv.dll","NAME NOT FOUND","Desired Access: Read Attributes, Disposition: Open, Options: Open Reparse Point, Attributes: n/a, ShareMode: Read, Write, Delete, AllocationSize: n/a"
"15:21:00.7403349","ZCode.exe","23548","CreateFile","C:\Windows\System32\dxilconv.dll","SUCCESS","Desired Access: Read Attributes, Disposition: Open, Options: Open Reparse Point, Attributes: n/a, ShareMode: Read, Write, Delete, AllocationSize: n/a, OpenResult: Opened"
"15:21:00.7403722","ZCode.exe","23548","QueryBasicInformationFile","C:\Windows\System32\dxilconv.dll","SUCCESS","CreationTime: 27-05-2026 09:30:27, LastAccessTime: 26-06-2026 13:04:03, LastWriteTime: 27-05-2026 09:30:27, ChangeTime: 24-06-2026 13:31:01, FileAttributes: A"
"15:21:00.7403820","ZCode.exe","23548","CloseFile","C:\Windows\System32\dxilconv.dll","SUCCESS",""
"15:21:00.7404525","ZCode.exe","23548","CreateFile","C:\Windows\System32\dxilconv.dll","SUCCESS","Desired Access: Read Data/List Directory, Execute/Traverse, Synchronize, Disposition: Open, Options: Synchronous IO Non-Alert, Non-Directory File, Attributes: n/a, ShareMode: Read, Delete, AllocationSize: n/a, OpenResult: Opened"
"15:21:00.7404769","ZCode.exe","23548","CreateFileMapping","C:\Windows\System32\dxilconv.dll","FILE LOCKED WITH ONLY READERS","SyncType: SyncTypeCreateSection, PageProtection: PAGE_EXECUTE"
"15:21:00.7405275","ZCode.exe","23548","CreateFileMapping","C:\Windows\System32\dxilconv.dll","SUCCESS","SyncType: SyncTypeOther"
"15:21:00.7406344","ZCode.exe","23548","Load Image","C:\Windows\System32\dxilconv.dll","SUCCESS","Image Base: 0x7ffadce80000, Image Size: 0x164000"
"15:21:00.7407030","ZCode.exe","23548","RegOpenKey","HKLM\Software\Microsoft\Windows\CurrentVersion\SideBySide","SUCCESS","Desired Access: Read"
"15:21:00.7407291","ZCode.exe","23548","RegQueryValue","HKLM\SOFTWARE\Microsoft\Windows\CurrentVersion\SideBySide\PreferExternalManifest","NAME NOT FOUND","Length: 20"
"15:21:00.7407441","ZCode.exe","23548","RegCloseKey","HKLM\SOFTWARE\Microsoft\Windows\CurrentVersion\SideBySide","SUCCESS",""
"15:21:00.7408509","ZCode.exe","23548","CreateFile","C:\Windows\System32\dxilconv.dll","SUCCESS","Desired Access: Generic Read, Disposition: Open, Options: Synchronous IO Non-Alert, Non-Directory File, Attributes: n/a, ShareMode: Read, Delete, AllocationSize: n/a, OpenResult: Opened"
"15:21:00.7410748","ZCode.exe","23548","CloseFile","C:\Windows\System32\dxilconv.dll","SUCCESS",""
"15:21:00.7411967","ZCode.exe","23548","CloseFile","C:\Windows\System32\dxilconv.dll","SUCCESS",""
"15:21:00.7413630","ZCode.exe","23548","RegQueryValue","HKLM\System\CurrentControlSet\Control\WMI\Security\401b5439-6b0c-45cd-9c08-7080760bd043","NAME NOT FOUND","Length: 528"
"15:21:00.7414863","ZCode.exe","23548","CreateFile","C:\Windows\System32\dxilconv.dll","SUCCESS","Desired Access: Generic Read, Disposition: Open, Options: Synchronous IO Non-Alert, Non-Directory File, Attributes: N, ShareMode: Read, AllocationSize: n/a, OpenResult: Opened"
"15:21:00.7415139","ZCode.exe","23548","QueryBasicInformationFile","C:\Windows\System32\dxilconv.dll","SUCCESS","CreationTime: 27-05-2026 09:30:27, LastAccessTime: 26-06-2026 15:21:00, LastWriteTime: 27-05-2026 09:30:27, ChangeTime: 24-06-2026 13:31:01, FileAttributes: A"
"15:21:00.7415235","ZCode.exe","23548","CloseFile","C:\Windows\System32\dxilconv.dll","SUCCESS",""
"15:21:00.7416205","ZCode.exe","23548","CreateFile","C:\Users\DELL\AppData\Local\D3DSCache","NAME COLLISION","Desired Access: Read Data/List Directory, Synchronize, Disposition: Create, Options: Directory, Synchronous IO Non-Alert, Open Reparse Point, Attributes: N, ShareMode: Read, Write, AllocationSize: 0"
"15:21:00.7417189","ZCode.exe","23548","CreateFile","C:\Users\DELL\AppData\Local\D3DSCache","SUCCESS","Desired Access: All Access, Disposition: Open, Options: Synchronous IO Non-Alert, Attributes: n/a, ShareMode: Read, AllocationSize: n/a, OpenResult: Opened"
"15:21:00.7417445","ZCode.exe","23548","SetStorageReservedIdInformation","C:\Users\DELL\AppData\Local\D3DSCache","SUCCESS",""
"15:21:00.7417607","ZCode.exe","23548","CloseFile","C:\Users\DELL\AppData\Local\D3DSCache","SUCCESS",""
"15:21:00.7418526","ZCode.exe","23548","CreateFile","C:\Users\DELL\AppData\Local\D3DSCache\49eada2fedf12263","NAME COLLISION","Desired Access: Read Data/List Directory, Synchronize, Disposition: Create, Options: Directory, Synchronous IO Non-Alert, Open Reparse Point, Attributes: N, ShareMode: Read, Write, AllocationSize: 0"
"15:21:00.7420266","ZCode.exe","23548","CreateFile","C:\Users\DELL\AppData\Local\D3DSCache\49eada2fedf12263\F4EB2D6C-ED2B-4BDD-AD9D-F913287E6768.dxcache","SUCCESS","Desired Access: Read Attributes, Disposition: Open, Options: Open Reparse Point, Attributes: n/a, ShareMode: Read, Write, Delete, AllocationSize: n/a, OpenResult: Opened"
"15:21:00.7420521","ZCode.exe","23548","QueryNetworkOpenInformationFile","C:\Users\DELL\AppData\Local\D3DSCache\49eada2fedf12263\F4EB2D6C-ED2B-4BDD-AD9D-F913287E6768.dxcache","SUCCESS","CreationTime: 25-06-2026 15:23:35, LastAccessTime: 26-06-2026 13:04:03, LastWriteTime: 25-06-2026 15:23:35, ChangeTime: 25-06-2026 15:23:35, AllocationSize: 01-01-1601 05:30:00, EndOfFile: 01-01-1601 05:30:00, FileAttributes: AC"
"15:21:00.7420624","ZCode.exe","23548","CloseFile","C:\Users\DELL\AppData\Local\D3DSCache\49eada2fedf12263\F4EB2D6C-ED2B-4BDD-AD9D-F913287E6768.dxcache","SUCCESS",""
"15:21:00.7421277","ZCode.exe","23548","CreateFile","C:\Users\DELL\AppData\Local\D3DSCache\49eada2fedf12263\F4EB2D6C-ED2B-4BDD-AD9D-F913287E6768.dxcache","SUCCESS","Desired Access: Generic Read/Write, Disposition: OpenIf, Options: Synchronous IO Non-Alert, Non-Directory File, Attributes: N, ShareMode: Read, Write, AllocationSize: 0, OpenResult: Opened"
"15:21:00.7421541","ZCode.exe","23548","ReadFile","C:\Users\DELL\AppData\Local\D3DSCache\49eada2fedf12263\F4EB2D6C-ED2B-4BDD-AD9D-F913287E6768.dxcache","SUCCESS","Offset: 0, Length: 100, Priority: Normal"
"15:21:00.7422412","ZCode.exe","23548","LockFile","C:\Users\DELL\AppData\Local\D3DSCache\49eada2fedf12263\F4EB2D6C-ED2B-4BDD-AD9D-F913287E6768.dxcache","SUCCESS","Exclusive: True, Offset: 1073741824, Length: 1, Fail Immediately: True"
"15:21:00.7422518","ZCode.exe","23548","LockFile","C:\Users\DELL\AppData\Local\D3DSCache\49eada2fedf12263\F4EB2D6C-ED2B-4BDD-AD9D-F913287E6768.dxcache","SUCCESS","Exclusive: False, Offset: 1073741826, Length: 510, Fail Immediately: True"
"15:21:00.7422615","ZCode.exe","23548","UnlockFileSingle","C:\Users\DELL\AppData\Local\D3DSCache\49eada2fedf12263\F4EB2D6C-ED2B-4BDD-AD9D-F913287E6768.dxcache","SUCCESS","Offset: 1073741824, Length: 1"
"15:21:00.7423768","ZCode.exe","23548","CreateFile","C:\Users\DELL\AppData\Local\D3DSCache\49eada2fedf12263\F4EB2D6C-ED2B-4BDD-AD9D-F913287E6768.dxcache-journal","NAME NOT FOUND","Desired Access: Read Attributes, Disposition: Open, Options: Open Reparse Point, Attributes: n/a, ShareMode: Read, Write, Delete, AllocationSize: n/a"
"15:21:00.7424894","ZCode.exe","23548","CreateFile","C:\Users\DELL\AppData\Local\D3DSCache\49eada2fedf12263\F4EB2D6C-ED2B-4BDD-AD9D-F913287E6768.dxcache-wal","NAME NOT FOUND","Desired Access: Read Attributes, Disposition: Open, Options: Open Reparse Point, Attributes: n/a, ShareMode: Read, Write, Delete, AllocationSize: n/a"
"15:21:00.7425077","ZCode.exe","23548","QueryStandardInformationFile","C:\Users\DELL\AppData\Local\D3DSCache\49eada2fedf12263\F4EB2D6C-ED2B-4BDD-AD9D-F913287E6768.dxcache","SUCCESS","AllocationSize: 4096, EndOfFile: 40960, NumberOfLinks: 1, DeletePending: False, Directory: False"
"15:21:00.7425415","ZCode.exe","23548","ReadFile","C:\Users\DELL\AppData\Local\D3DSCache\49eada2fedf12263\F4EB2D6C-ED2B-4BDD-AD9D-F913287E6768.dxcache","SUCCESS","Offset: 0, Length: 4096"
"15:21:00.7426406","ZCode.exe","23548","CreateFile","C:\Users\DELL\AppData\Local\D3DSCache\49eada2fedf12263\F4EB2D6C-ED2B-4BDD-AD9D-F913287E6768.dxcache-wal","NAME NOT FOUND","Desired Access: Read Attributes, Disposition: Open, Options: Open Reparse Point, Attributes: n/a, ShareMode: Read, Write, Delete, AllocationSize: n/a"
"15:21:00.7426957","ZCode.exe","23548","CreateFile","C:\Users\DELL\AppData\Local\D3DSCache\49eada2fedf12263\F4EB2D6C-ED2B-4BDD-AD9D-F913287E6768.dxcache-wal","SUCCESS","Desired Access: Generic Read/Write, Disposition: OpenIf, Options: Synchronous IO Non-Alert, Non-Directory File, Attributes: N, ShareMode: Read, Write, AllocationSize: 0, OpenResult: Created"
"15:21:00.7428000","ZCode.exe","23548","QueryEAFile","C:\Users\DELL\AppData\Local\D3DSCache\49eada2fedf12263\F4EB2D6C-ED2B-4BDD-AD9D-F913287E6768.dxcache-wal","SUCCESS",""
"15:21:00.7429343","ZCode.exe","23548","CreateFile","C:\Users\DELL\AppData\Local\D3DSCache\49eada2fedf12263\F4EB2D6C-ED2B-4BDD-AD9D-F913287E6768.dxcache-shm","NAME NOT FOUND","Desired Access: Read Attributes, Disposition: Open, Options: Open Reparse Point, Attributes: n/a, ShareMode: Read, Write, Delete, AllocationSize: n/a"
"15:21:00.7429917","ZCode.exe","23548","CreateFile","C:\Users\DELL\AppData\Local\D3DSCache\49eada2fedf12263\F4EB2D6C-ED2B-4BDD-AD9D-F913287E6768.dxcache-shm","SUCCESS","Desired Access: Generic Read/Write, Disposition: OpenIf, Options: Synchronous IO Non-Alert, Non-Directory File, Attributes: N, ShareMode: Read, Write, AllocationSize: 0, OpenResult: Created"
"15:21:00.7430691","ZCode.exe","23548","QueryEAFile","C:\Users\DELL\AppData\Local\D3DSCache\49eada2fedf12263\F4EB2D6C-ED2B-4BDD-AD9D-F913287E6768.dxcache-shm","SUCCESS",""
"15:21:00.7430851","ZCode.exe","23548","LockFile","C:\Users\DELL\AppData\Local\D3DSCache\49eada2fedf12263\F4EB2D6C-ED2B-4BDD-AD9D-F913287E6768.dxcache-shm","SUCCESS","Exclusive: True, Offset: 128, Length: 1, Fail Immediately: True"
"15:21:00.7430991","ZCode.exe","23548","SetEndOfFileInformationFile","C:\Users\DELL\AppData\Local\D3DSCache\49eada2fedf12263\F4EB2D6C-ED2B-4BDD-AD9D-F913287E6768.dxcache-shm","SUCCESS","EndOfFile: 0"
"15:21:00.7431240","ZCode.exe","23548","SetAllocationInformationFile","C:\Users\DELL\AppData\Local\D3DSCache\49eada2fedf12263\F4EB2D6C-ED2B-4BDD-AD9D-F913287E6768.dxcache-shm","SUCCESS","AllocationSize: 0"
"15:21:00.7431427","ZCode.exe","23548","UnlockFileSingle","C:\Users\DELL\AppData\Local\D3DSCache\49eada2fedf12263\F4EB2D6C-ED2B-4BDD-AD9D-F913287E6768.dxcache-shm","SUCCESS","Offset: 128, Length: 1"
"15:21:00.7431516","ZCode.exe","23548","LockFile","C:\Users\DELL\AppData\Local\D3DSCache\49eada2fedf12263\F4EB2D6C-ED2B-4BDD-AD9D-F913287E6768.dxcache-shm","SUCCESS","Exclusive: False, Offset: 128, Length: 1, Fail Immediately: True"
"15:21:00.7431605","ZCode.exe","23548","QueryStandardInformationFile","C:\Users\DELL\AppData\Local\D3DSCache\49eada2fedf12263\F4EB2D6C-ED2B-4BDD-AD9D-F913287E6768.dxcache-shm","SUCCESS","AllocationSize: 0, EndOfFile: 0, NumberOfLinks: 1, DeletePending: False, Directory: False"
"15:21:00.7431707","ZCode.exe","23548","LockFile","C:\Users\DELL\AppData\Local\D3DSCache\49eada2fedf12263\F4EB2D6C-ED2B-4BDD-AD9D-F913287E6768.dxcache-shm","SUCCESS","Exclusive: True, Offset: 120, Length: 1, Fail Immediately: True"
"15:21:00.7431790","ZCode.exe","23548","QueryStandardInformationFile","C:\Users\DELL\AppData\Local\D3DSCache\49eada2fedf12263\F4EB2D6C-ED2B-4BDD-AD9D-F913287E6768.dxcache-shm","SUCCESS","AllocationSize: 0, EndOfFile: 0, NumberOfLinks: 1, DeletePending: False, Directory: False"
"15:21:00.7431885","ZCode.exe","23548","SetEndOfFileInformationFile","C:\Users\DELL\AppData\Local\D3DSCache\49eada2fedf12263\F4EB2D6C-ED2B-4BDD-AD9D-F913287E6768.dxcache-shm","SUCCESS","EndOfFile: 32768"
"15:21:00.7432478","ZCode.exe","23548","SetAllocationInformationFile","C:\Users\DELL\AppData\Local\D3DSCache\49eada2fedf12263\F4EB2D6C-ED2B-4BDD-AD9D-F913287E6768.dxcache-shm","SUCCESS","AllocationSize: 32768"
"15:21:00.7432699","ZCode.exe","23548","CreateFileMapping","C:\Users\DELL\AppData\Local\D3DSCache\49eada2fedf12263\F4EB2D6C-ED2B-4BDD-AD9D-F913287E6768.dxcache-shm","FILE LOCKED WITH WRITERS","SyncType: SyncTypeCreateSection, PageProtection: PAGE_READWRITE"
"15:21:00.7432831","ZCode.exe","23548","QueryStandardInformationFile","C:\Users\DELL\AppData\Local\D3DSCache\49eada2fedf12263\F4EB2D6C-ED2B-4BDD-AD9D-F913287E6768.dxcache-shm","SUCCESS","AllocationSize: 32768, EndOfFile: 32768, NumberOfLinks: 1, DeletePending: False, Directory: False"
"15:21:00.7433052","ZCode.exe","23548","CreateFileMapping","C:\Users\DELL\AppData\Local\D3DSCache\49eada2fedf12263\F4EB2D6C-ED2B-4BDD-AD9D-F913287E6768.dxcache-shm","SUCCESS","SyncType: SyncTypeOther"
"15:21:00.7433354","ZCode.exe","23548","ReadFile","C:\Users\DELL\AppData\Local\D3DSCache\49eada2fedf12263\F4EB2D6C-ED2B-4BDD-AD9D-F913287E6768.dxcache-shm","SUCCESS","Offset: 0, Length: 32768, I/O Flags: Non-cached, Paging I/O, Synchronous Paging I/O, Priority: Normal"
"15:21:00.7433645","ZCode.exe","23548","LockFile","C:\Users\DELL\AppData\Local\D3DSCache\49eada2fedf12263\F4EB2D6C-ED2B-4BDD-AD9D-F913287E6768.dxcache-shm","SUCCESS","Exclusive: True, Offset: 121, Length: 2, Fail Immediately: True"
"15:21:00.7433744","ZCode.exe","23548","QueryStandardInformationFile","C:\Users\DELL\AppData\Local\D3DSCache\49eada2fedf12263\F4EB2D6C-ED2B-4BDD-AD9D-F913287E6768.dxcache-wal","SUCCESS","AllocationSize: 0, EndOfFile: 0, NumberOfLinks: 1, DeletePending: False, Directory: False"
"15:21:00.7433853","ZCode.exe","23548","LockFile","C:\Users\DELL\AppData\Local\D3DSCache\49eada2fedf12263\F4EB2D6C-ED2B-4BDD-AD9D-F913287E6768.dxcache-shm","SUCCESS","Exclusive: True, Offset: 124, Length: 1, Fail Immediately: True"
"15:21:00.7433944","ZCode.exe","23548","UnlockFileSingle","C:\Users\DELL\AppData\Local\D3DSCache\49eada2fedf12263\F4EB2D6C-ED2B-4BDD-AD9D-F913287E6768.dxcache-shm","SUCCESS","Offset: 124, Length: 1"
"15:21:00.7434026","ZCode.exe","23548","LockFile","C:\Users\DELL\AppData\Local\D3DSCache\49eada2fedf12263\F4EB2D6C-ED2B-4BDD-AD9D-F913287E6768.dxcache-shm","SUCCESS","Exclusive: True, Offset: 125, Length: 1, Fail Immediately: True"
"15:21:00.7434107","ZCode.exe","23548","UnlockFileSingle","C:\Users\DELL\AppData\Local\D3DSCache\49eada2fedf12263\F4EB2D6C-ED2B-4BDD-AD9D-F913287E6768.dxcache-shm","SUCCESS","Offset: 125, Length: 1"
"15:21:00.7434183","ZCode.exe","23548","LockFile","C:\Users\DELL\AppData\Local\D3DSCache\49eada2fedf12263\F4EB2D6C-ED2B-4BDD-AD9D-F913287E6768.dxcache-shm","SUCCESS","Exclusive: True, Offset: 126, Length: 1, Fail Immediately: True"
"15:21:00.7434262","ZCode.exe","23548","UnlockFileSingle","C:\Users\DELL\AppData\Local\D3DSCache\49eada2fedf12263\F4EB2D6C-ED2B-4BDD-AD9D-F913287E6768.dxcache-shm","SUCCESS","Offset: 126, Length: 1"
"15:21:00.7434340","ZCode.exe","23548","LockFile","C:\Users\DELL\AppData\Local\D3DSCache\49eada2fedf12263\F4EB2D6C-ED2B-4BDD-AD9D-F913287E6768.dxcache-shm","SUCCESS","Exclusive: True, Offset: 127, Length: 1, Fail Immediately: True"
"15:21:00.7434415","ZCode.exe","23548","UnlockFileSingle","C:\Users\DELL\AppData\Local\D3DSCache\49eada2fedf12263\F4EB2D6C-ED2B-4BDD-AD9D-F913287E6768.dxcache-shm","SUCCESS","Offset: 127, Length: 1"
"15:21:00.7434488","ZCode.exe","23548","UnlockFileSingle","C:\Users\DELL\AppData\Local\D3DSCache\49eada2fedf12263\F4EB2D6C-ED2B-4BDD-AD9D-F913287E6768.dxcache-shm","SUCCESS","Offset: 121, Length: 2"
"15:21:00.7434563","ZCode.exe","23548","UnlockFileSingle","C:\Users\DELL\AppData\Local\D3DSCache\49eada2fedf12263\F4EB2D6C-ED2B-4BDD-AD9D-F913287E6768.dxcache-shm","SUCCESS","Offset: 120, Length: 1"
"15:21:00.7434641","ZCode.exe","23548","LockFile","C:\Users\DELL\AppData\Local\D3DSCache\49eada2fedf12263\F4EB2D6C-ED2B-4BDD-AD9D-F913287E6768.dxcache-shm","SUCCESS","Exclusive: False, Offset: 123, Length: 1, Fail Immediately: True"
"15:21:00.7434740","ZCode.exe","23548","QueryStandardInformationFile","C:\Users\DELL\AppData\Local\D3DSCache\49eada2fedf12263\F4EB2D6C-ED2B-4BDD-AD9D-F913287E6768.dxcache","SUCCESS","AllocationSize: 4096, EndOfFile: 40960, NumberOfLinks: 1, DeletePending: False, Directory: False"
"15:21:00.7434857","ZCode.exe","23548","ReadFile","C:\Users\DELL\AppData\Local\D3DSCache\49eada2fedf12263\F4EB2D6C-ED2B-4BDD-AD9D-F913287E6768.dxcache","SUCCESS","Offset: 0, Length: 4096"
"15:21:00.7435546","ZCode.exe","23548","UnlockFileSingle","C:\Users\DELL\AppData\Local\D3DSCache\49eada2fedf12263\F4EB2D6C-ED2B-4BDD-AD9D-F913287E6768.dxcache-shm","SUCCESS","Offset: 123, Length: 1"
"15:21:00.7435858","ZCode.exe","23548","LockFile","C:\Users\DELL\AppData\Local\D3DSCache\49eada2fedf12263\F4EB2D6C-ED2B-4BDD-AD9D-F913287E6768.dxcache-shm","SUCCESS","Exclusive: False, Offset: 123, Length: 1, Fail Immediately: True"
"15:21:00.7435934","ZCode.exe","23548","QueryStandardInformationFile","C:\Users\DELL\AppData\Local\D3DSCache\49eada2fedf12263\F4EB2D6C-ED2B-4BDD-AD9D-F913287E6768.dxcache","SUCCESS","AllocationSize: 4096, EndOfFile: 40960, NumberOfLinks: 1, DeletePending: False, Directory: False"
"15:21:00.7436086","ZCode.exe","23548","UnlockFileSingle","C:\Users\DELL\AppData\Local\D3DSCache\49eada2fedf12263\F4EB2D6C-ED2B-4BDD-AD9D-F913287E6768.dxcache-shm","SUCCESS","Offset: 123, Length: 1"
"15:21:00.7437211","ZCode.exe","23548","QueryCompressionInformationFile","C:\Users\DELL\AppData\Local\D3DSCache\49eada2fedf12263\F4EB2D6C-ED2B-4BDD-AD9D-F913287E6768.dxcache","SUCCESS",""
"15:21:00.7437403","ZCode.exe","23548","LockFile","C:\Users\DELL\AppData\Local\D3DSCache\49eada2fedf12263\F4EB2D6C-ED2B-4BDD-AD9D-F913287E6768.dxcache-shm","SUCCESS","Exclusive: False, Offset: 123, Length: 1, Fail Immediately: True"
"15:21:00.7437481","ZCode.exe","23548","QueryStandardInformationFile","C:\Users\DELL\AppData\Local\D3DSCache\49eada2fedf12263\F4EB2D6C-ED2B-4BDD-AD9D-F913287E6768.dxcache","SUCCESS","AllocationSize: 4096, EndOfFile: 40960, NumberOfLinks: 1, DeletePending: False, Directory: False"
"15:21:00.7437585","ZCode.exe","23548","ReadFile","C:\Users\DELL\AppData\Local\D3DSCache\49eada2fedf12263\F4EB2D6C-ED2B-4BDD-AD9D-F913287E6768.dxcache","SUCCESS","Offset: 12288, Length: 4096"
"15:21:00.7437728","ZCode.exe","23548","UnlockFileSingle","C:\Users\DELL\AppData\Local\D3DSCache\49eada2fedf12263\F4EB2D6C-ED2B-4BDD-AD9D-F913287E6768.dxcache-shm","SUCCESS","Offset: 123, Length: 1"
"15:21:00.7437810","ZCode.exe","23548","QueryCompressionInformationFile","C:\Users\DELL\AppData\Local\D3DSCache\49eada2fedf12263\F4EB2D6C-ED2B-4BDD-AD9D-F913287E6768.dxcache","SUCCESS",""
"15:21:00.7437934","ZCode.exe","23548","QueryStandardInformationFile","C:\Users\DELL\AppData\Local\D3DSCache\49eada2fedf12263\F4EB2D6C-ED2B-4BDD-AD9D-F913287E6768.dxcache","SUCCESS","AllocationSize: 4096, EndOfFile: 40960, NumberOfLinks: 1, DeletePending: False, Directory: False"
"15:21:00.7438150","ZCode.exe","23548","LockFile","C:\Users\DELL\AppData\Local\D3DSCache\49eada2fedf12263\F4EB2D6C-ED2B-4BDD-AD9D-F913287E6768.dxcache-shm","SUCCESS","Exclusive: False, Offset: 123, Length: 1, Fail Immediately: True"
"15:21:00.7438223","ZCode.exe","23548","QueryStandardInformationFile","C:\Users\DELL\AppData\Local\D3DSCache\49eada2fedf12263\F4EB2D6C-ED2B-4BDD-AD9D-F913287E6768.dxcache","SUCCESS","AllocationSize: 4096, EndOfFile: 40960, NumberOfLinks: 1, DeletePending: False, Directory: False"
"15:21:00.7438315","ZCode.exe","23548","ReadFile","C:\Users\DELL\AppData\Local\D3DSCache\49eada2fedf12263\F4EB2D6C-ED2B-4BDD-AD9D-F913287E6768.dxcache","SUCCESS","Offset: 36864, Length: 4096"
"15:21:00.7438462","ZCode.exe","23548","UnlockFileSingle","C:\Users\DELL\AppData\Local\D3DSCache\49eada2fedf12263\F4EB2D6C-ED2B-4BDD-AD9D-F913287E6768.dxcache-shm","SUCCESS","Offset: 123, Length: 1"
"15:21:00.7438575","ZCode.exe","23548","LockFile","C:\Users\DELL\AppData\Local\D3DSCache\49eada2fedf12263\F4EB2D6C-ED2B-4BDD-AD9D-F913287E6768.dxcache-shm","SUCCESS","Exclusive: False, Offset: 123, Length: 1, Fail Immediately: True"
"15:21:00.7438643","ZCode.exe","23548","QueryStandardInformationFile","C:\Users\DELL\AppData\Local\D3DSCache\49eada2fedf12263\F4EB2D6C-ED2B-4BDD-AD9D-F913287E6768.dxcache","SUCCESS","AllocationSize: 4096, EndOfFile: 40960, NumberOfLinks: 1, DeletePending: False, Directory: False"
"15:21:00.7438723","ZCode.exe","23548","UnlockFileSingle","C:\Users\DELL\AppData\Local\D3DSCache\49eada2fedf12263\F4EB2D6C-ED2B-4BDD-AD9D-F913287E6768.dxcache-shm","SUCCESS","Offset: 123, Length: 1"
"15:21:00.7438828","ZCode.exe","23548","LockFile","C:\Users\DELL\AppData\Local\D3DSCache\49eada2fedf12263\F4EB2D6C-ED2B-4BDD-AD9D-F913287E6768.dxcache-shm","SUCCESS","Exclusive: False, Offset: 123, Length: 1, Fail Immediately: True"
"15:21:00.7438896","ZCode.exe","23548","QueryStandardInformationFile","C:\Users\DELL\AppData\Local\D3DSCache\49eada2fedf12263\F4EB2D6C-ED2B-4BDD-AD9D-F913287E6768.dxcache","SUCCESS","AllocationSize: 4096, EndOfFile: 40960, NumberOfLinks: 1, DeletePending: False, Directory: False"
"15:21:00.7438986","ZCode.exe","23548","ReadFile","C:\Users\DELL\AppData\Local\D3DSCache\49eada2fedf12263\F4EB2D6C-ED2B-4BDD-AD9D-F913287E6768.dxcache","SUCCESS","Offset: 8192, Length: 4096"
"15:21:00.7439088","ZCode.exe","23548","ReadFile","C:\Users\DELL\AppData\Local\D3DSCache\49eada2fedf12263\F4EB2D6C-ED2B-4BDD-AD9D-F913287E6768.dxcache","SUCCESS","Offset: 20480, Length: 4096"
"15:21:00.7439198","ZCode.exe","23548","ReadFile","C:\Users\DELL\AppData\Local\D3DSCache\49eada2fedf12263\F4EB2D6C-ED2B-4BDD-AD9D-F913287E6768.dxcache","SUCCESS","Offset: 16384, Length: 4096"
"15:21:00.7439335","ZCode.exe","23548","UnlockFileSingle","C:\Users\DELL\AppData\Local\D3DSCache\49eada2fedf12263\F4EB2D6C-ED2B-4BDD-AD9D-F913287E6768.dxcache-shm","SUCCESS","Offset: 123, Length: 1"
"15:21:00.7444754","ZCode.exe","23548","Thread Create","","SUCCESS","Thread ID: 6188"
"15:21:00.7445050","ZCode.exe","23548","Thread Create","","SUCCESS","Thread ID: 10820"
"15:21:00.7445251","ZCode.exe","23548","Thread Create","","SUCCESS","Thread ID: 19040"
"15:21:00.7445548","ZCode.exe","23548","Thread Create","","SUCCESS","Thread ID: 19432"
"15:21:00.7450854","ZCode.exe","23548","CreateFile","C:\Windows\System32\directml.dll","SUCCESS","Desired Access: Read Attributes, Disposition: Open, Options: Open Reparse Point, Attributes: n/a, ShareMode: Read, Write, Delete, AllocationSize: n/a, OpenResult: Opened"
"15:21:00.7451275","ZCode.exe","23548","QueryBasicInformationFile","C:\Windows\System32\directml.dll","SUCCESS","CreationTime: 30-08-2025 01:47:21, LastAccessTime: 26-06-2026 13:04:03, LastWriteTime: 30-08-2025 01:47:22, ChangeTime: 24-06-2026 13:30:59, FileAttributes: A"
"15:21:00.7451362","ZCode.exe","23548","CloseFile","C:\Windows\System32\directml.dll","SUCCESS",""
"15:21:00.7452035","ZCode.exe","23548","CreateFile","C:\Windows\System32\directml.dll","SUCCESS","Desired Access: Read Data/List Directory, Execute/Traverse, Synchronize, Disposition: Open, Options: Synchronous IO Non-Alert, Non-Directory File, Attributes: n/a, ShareMode: Read, Delete, AllocationSize: n/a, OpenResult: Opened"
"15:21:00.7452264","ZCode.exe","23548","CreateFileMapping","C:\Windows\System32\directml.dll","FILE LOCKED WITH ONLY READERS","SyncType: SyncTypeCreateSection, PageProtection: PAGE_READONLY"
"15:21:00.7453702","ZCode.exe","23548","CreateFileMapping","C:\Windows\System32\directml.dll","SUCCESS","SyncType: SyncTypeOther"
"15:21:00.7454165","ZCode.exe","23548","CloseFile","C:\Windows\System32\directml.dll","SUCCESS",""
"15:21:00.7455729","ZCode.exe","23548","CreateFile","C:\Windows\System32\directml.dll","SUCCESS","Desired Access: Read Attributes, Disposition: Open, Options: Open Reparse Point, Attributes: n/a, ShareMode: Read, Write, Delete, AllocationSize: n/a, OpenResult: Opened"
"15:21:00.7455979","ZCode.exe","23548","QueryBasicInformationFile","C:\Windows\System32\directml.dll","SUCCESS","CreationTime: 30-08-2025 01:47:21, LastAccessTime: 26-06-2026 15:21:00, LastWriteTime: 30-08-2025 01:47:22, ChangeTime: 24-06-2026 13:30:59, FileAttributes: A"
"15:21:00.7456053","ZCode.exe","23548","CloseFile","C:\Windows\System32\directml.dll","SUCCESS",""
"15:21:00.7456671","ZCode.exe","23548","CreateFile","C:\Windows\System32\directml.dll","SUCCESS","Desired Access: Read Data/List Directory, Execute/Traverse, Synchronize, Disposition: Open, Options: Synchronous IO Non-Alert, Non-Directory File, Attributes: n/a, ShareMode: Read, Delete, AllocationSize: n/a, OpenResult: Opened"
"15:21:00.7456872","ZCode.exe","23548","CreateFileMapping","C:\Windows\System32\directml.dll","FILE LOCKED WITH ONLY READERS","SyncType: SyncTypeCreateSection, PageProtection: PAGE_EXECUTE"
"15:21:00.7458367","ZCode.exe","23548","CreateFileMapping","C:\Windows\System32\directml.dll","SUCCESS","SyncType: SyncTypeOther"
"15:21:00.7459199","ZCode.exe","23548","Load Image","C:\Windows\System32\directml.dll","SUCCESS","Image Base: 0x7ffa88230000, Image Size: 0x9c9000"
"15:21:00.7459775","ZCode.exe","23548","RegOpenKey","HKLM\Software\Microsoft\Windows\CurrentVersion\SideBySide","SUCCESS","Desired Access: Read"
"15:21:00.7460001","ZCode.exe","23548","RegQueryValue","HKLM\SOFTWARE\Microsoft\Windows\CurrentVersion\SideBySide\PreferExternalManifest","NAME NOT FOUND","Length: 20"
"15:21:00.7460126","ZCode.exe","23548","RegCloseKey","HKLM\SOFTWARE\Microsoft\Windows\CurrentVersion\SideBySide","SUCCESS",""
"15:21:00.7460828","ZCode.exe","23548","CreateFile","C:\Windows\System32\directml.dll","SUCCESS","Desired Access: Generic Read, Disposition: Open, Options: Synchronous IO Non-Alert, Non-Directory File, Attributes: n/a, ShareMode: Read, Delete, AllocationSize: n/a, OpenResult: Opened"
"15:21:00.7462780","ZCode.exe","23548","CloseFile","C:\Windows\System32\directml.dll","SUCCESS",""
"15:21:00.7463753","ZCode.exe","23548","CloseFile","C:\Windows\System32\directml.dll","SUCCESS",""
"15:21:00.7468328","ZCode.exe","23548","RegQueryValue","HKLM\System\CurrentControlSet\Control\WMI\Security\b731656c-8c57-47c0-b21e-63c341841e3f","NAME NOT FOUND","Length: 528"
"15:21:00.7469043","ZCode.exe","23548","RegOpenKey","HKLM\SOFTWARE\Policies\Microsoft\Windows\Appx","SUCCESS","Desired Access: Read"
"15:21:00.7469226","ZCode.exe","23548","RegQueryValue","HKLM\SOFTWARE\Policies\Microsoft\Windows\Appx\AllowDevelopmentWithoutDevLicense","NAME NOT FOUND","Length: 24"
"15:21:00.7469335","ZCode.exe","23548","RegCloseKey","HKLM\SOFTWARE\Policies\Microsoft\Windows\Appx","SUCCESS",""
"15:21:00.7469436","ZCode.exe","23548","RegOpenKey","HKLM\SOFTWARE\Microsoft\Windows\CurrentVersion\AppModelUnlock","SUCCESS","Desired Access: Read"
"15:21:00.7469587","ZCode.exe","23548","RegQueryValue","HKLM\SOFTWARE\Microsoft\Windows\CurrentVersion\AppModelUnlock\AllowDevelopmentWithoutDevLicense","NAME NOT FOUND","Length: 24"
"15:21:00.7469662","ZCode.exe","23548","RegCloseKey","HKLM\SOFTWARE\Microsoft\Windows\CurrentVersion\AppModelUnlock","SUCCESS",""
"15:21:00.7471178","ZCode.exe","23548","CreateFile","C:\Program Files\ZCode\DXGIDebug.dll","NAME NOT FOUND","Desired Access: Read Attributes, Disposition: Open, Options: Open Reparse Point, Attributes: n/a, ShareMode: Read, Write, Delete, AllocationSize: n/a"
"15:21:00.7472553","ZCode.exe","23548","CreateFile","C:\Windows\System32\DXGIDebug.dll","NAME NOT FOUND","Desired Access: Read Attributes, Disposition: Open, Options: Open Reparse Point, Attributes: n/a, ShareMode: Read, Write, Delete, AllocationSize: n/a"
"15:21:00.7474019","ZCode.exe","23548","CreateFile","C:\Windows\System32\DXGIDebug.dll","NAME NOT FOUND","Desired Access: Read Attributes, Disposition: Open, Options: Open Reparse Point, Attributes: n/a, ShareMode: Read, Write, Delete, AllocationSize: n/a"
"15:21:00.7478710","ZCode.exe","23548","Thread Exit","","SUCCESS","Thread ID: 19040, User Time: 0.0000000, Kernel Time: 0.0000000"
"15:21:00.7479955","ZCode.exe","23548","Thread Exit","","SUCCESS","Thread ID: 10820, User Time: 0.0000000, Kernel Time: 0.0000000"
"15:21:00.7479962","ZCode.exe","23548","Thread Exit","","SUCCESS","Thread ID: 6188, User Time: 0.0000000, Kernel Time: 0.0000000"
"15:21:00.7480012","ZCode.exe","23548","Thread Exit","","SUCCESS","Thread ID: 19432, User Time: 0.0000000, Kernel Time: 0.0000000"
"15:21:00.7558169","ZCode.exe","23548","LockFile","C:\Users\DELL\AppData\Local\D3DSCache\49eada2fedf12263\6F75932F-7DFC-4FB0-B4B8-12DE1AC415DA_VEN_8086&DEV_9A49&SUBSYS_A20&REV_1.dxcache","SUCCESS","Exclusive: True, Offset: 1073741824, Length: 1, Fail Immediately: True"
"15:21:00.7558345","ZCode.exe","23548","UnlockFileSingle","C:\Users\DELL\AppData\Local\D3DSCache\49eada2fedf12263\6F75932F-7DFC-4FB0-B4B8-12DE1AC415DA_VEN_8086&DEV_9A49&SUBSYS_A20&REV_1.dxcache","SUCCESS","Offset: 1073741826, Length: 510"
"15:21:00.7558462","ZCode.exe","23548","LockFile","C:\Users\DELL\AppData\Local\D3DSCache\49eada2fedf12263\6F75932F-7DFC-4FB0-B4B8-12DE1AC415DA_VEN_8086&DEV_9A49&SUBSYS_A20&REV_1.dxcache","SUCCESS","Exclusive: True, Offset: 1073741826, Length: 510, Fail Immediately: True"
"15:21:00.7558754","ZCode.exe","23548","CloseFile","C:\Users\DELL\AppData\Local\D3DSCache\49eada2fedf12263\6F75932F-7DFC-4FB0-B4B8-12DE1AC415DA_VEN_8086&DEV_9A49&SUBSYS_A20&REV_1.dxcache-shm","SUCCESS",""
"15:21:00.7560656","ZCode.exe","23548","CreateFile","C:\Users\DELL\AppData\Local\D3DSCache\49eada2fedf12263\6F75932F-7DFC-4FB0-B4B8-12DE1AC415DA_VEN_8086&DEV_9A49&SUBSYS_A20&REV_1.dxcache-shm","SUCCESS","Desired Access: Read Attributes, Disposition: Open, Options: Open Reparse Point, Attributes: n/a, ShareMode: Read, Write, Delete, AllocationSize: n/a, OpenResult: Opened"
"15:21:00.7560960","ZCode.exe","23548","QueryBasicInformationFile","C:\Users\DELL\AppData\Local\D3DSCache\49eada2fedf12263\6F75932F-7DFC-4FB0-B4B8-12DE1AC415DA_VEN_8086&DEV_9A49&SUBSYS_A20&REV_1.dxcache-shm","SUCCESS","CreationTime: 26-06-2026 15:21:00, LastAccessTime: 26-06-2026 15:21:00, LastWriteTime: 26-06-2026 15:21:00, ChangeTime: 26-06-2026 15:21:00, FileAttributes: A"
"15:21:00.7561063","ZCode.exe","23548","CloseFile","C:\Users\DELL\AppData\Local\D3DSCache\49eada2fedf12263\6F75932F-7DFC-4FB0-B4B8-12DE1AC415DA_VEN_8086&DEV_9A49&SUBSYS_A20&REV_1.dxcache-shm","SUCCESS",""
"15:21:00.7562111","ZCode.exe","23548","CreateFile","C:\Users\DELL\AppData\Local\D3DSCache\49eada2fedf12263\6F75932F-7DFC-4FB0-B4B8-12DE1AC415DA_VEN_8086&DEV_9A49&SUBSYS_A20&REV_1.dxcache-shm","SUCCESS","Desired Access: Read Attributes, Delete, Disposition: Open, Options: Non-Directory File, Open Reparse Point, Attributes: n/a, ShareMode: Read, Write, Delete, AllocationSize: n/a, OpenResult: Opened"
"15:21:00.7562382","ZCode.exe","23548","QueryAttributeTagFile","C:\Users\DELL\AppData\Local\D3DSCache\49eada2fedf12263\6F75932F-7DFC-4FB0-B4B8-12DE1AC415DA_VEN_8086&DEV_9A49&SUBSYS_A20&REV_1.dxcache-shm","SUCCESS","Attributes: A, ReparseTag: 0x0"
"15:21:00.7562506","ZCode.exe","23548","SetDispositionInformationEx","C:\Users\DELL\AppData\Local\D3DSCache\49eada2fedf12263\6F75932F-7DFC-4FB0-B4B8-12DE1AC415DA_VEN_8086&DEV_9A49&SUBSYS_A20&REV_1.dxcache-shm","SUCCESS","Flags: FILE_DISPOSITION_DELETE, FILE_DISPOSITION_POSIX_SEMANTICS"
"15:21:00.7562713","ZCode.exe","23548","CloseFile","C:\Users\DELL\AppData\Local\D3DSCache\49eada2fedf12263\6F75932F-7DFC-4FB0-B4B8-12DE1AC415DA_VEN_8086&DEV_9A49&SUBSYS_A20&REV_1.dxcache-shm","SUCCESS",""
"15:21:00.7563912","ZCode.exe","23548","CloseFile","C:\Users\DELL\AppData\Local\D3DSCache\49eada2fedf12263\6F75932F-7DFC-4FB0-B4B8-12DE1AC415DA_VEN_8086&DEV_9A49&SUBSYS_A20&REV_1.dxcache-wal","SUCCESS",""
"15:21:00.7565368","ZCode.exe","23548","CreateFile","C:\Users\DELL\AppData\Local\D3DSCache\49eada2fedf12263\6F75932F-7DFC-4FB0-B4B8-12DE1AC415DA_VEN_8086&DEV_9A49&SUBSYS_A20&REV_1.dxcache-wal","SUCCESS","Desired Access: Read Attributes, Disposition: Open, Options: Open Reparse Point, Attributes: n/a, ShareMode: Read, Write, Delete, AllocationSize: n/a, OpenResult: Opened"
"15:21:00.7565572","ZCode.exe","23548","QueryBasicInformationFile","C:\Users\DELL\AppData\Local\D3DSCache\49eada2fedf12263\6F75932F-7DFC-4FB0-B4B8-12DE1AC415DA_VEN_8086&DEV_9A49&SUBSYS_A20&REV_1.dxcache-wal","SUCCESS","CreationTime: 26-06-2026 15:21:00, LastAccessTime: 26-06-2026 15:21:00, LastWriteTime: 26-06-2026 15:21:00, ChangeTime: 26-06-2026 15:21:00, FileAttributes: A"
"15:21:00.7565654","ZCode.exe","23548","CloseFile","C:\Users\DELL\AppData\Local\D3DSCache\49eada2fedf12263\6F75932F-7DFC-4FB0-B4B8-12DE1AC415DA_VEN_8086&DEV_9A49&SUBSYS_A20&REV_1.dxcache-wal","SUCCESS",""
"15:21:00.7566258","ZCode.exe","23548","CreateFile","C:\Users\DELL\AppData\Local\D3DSCache\49eada2fedf12263\6F75932F-7DFC-4FB0-B4B8-12DE1AC415DA_VEN_8086&DEV_9A49&SUBSYS_A20&REV_1.dxcache-wal","SUCCESS","Desired Access: Read Attributes, Delete, Disposition: Open, Options: Non-Directory File, Open Reparse Point, Attributes: n/a, ShareMode: Read, Write, Delete, AllocationSize: n/a, OpenResult: Opened"
"15:21:00.7566468","ZCode.exe","23548","QueryAttributeTagFile","C:\Users\DELL\AppData\Local\D3DSCache\49eada2fedf12263\6F75932F-7DFC-4FB0-B4B8-12DE1AC415DA_VEN_8086&DEV_9A49&SUBSYS_A20&REV_1.dxcache-wal","SUCCESS","Attributes: A, ReparseTag: 0x0"
"15:21:00.7566568","ZCode.exe","23548","SetDispositionInformationEx","C:\Users\DELL\AppData\Local\D3DSCache\49eada2fedf12263\6F75932F-7DFC-4FB0-B4B8-12DE1AC415DA_VEN_8086&DEV_9A49&SUBSYS_A20&REV_1.dxcache-wal","SUCCESS","Flags: FILE_DISPOSITION_DELETE, FILE_DISPOSITION_POSIX_SEMANTICS"
"15:21:00.7566717","ZCode.exe","23548","CloseFile","C:\Users\DELL\AppData\Local\D3DSCache\49eada2fedf12263\6F75932F-7DFC-4FB0-B4B8-12DE1AC415DA_VEN_8086&DEV_9A49&SUBSYS_A20&REV_1.dxcache-wal","SUCCESS",""
"15:21:00.7567430","ZCode.exe","23548","UnlockFileSingle","C:\Users\DELL\AppData\Local\D3DSCache\49eada2fedf12263\6F75932F-7DFC-4FB0-B4B8-12DE1AC415DA_VEN_8086&DEV_9A49&SUBSYS_A20&REV_1.dxcache","SUCCESS","Offset: 1073741826, Length: 510"
"15:21:00.7567503","ZCode.exe","23548","UnlockFileSingle","C:\Users\DELL\AppData\Local\D3DSCache\49eada2fedf12263\6F75932F-7DFC-4FB0-B4B8-12DE1AC415DA_VEN_8086&DEV_9A49&SUBSYS_A20&REV_1.dxcache","RANGE NOT LOCKED","Offset: 1073741825, Length: 1"
"15:21:00.7567573","ZCode.exe","23548","UnlockFileSingle","C:\Users\DELL\AppData\Local\D3DSCache\49eada2fedf12263\6F75932F-7DFC-4FB0-B4B8-12DE1AC415DA_VEN_8086&DEV_9A49&SUBSYS_A20&REV_1.dxcache","RANGE NOT LOCKED","Offset: 1073741826, Length: 510"
"15:21:00.7567642","ZCode.exe","23548","UnlockFileSingle","C:\Users\DELL\AppData\Local\D3DSCache\49eada2fedf12263\6F75932F-7DFC-4FB0-B4B8-12DE1AC415DA_VEN_8086&DEV_9A49&SUBSYS_A20&REV_1.dxcache","SUCCESS","Offset: 1073741824, Length: 1"
"15:21:00.7567716","ZCode.exe","23548","CloseFile","C:\Users\DELL\AppData\Local\D3DSCache\49eada2fedf12263\6F75932F-7DFC-4FB0-B4B8-12DE1AC415DA_VEN_8086&DEV_9A49&SUBSYS_A20&REV_1.dxcache","SUCCESS",""
"15:21:00.7568304","ZCode.exe","23548","LockFile","C:\Users\DELL\AppData\Local\D3DSCache\49eada2fedf12263\F4EB2D6C-ED2B-4BDD-AD9D-F913287E6768.dxcache","SUCCESS","Exclusive: True, Offset: 1073741824, Length: 1, Fail Immediately: True"
"15:21:00.7568381","ZCode.exe","23548","UnlockFileSingle","C:\Users\DELL\AppData\Local\D3DSCache\49eada2fedf12263\F4EB2D6C-ED2B-4BDD-AD9D-F913287E6768.dxcache","SUCCESS","Offset: 1073741826, Length: 510"
"15:21:00.7568448","ZCode.exe","23548","LockFile","C:\Users\DELL\AppData\Local\D3DSCache\49eada2fedf12263\F4EB2D6C-ED2B-4BDD-AD9D-F913287E6768.dxcache","SUCCESS","Exclusive: True, Offset: 1073741826, Length: 510, Fail Immediately: True"
"15:21:00.7568620","ZCode.exe","23548","CloseFile","C:\Users\DELL\AppData\Local\D3DSCache\49eada2fedf12263\F4EB2D6C-ED2B-4BDD-AD9D-F913287E6768.dxcache-shm","SUCCESS",""
"15:21:00.7569920","ZCode.exe","23548","CreateFile","C:\Users\DELL\AppData\Local\D3DSCache\49eada2fedf12263\F4EB2D6C-ED2B-4BDD-AD9D-F913287E6768.dxcache-shm","SUCCESS","Desired Access: Read Attributes, Disposition: Open, Options: Open Reparse Point, Attributes: n/a, ShareMode: Read, Write, Delete, AllocationSize: n/a, OpenResult: Opened"
"15:21:00.7570116","ZCode.exe","23548","QueryBasicInformationFile","C:\Users\DELL\AppData\Local\D3DSCache\49eada2fedf12263\F4EB2D6C-ED2B-4BDD-AD9D-F913287E6768.dxcache-shm","SUCCESS","CreationTime: 26-06-2026 15:21:00, LastAccessTime: 26-06-2026 15:21:00, LastWriteTime: 26-06-2026 15:21:00, ChangeTime: 26-06-2026 15:21:00, FileAttributes: A"
"15:21:00.7570195","ZCode.exe","23548","CloseFile","C:\Users\DELL\AppData\Local\D3DSCache\49eada2fedf12263\F4EB2D6C-ED2B-4BDD-AD9D-F913287E6768.dxcache-shm","SUCCESS",""
"15:21:00.7571001","ZCode.exe","23548","CreateFile","C:\Users\DELL\AppData\Local\D3DSCache\49eada2fedf12263\F4EB2D6C-ED2B-4BDD-AD9D-F913287E6768.dxcache-shm","SUCCESS","Desired Access: Read Attributes, Delete, Disposition: Open, Options: Non-Directory File, Open Reparse Point, Attributes: n/a, ShareMode: Read, Write, Delete, AllocationSize: n/a, OpenResult: Opened"
"15:21:00.7571229","ZCode.exe","23548","QueryAttributeTagFile","C:\Users\DELL\AppData\Local\D3DSCache\49eada2fedf12263\F4EB2D6C-ED2B-4BDD-AD9D-F913287E6768.dxcache-shm","SUCCESS","Attributes: A, ReparseTag: 0x0"
"15:21:00.7571329","ZCode.exe","23548","SetDispositionInformationEx","C:\Users\DELL\AppData\Local\D3DSCache\49eada2fedf12263\F4EB2D6C-ED2B-4BDD-AD9D-F913287E6768.dxcache-shm","SUCCESS","Flags: FILE_DISPOSITION_DELETE, FILE_DISPOSITION_POSIX_SEMANTICS"
"15:21:00.7571472","ZCode.exe","23548","CloseFile","C:\Users\DELL\AppData\Local\D3DSCache\49eada2fedf12263\F4EB2D6C-ED2B-4BDD-AD9D-F913287E6768.dxcache-shm","SUCCESS",""
"15:21:00.7572325","ZCode.exe","23548","CloseFile","C:\Users\DELL\AppData\Local\D3DSCache\49eada2fedf12263\F4EB2D6C-ED2B-4BDD-AD9D-F913287E6768.dxcache-wal","SUCCESS",""
"15:21:00.7573583","ZCode.exe","23548","CreateFile","C:\Users\DELL\AppData\Local\D3DSCache\49eada2fedf12263\F4EB2D6C-ED2B-4BDD-AD9D-F913287E6768.dxcache-wal","SUCCESS","Desired Access: Read Attributes, Disposition: Open, Options: Open Reparse Point, Attributes: n/a, ShareMode: Read, Write, Delete, AllocationSize: n/a, OpenResult: Opened"
"15:21:00.7573754","ZCode.exe","23548","QueryBasicInformationFile","C:\Users\DELL\AppData\Local\D3DSCache\49eada2fedf12263\F4EB2D6C-ED2B-4BDD-AD9D-F913287E6768.dxcache-wal","SUCCESS","CreationTime: 26-06-2026 15:21:00, LastAccessTime: 26-06-2026 15:21:00, LastWriteTime: 26-06-2026 15:21:00, ChangeTime: 26-06-2026 15:21:00, FileAttributes: A"
"15:21:00.7573826","ZCode.exe","23548","CloseFile","C:\Users\DELL\AppData\Local\D3DSCache\49eada2fedf12263\F4EB2D6C-ED2B-4BDD-AD9D-F913287E6768.dxcache-wal","SUCCESS",""
"15:21:00.7574461","ZCode.exe","23548","CreateFile","C:\Users\DELL\AppData\Local\D3DSCache\49eada2fedf12263\F4EB2D6C-ED2B-4BDD-AD9D-F913287E6768.dxcache-wal","SUCCESS","Desired Access: Read Attributes, Delete, Disposition: Open, Options: Non-Directory File, Open Reparse Point, Attributes: n/a, ShareMode: Read, Write, Delete, AllocationSize: n/a, OpenResult: Opened"
"15:21:00.7574651","ZCode.exe","23548","QueryAttributeTagFile","C:\Users\DELL\AppData\Local\D3DSCache\49eada2fedf12263\F4EB2D6C-ED2B-4BDD-AD9D-F913287E6768.dxcache-wal","SUCCESS","Attributes: A, ReparseTag: 0x0"
"15:21:00.7574745","ZCode.exe","23548","SetDispositionInformationEx","C:\Users\DELL\AppData\Local\D3DSCache\49eada2fedf12263\F4EB2D6C-ED2B-4BDD-AD9D-F913287E6768.dxcache-wal","SUCCESS","Flags: FILE_DISPOSITION_DELETE, FILE_DISPOSITION_POSIX_SEMANTICS"
"15:21:00.7574875","ZCode.exe","23548","CloseFile","C:\Users\DELL\AppData\Local\D3DSCache\49eada2fedf12263\F4EB2D6C-ED2B-4BDD-AD9D-F913287E6768.dxcache-wal","SUCCESS",""
"15:21:00.7575426","ZCode.exe","23548","UnlockFileSingle","C:\Users\DELL\AppData\Local\D3DSCache\49eada2fedf12263\F4EB2D6C-ED2B-4BDD-AD9D-F913287E6768.dxcache","SUCCESS","Offset: 1073741826, Length: 510"
"15:21:00.7575490","ZCode.exe","23548","UnlockFileSingle","C:\Users\DELL\AppData\Local\D3DSCache\49eada2fedf12263\F4EB2D6C-ED2B-4BDD-AD9D-F913287E6768.dxcache","RANGE NOT LOCKED","Offset: 1073741825, Length: 1"
"15:21:00.7575552","ZCode.exe","23548","UnlockFileSingle","C:\Users\DELL\AppData\Local\D3DSCache\49eada2fedf12263\F4EB2D6C-ED2B-4BDD-AD9D-F913287E6768.dxcache","RANGE NOT LOCKED","Offset: 1073741826, Length: 510"
"15:21:00.7575611","ZCode.exe","23548","UnlockFileSingle","C:\Users\DELL\AppData\Local\D3DSCache\49eada2fedf12263\F4EB2D6C-ED2B-4BDD-AD9D-F913287E6768.dxcache","SUCCESS","Offset: 1073741824, Length: 1"
"15:21:00.7575679","ZCode.exe","23548","CloseFile","C:\Users\DELL\AppData\Local\D3DSCache\49eada2fedf12263\F4EB2D6C-ED2B-4BDD-AD9D-F913287E6768.dxcache","SUCCESS",""
"15:21:00.7581741","ZCode.exe","23548","RegQueryKey","HKLM","SUCCESS","Query: HandleTags, HandleTags: 0x0"
"15:21:00.7581940","ZCode.exe","23548","RegOpenKey","HKLM\System\CurrentControlSet\Control\Class\{4d36e968-e325-11ce-bfc1-08002be10318}\0000\DXVA\Report","ACCESS DENIED","Desired Access: Write"
"15:21:00.7582293","ZCode.exe","23548","RegQueryKey","HKLM","SUCCESS","Query: HandleTags, HandleTags: 0x0"
"15:21:00.7582408","ZCode.exe","23548","RegCreateKey","HKLM\System\CurrentControlSet\Control\Class\{4d36e968-e325-11ce-bfc1-08002be10318}\0000\DXVA\Report","ACCESS DENIED","Desired Access: Write"
"15:21:00.7582577","ZCode.exe","23548","RegQueryKey","HKLM","SUCCESS","Query: HandleTags, HandleTags: 0x0"
"15:21:00.7582693","ZCode.exe","23548","RegCreateKey","HKLM\SYSTEM","SUCCESS","Desired Access: Maximum Allowed, Granted Access: Read, Disposition: REG_OPENED_EXISTING_KEY"
"15:21:00.7582822","ZCode.exe","23548","RegQueryKey","HKLM\SYSTEM","SUCCESS","Query: HandleTags, HandleTags: 0x0"
"15:21:00.7582908","ZCode.exe","23548","RegCreateKey","HKLM\System\CurrentControlSet","SUCCESS","Desired Access: Maximum Allowed, Granted Access: Read, Disposition: REG_OPENED_EXISTING_KEY"
"15:21:00.7583028","ZCode.exe","23548","RegCloseKey","HKLM\SYSTEM","SUCCESS",""
"15:21:00.7583115","ZCode.exe","23548","RegQueryKey","HKLM\System\CurrentControlSet","SUCCESS","Query: HandleTags, HandleTags: 0x0"
"15:21:00.7583209","ZCode.exe","23548","RegCreateKey","HKLM\System\CurrentControlSet\Control","SUCCESS","Desired Access: Maximum Allowed, Granted Access: Read, Disposition: REG_OPENED_EXISTING_KEY"
"15:21:00.7583317","ZCode.exe","23548","RegCloseKey","HKLM\System\CurrentControlSet","SUCCESS",""
"15:21:00.7583395","ZCode.exe","23548","RegQueryKey","HKLM\System\CurrentControlSet\Control","SUCCESS","Query: HandleTags, HandleTags: 0x0"
"15:21:00.7583483","ZCode.exe","23548","RegCreateKey","HKLM\System\CurrentControlSet\Control\Class","SUCCESS","Desired Access: Maximum Allowed, Granted Access: Read, Disposition: REG_OPENED_EXISTING_KEY"
"15:21:00.7583578","ZCode.exe","23548","RegCloseKey","HKLM\System\CurrentControlSet\Control","SUCCESS",""
"15:21:00.7583651","ZCode.exe","23548","RegQueryKey","HKLM\System\CurrentControlSet\Control\Class","SUCCESS","Query: HandleTags, HandleTags: 0x0"
"15:21:00.7583733","ZCode.exe","23548","RegCreateKey","HKLM\System\CurrentControlSet\Control\Class\{4d36e968-e325-11ce-bfc1-08002be10318}","SUCCESS","Desired Access: Maximum Allowed, Granted Access: Read, Disposition: REG_OPENED_EXISTING_KEY"
"15:21:00.7583825","ZCode.exe","23548","RegCloseKey","HKLM\System\CurrentControlSet\Control\Class","SUCCESS",""
"15:21:00.7583895","ZCode.exe","23548","RegQueryKey","HKLM\System\CurrentControlSet\Control\Class\{4d36e968-e325-11ce-bfc1-08002be10318}","SUCCESS","Query: HandleTags, HandleTags: 0x0"
"15:21:00.7583981","ZCode.exe","23548","RegCreateKey","HKLM\System\CurrentControlSet\Control\Class\{4d36e968-e325-11ce-bfc1-08002be10318}\0000","SUCCESS","Desired Access: Maximum Allowed, Granted Access: Read, Disposition: REG_OPENED_EXISTING_KEY"
"15:21:00.7584069","ZCode.exe","23548","RegCloseKey","HKLM\System\CurrentControlSet\Control\Class\{4d36e968-e325-11ce-bfc1-08002be10318}","SUCCESS",""
"15:21:00.7584139","ZCode.exe","23548","RegQueryKey","HKLM\System\CurrentControlSet\Control\Class\{4d36e968-e325-11ce-bfc1-08002be10318}\0000","SUCCESS","Query: HandleTags, HandleTags: 0x0"
"15:21:00.7584215","ZCode.exe","23548","RegCreateKey","HKLM\System\CurrentControlSet\Control\Class\{4d36e968-e325-11ce-bfc1-08002be10318}\0000\DXVA","SUCCESS","Desired Access: Maximum Allowed, Granted Access: Read, Disposition: REG_OPENED_EXISTING_KEY"
"15:21:00.7584301","ZCode.exe","23548","RegCloseKey","HKLM\System\CurrentControlSet\Control\Class\{4d36e968-e325-11ce-bfc1-08002be10318}\0000","SUCCESS",""
"15:21:00.7584370","ZCode.exe","23548","RegQueryKey","HKLM\System\CurrentControlSet\Control\Class\{4d36e968-e325-11ce-bfc1-08002be10318}\0000\DXVA","SUCCESS","Query: HandleTags, HandleTags: 0x0"
"15:21:00.7584447","ZCode.exe","23548","RegCreateKey","HKLM\System\CurrentControlSet\Control\Class\{4d36e968-e325-11ce-bfc1-08002be10318}\0000\DXVA\Report","ACCESS DENIED","Desired Access: Write"
"15:21:00.7584541","ZCode.exe","23548","RegCloseKey","HKLM\System\CurrentControlSet\Control\Class\{4d36e968-e325-11ce-bfc1-08002be10318}\0000\DXVA","SUCCESS",""
"15:21:00.7588281","ZCode.exe","23548","CloseFile","C:\Users\DELL\AppData\LocalLow\Intel\ShaderCache\85d69aaa465d8eb6921962dd0a510c00110f20cc75ca256a96ddfb26583f5559","SUCCESS",""
"15:21:00.7635807","ZCode.exe","23548","Thread Exit","","SUCCESS","Thread ID: 24652, User Time: 0.0000000, Kernel Time: 0.0000000"
"15:21:00.7635819","ZCode.exe","23548","Thread Exit","","SUCCESS","Thread ID: 24452, User Time: 0.0156250, Kernel Time: 0.0000000"
"15:21:00.7635844","ZCode.exe","23548","Thread Exit","","SUCCESS","Thread ID: 12552, User Time: 0.0000000, Kernel Time: 0.0000000"
"15:21:00.7635859","ZCode.exe","23548","Thread Exit","","SUCCESS","Thread ID: 6244, User Time: 0.0000000, Kernel Time: 0.0000000"
"15:21:00.7635862","ZCode.exe","23548","Thread Exit","","SUCCESS","Thread ID: 2792, User Time: 0.0156250, Kernel Time: 0.0000000"
"15:21:00.7635979","ZCode.exe","23548","Thread Exit","","SUCCESS","Thread ID: 19024, User Time: 0.0781250, Kernel Time: 0.1562500"
"15:21:00.7636027","ZCode.exe","23548","Thread Exit","","SUCCESS","Thread ID: 17256, User Time: 0.0156250, Kernel Time: 0.0000000"
"15:21:00.7636096","ZCode.exe","23548","Thread Exit","","SUCCESS","Thread ID: 24608, User Time: 0.0000000, Kernel Time: 0.0000000"
"15:21:00.7636128","ZCode.exe","23548","Thread Exit","","SUCCESS","Thread ID: 2948, User Time: 0.0156250, Kernel Time: 0.0000000"
"15:21:00.7636260","ZCode.exe","23548","Thread Exit","","SUCCESS","Thread ID: 1692, User Time: 0.0000000, Kernel Time: 0.0000000"
"15:21:00.7636273","ZCode.exe","23548","Thread Exit","","SUCCESS","Thread ID: 23508, User Time: 0.0000000, Kernel Time: 0.0000000"
"15:21:00.7636284","ZCode.exe","23548","Thread Exit","","SUCCESS","Thread ID: 19604, User Time: 0.0000000, Kernel Time: 0.0000000"
"15:21:00.7636595","ZCode.exe","23548","Thread Exit","","SUCCESS","Thread ID: 18532, User Time: 0.0000000, Kernel Time: 0.0000000"
"15:21:00.7655214","ZCode.exe","23548","Process Exit","","SUCCESS","Exit Status: 0, User Time: 0.1406250 seconds, Kernel Time: 0.1562500 seconds, Private Bytes: 22429696, Peak Private Bytes: 52760576, Working Set: 117825536, Peak Working Set: 135622656"
"15:21:00.7655565","ZCode.exe","23548","RegOpenKey","HKLM\System\CurrentControlSet\Services\bam\State\UserSettings\S-1-5-21-3723388597-1227904235-2670526452-1001","SUCCESS","Desired Access: All Access"
"15:21:00.7655846","ZCode.exe","23548","RegQueryValue","HKLM\System\CurrentControlSet\Services\bam\State\UserSettings\S-1-5-21-3723388597-1227904235-2670526452-1001\\Device\HarddiskVolume3\Program Files\ZCode\ZCode.exe","SUCCESS","Type: REG_BINARY, Length: 24, Data: 01 FA 45 4B 51 05 DD 01 00 00 00 00 00 00 00 00"
"15:21:00.7656184","ZCode.exe","23548","RegSetValue","HKLM\System\CurrentControlSet\Services\bam\State\UserSettings\S-1-5-21-3723388597-1227904235-2670526452-1001\\Device\HarddiskVolume3\Program Files\ZCode\ZCode.exe","SUCCESS","Type: REG_BINARY, Length: 24, Data: 06 6C 78 4B 51 05 DD 01 00 00 00 00 00 00 00 00"
"15:21:00.7657605","ZCode.exe","23548","RegCloseKey","HKLM\System\CurrentControlSet\Services\bam\State\UserSettings\S-1-5-21-3723388597-1227904235-2670526452-1001","SUCCESS",""
"15:21:00.7658100","ZCode.exe","23548","RegCloseKey","HKLM\SOFTWARE\Microsoft\Windows NT\CurrentVersion\Image File Execution Options","SUCCESS",""
"15:21:00.7659298","ZCode.exe","23548","RegCloseKey","HKLM\System\CurrentControlSet\Control\Session Manager","SUCCESS",""
"15:21:00.7659645","ZCode.exe","23548","RegCloseKey","HKLM\System\CurrentControlSet\Control\Nls\Sorting\Versions","SUCCESS",""
"15:21:00.7659942","ZCode.exe","23548","RegCloseKey","HKLM","SUCCESS",""
"15:21:00.7660104","ZCode.exe","23548","RegCloseKey","HKLM","SUCCESS",""
"15:21:00.7660260","ZCode.exe","23548","RegCloseKey","HKCU\Software\Classes\Local Settings\Software\Microsoft","SUCCESS",""
"15:21:00.7660658","ZCode.exe","23548","RegCloseKey","HKLM\System\CurrentControlSet\Control\Nls\Sorting\Ids","SUCCESS",""
"15:21:00.7660808","ZCode.exe","23548","RegCloseKey","HKLM\SOFTWARE\Microsoft\Ole","SUCCESS",""
"15:21:00.7660965","ZCode.exe","23548","RegCloseKey","HKCU\Software\Classes\Local Settings","SUCCESS",""
"15:21:00.7661256","ZCode.exe","23548","RegCloseKey","HKLM\System\CurrentControlSet\Services\WinSock2\Parameters\Protocol_Catalog9","SUCCESS",""
"15:21:00.7661429","ZCode.exe","23548","RegCloseKey","HKLM\System\CurrentControlSet\Services\WinSock2\Parameters\NameSpace_Catalog5","SUCCESS",""
"15:21:00.7661730","ZCode.exe","23548","CloseFile","C:\Windows\System32\en-US\mswsock.dll.mui","SUCCESS",""
"15:21:00.7663131","ZCode.exe","23548","CloseFile","C:\Program Files\ZCode\icudtl.dat","SUCCESS",""
"15:21:00.7664122","ZCode.exe","23548","RegCloseKey","HKCU","SUCCESS",""
"15:21:00.7664894","ZCode.exe","23548","CloseFile","C:\Windows\apppatch\DirectXApps.sdb","SUCCESS",""
"15:21:00.7665630","ZCode.exe","23548","RegCloseKey","HKCU\Software\Microsoft\Windows\CurrentVersion\Explorer","SUCCESS",""
"15:21:00.7665850","ZCode.exe","23548","CloseFile","C:\Program Files\ZCode","SUCCESS",""
"15:21:00.7832135","ZCode.exe","8212","Thread Create","","SUCCESS","Thread ID: 15656"
"15:21:01.2684231","ZCode.exe","3104","CreateFile","C:\Program Files\ZCode\powershell.exe","NAME NOT FOUND","Desired Access: Read Attributes, Disposition: Open, Options: Open Reparse Point, Attributes: n/a, ShareMode: Read, Write, Delete, AllocationSize: n/a"
"15:21:01.2688291","ZCode.exe","3104","CreateFile","C:\Program Files\ZCode\powershell.exe.com","NAME NOT FOUND","Desired Access: Read Attributes, Disposition: Open, Options: Open Reparse Point, Attributes: n/a, ShareMode: Read, Write, Delete, AllocationSize: n/a"
"15:21:01.2691311","ZCode.exe","3104","CreateFile","C:\Program Files\ZCode\powershell.exe.exe","NAME NOT FOUND","Desired Access: Read Attributes, Disposition: Open, Options: Open Reparse Point, Attributes: n/a, ShareMode: Read, Write, Delete, AllocationSize: n/a"
"15:21:01.2693992","ZCode.exe","3104","CreateFile","C:\Program Files (x86)\Common Files\Oracle\Java\java8path_target_64312687\powershell.exe","REPARSE","Desired Access: Read Attributes, Disposition: Open, Options: Open Reparse Point, Attributes: n/a, ShareMode: Read, Write, Delete, AllocationSize: n/a, OpenResult: <unknown>"
"15:21:01.2696545","ZCode.exe","3104","CreateFile","C:\Program Files (x86)\Common Files\Oracle\Java\java8path_target_64312687\powershell.exe","NAME NOT FOUND","Desired Access: Read Attributes, Disposition: Open, Options: Open Reparse Point, Attributes: n/a, ShareMode: Read, Write, Delete, AllocationSize: n/a"
"15:21:01.2698925","ZCode.exe","3104","CreateFile","C:\Program Files (x86)\Common Files\Oracle\Java\java8path_target_64312687\powershell.exe.com","REPARSE","Desired Access: Read Attributes, Disposition: Open, Options: Open Reparse Point, Attributes: n/a, ShareMode: Read, Write, Delete, AllocationSize: n/a, OpenResult: <unknown>"
"15:21:01.2700700","ZCode.exe","3104","CreateFile","C:\Program Files (x86)\Common Files\Oracle\Java\java8path_target_64312687\powershell.exe.com","NAME NOT FOUND","Desired Access: Read Attributes, Disposition: Open, Options: Open Reparse Point, Attributes: n/a, ShareMode: Read, Write, Delete, AllocationSize: n/a"
"15:21:01.2702697","ZCode.exe","3104","CreateFile","C:\Program Files (x86)\Common Files\Oracle\Java\java8path_target_64312687\powershell.exe.exe","REPARSE","Desired Access: Read Attributes, Disposition: Open, Options: Open Reparse Point, Attributes: n/a, ShareMode: Read, Write, Delete, AllocationSize: n/a, OpenResult: <unknown>"
"15:21:01.2704429","ZCode.exe","3104","CreateFile","C:\Program Files (x86)\Common Files\Oracle\Java\java8path_target_64312687\powershell.exe.exe","NAME NOT FOUND","Desired Access: Read Attributes, Disposition: Open, Options: Open Reparse Point, Attributes: n/a, ShareMode: Read, Write, Delete, AllocationSize: n/a"
"15:21:01.2705714","ZCode.exe","3104","CreateFile","C:\Program Files (x86)\Common Files\Oracle\Java\javapath\powershell.exe","PATH NOT FOUND","Desired Access: Read Attributes, Disposition: Open, Options: Open Reparse Point, Attributes: n/a, ShareMode: Read, Write, Delete, AllocationSize: n/a"
"15:21:01.2707040","ZCode.exe","3104","CreateFile","C:\Program Files (x86)\Common Files\Oracle\Java\javapath\powershell.exe.com","PATH NOT FOUND","Desired Access: Read Attributes, Disposition: Open, Options: Open Reparse Point, Attributes: n/a, ShareMode: Read, Write, Delete, AllocationSize: n/a"
"15:21:01.2708474","ZCode.exe","3104","CreateFile","C:\Program Files (x86)\Common Files\Oracle\Java\javapath\powershell.exe.exe","PATH NOT FOUND","Desired Access: Read Attributes, Disposition: Open, Options: Open Reparse Point, Attributes: n/a, ShareMode: Read, Write, Delete, AllocationSize: n/a"
"15:21:01.2711938","ZCode.exe","3104","CreateFile","C:\Windows\System32\powershell.exe","NAME NOT FOUND","Desired Access: Read Attributes, Disposition: Open, Options: Open Reparse Point, Attributes: n/a, ShareMode: Read, Write, Delete, AllocationSize: n/a"
"15:21:01.2714272","ZCode.exe","3104","CreateFile","C:\Windows\System32\powershell.exe.com","NAME NOT FOUND","Desired Access: Read Attributes, Disposition: Open, Options: Open Reparse Point, Attributes: n/a, ShareMode: Read, Write, Delete, AllocationSize: n/a"
"15:21:01.2718689","ZCode.exe","3104","CreateFile","C:\Windows\System32\powershell.exe.exe","NAME NOT FOUND","Desired Access: Read Attributes, Disposition: Open, Options: Open Reparse Point, Attributes: n/a, ShareMode: Read, Write, Delete, AllocationSize: n/a"
"15:21:01.2721175","ZCode.exe","3104","CreateFile","C:\Windows\powershell.exe","NAME NOT FOUND","Desired Access: Read Attributes, Disposition: Open, Options: Open Reparse Point, Attributes: n/a, ShareMode: Read, Write, Delete, AllocationSize: n/a"
"15:21:01.2723110","ZCode.exe","3104","CreateFile","C:\Windows\powershell.exe.com","NAME NOT FOUND","Desired Access: Read Attributes, Disposition: Open, Options: Open Reparse Point, Attributes: n/a, ShareMode: Read, Write, Delete, AllocationSize: n/a"
"15:21:01.2724937","ZCode.exe","3104","CreateFile","C:\Windows\powershell.exe.exe","NAME NOT FOUND","Desired Access: Read Attributes, Disposition: Open, Options: Open Reparse Point, Attributes: n/a, ShareMode: Read, Write, Delete, AllocationSize: n/a"
"15:21:01.2727154","ZCode.exe","3104","CreateFile","C:\Windows\System32\wbem\powershell.exe","NAME NOT FOUND","Desired Access: Read Attributes, Disposition: Open, Options: Open Reparse Point, Attributes: n/a, ShareMode: Read, Write, Delete, AllocationSize: n/a"
"15:21:01.2729974","ZCode.exe","3104","CreateFile","C:\Windows\System32\wbem\powershell.exe.com","NAME NOT FOUND","Desired Access: Read Attributes, Disposition: Open, Options: Open Reparse Point, Attributes: n/a, ShareMode: Read, Write, Delete, AllocationSize: n/a"
"15:21:01.2732361","ZCode.exe","3104","CreateFile","C:\Windows\System32\wbem\powershell.exe.exe","NAME NOT FOUND","Desired Access: Read Attributes, Disposition: Open, Options: Open Reparse Point, Attributes: n/a, ShareMode: Read, Write, Delete, AllocationSize: n/a"
"15:21:01.2734618","ZCode.exe","3104","CreateFile","C:\Windows\System32\WindowsPowerShell\v1.0\powershell.exe","SUCCESS","Desired Access: Read Attributes, Disposition: Open, Options: Open Reparse Point, Attributes: n/a, ShareMode: Read, Write, Delete, AllocationSize: n/a, OpenResult: Opened"
"15:21:01.2735115","ZCode.exe","3104","QueryBasicInformationFile","C:\Windows\System32\WindowsPowerShell\v1.0\powershell.exe","SUCCESS","CreationTime: 24-06-2026 11:34:17, LastAccessTime: 26-06-2026 15:20:52, LastWriteTime: 24-06-2026 11:34:17, ChangeTime: 24-06-2026 21:39:51, FileAttributes: A"
"15:21:01.2735293","ZCode.exe","3104","CloseFile","C:\Windows\System32\WindowsPowerShell\v1.0\powershell.exe","SUCCESS",""
"15:21:01.2737803","ZCode.exe","3104","CreateFile","C:\Program Files\ZCode","SUCCESS","Desired Access: Read Attributes, Disposition: Open, Options: Open Reparse Point, Attributes: n/a, ShareMode: Read, Write, Delete, AllocationSize: n/a, OpenResult: Opened"
"15:21:01.2738226","ZCode.exe","3104","QueryBasicInformationFile","C:\Program Files\ZCode","SUCCESS","CreationTime: 25-06-2026 15:21:19, LastAccessTime: 26-06-2026 15:21:01, LastWriteTime: 26-06-2026 12:58:00, ChangeTime: 26-06-2026 12:58:00, FileAttributes: D"
"15:21:01.2738443","ZCode.exe","3104","CloseFile","C:\Program Files\ZCode","SUCCESS",""
"15:21:01.2739370","ZCode.exe","3104","RegOpenKey","HKLM\System\CurrentControlSet\Control\Session Manager\Memory Management","REPARSE","Desired Access: Query Value"
"15:21:01.2739799","ZCode.exe","3104","RegOpenKey","HKLM\System\CurrentControlSet\Control\Session Manager\Memory Management","SUCCESS","Desired Access: Query Value"
"15:21:01.2740184","ZCode.exe","3104","RegQueryValue","HKLM\System\CurrentControlSet\Control\Session Manager\Memory Management\HotPatchRestrictions","NAME NOT FOUND","Length: 20"
"15:21:01.2740510","ZCode.exe","3104","RegCloseKey","HKLM\System\CurrentControlSet\Control\Session Manager\Memory Management","SUCCESS",""
"15:21:01.2740811","ZCode.exe","3104","RegOpenKey","HKLM\SOFTWARE\Microsoft\Windows NT\CurrentVersion\Image File Execution Options\powershell.exe","NAME NOT FOUND","Desired Access: Query Value, Enumerate Sub Keys"
"15:21:01.2741117","ZCode.exe","3104","RegOpenKey","HKLM\Software\Microsoft\Wow64\x86\xtajit","NAME NOT FOUND","Desired Access: Query Value"
"15:21:01.2742866","ZCode.exe","3104","CreateFile","C:\Windows\System32\WindowsPowerShell\v1.0\powershell.exe","SUCCESS","Desired Access: Read Data/List Directory, Execute/Traverse, Read Attributes, Synchronize, Disposition: Open, Options: Synchronous IO Non-Alert, Non-Directory File, Attributes: N, ShareMode: Read, Delete, AllocationSize: n/a, OpenResult: Opened"
"15:21:01.2743356","ZCode.exe","3104","CreateFileMapping","C:\Windows\System32\WindowsPowerShell\v1.0\powershell.exe","FILE LOCKED WITH ONLY READERS","SyncType: SyncTypeCreateSection, PageProtection: PAGE_EXECUTE"
"15:21:01.2743979","ZCode.exe","3104","CreateFileMapping","C:\Windows\System32\WindowsPowerShell\v1.0\powershell.exe","SUCCESS","SyncType: SyncTypeOther"
"15:21:01.2744690","ZCode.exe","3104","RegOpenKey","HKLM\SOFTWARE\Microsoft\Windows NT\CurrentVersion\Image File Execution Options\powershell.exe","NAME NOT FOUND","Desired Access: Query Value, Enumerate Sub Keys"
"15:21:01.2745466","ZCode.exe","3104","QuerySecurityFile","C:\Windows\System32\WindowsPowerShell\v1.0\powershell.exe","SUCCESS","Information: Label"
"15:21:01.2746491","ZCode.exe","3104","QueryNameInformationFile","C:\Windows\System32\WindowsPowerShell\v1.0\powershell.exe","SUCCESS","Name: \Windows\System32\WindowsPowerShell\v1.0\powershell.exe"
"15:21:01.2803923","ZCode.exe","3104","WriteFile","C:\Users\DELL\AppData\Roaming\ZCode\session\GPUCache\data_1","SUCCESS","Offset: 8192, Length: 296, Priority: Normal"
"15:21:01.2805678","ZCode.exe","3104","WriteFile","C:\Users\DELL\AppData\Roaming\ZCode\session\DawnWebGPUCache\data_1","SUCCESS","Offset: 8192, Length: 296, Priority: Normal"
"15:21:01.2806898","ZCode.exe","3104","WriteFile","C:\Users\DELL\AppData\Roaming\ZCode\session\DawnGraphiteCache\data_1","SUCCESS","Offset: 8192, Length: 296, Priority: Normal"
"15:21:01.2899763","ZCode.exe","3104","RegOpenKey","HKLM\System\CurrentControlSet\Services\bam\State\UserSettings\S-1-5-21-3723388597-1227904235-2670526452-1001","SUCCESS","Desired Access: All Access"
"15:21:01.2900421","ZCode.exe","3104","RegQueryValue","HKLM\System\CurrentControlSet\Services\bam\State\UserSettings\S-1-5-21-3723388597-1227904235-2670526452-1001\\Device\HarddiskVolume3\Windows\System32\WindowsPowerShell\v1.0\powershell.exe","SUCCESS","Type: REG_BINARY, Length: 24, Data: E7 89 4E 46 51 05 DD 01 00 00 00 00 00 00 00 00"
"15:21:01.2900806","ZCode.exe","3104","RegSetValue","HKLM\System\CurrentControlSet\Services\bam\State\UserSettings\S-1-5-21-3723388597-1227904235-2670526452-1001\\Device\HarddiskVolume3\Windows\System32\WindowsPowerShell\v1.0\powershell.exe","SUCCESS","Type: REG_BINARY, Length: 24, Data: 69 73 C8 4B 51 05 DD 01 00 00 00 00 00 00 00 00"
"15:21:01.2902434","ZCode.exe","3104","RegCloseKey","HKLM\System\CurrentControlSet\Services\bam\State\UserSettings\S-1-5-21-3723388597-1227904235-2670526452-1001","SUCCESS",""
"15:21:01.2902789","ZCode.exe","3104","RegOpenKey","HKLM\SYSTEM\CurrentControlSet\Control\Session Manager\BAM","REPARSE","Desired Access: Query Value"
"15:21:01.2903171","ZCode.exe","3104","RegOpenKey","HKLM\System\CurrentControlSet\Control\Session Manager\BAM","NAME NOT FOUND","Desired Access: Query Value"
"15:21:01.2903856","ZCode.exe","3104","Process Create","C:\WINDOWS\System32\WindowsPowerShell\v1.0\powershell.exe","SUCCESS","PID: 16452, Command line: powershell.exe -NoProfile -NonInteractive -Command ""$ErrorActionPreference = 'SilentlyContinue';;$ids = @(3104,7900,25308,10868,2068,25096,13452,24260,16624);;$processRows = @();;if ($ids.Count -gt 0) {;  $processRows = @(Get-Process -Id $ids -ErrorAction SilentlyContinue | Select-Object Id, @{n='ReadBytes';e={$_.IOReadBytes}}, @{n='WriteBytes';e={$_.IOWriteBytes}});;};$main = $null;;$p = Get-Process -Id 3104 -ErrorAction SilentlyContinue;;if ($p) {;  $gdi = -1;;  try {;    Add-Type -TypeDefinition @';using System;;using System.Runtime.InteropServices;;using System.Diagnostics;;public class ZCodeGuiStats {;  [DllImport(\""user32.dll\"")] public static extern uint GetGuiResources(IntPtr h, uint f);;  public static int Gdi(int pid) {;    var pr = Process.GetProcessById(pid);;    return (int)GetGuiResources(pr.Handle, 0);;  };};'@ -ErrorAction SilentlyContinue;;    $gdi = [ZCodeGuiStats]::Gdi(3104);;  } catch {};  $main = [pscustomobject]@{ Handles = $p.HandleCount; Threads = $p.Threads.Count; Gdi = $gdi };;};[pscustomobject]@{ processes = $processRows; main = $main } | ConvertTo-Json -Depth 4 -Compress"""
"15:21:01.2905361","ZCode.exe","3104","RegOpenKey","HKCU\Software\Microsoft\Windows\CurrentVersion\Explorer\Shell Folders","SUCCESS","Desired Access: Query Value"
"15:21:01.2905713","ZCode.exe","3104","RegQueryValue","HKCU\Software\Microsoft\Windows\CurrentVersion\Explorer\Shell Folders\Cache","SUCCESS","Type: REG_SZ, Length: 112, Data: C:\Users\DELL\AppData\Local\Microsoft\Windows\INetCache"
"15:21:01.2905973","ZCode.exe","3104","RegCloseKey","HKCU\Software\Microsoft\Windows\CurrentVersion\Explorer\Shell Folders","SUCCESS",""
"15:21:01.2906187","ZCode.exe","3104","RegOpenKey","HKCU\Software\Microsoft\Windows NT\CurrentVersion\AppCompatFlags\Layers","SUCCESS","Desired Access: Query Value"
"15:21:01.2906514","ZCode.exe","3104","RegQueryValue","HKCU\Software\Microsoft\Windows NT\CurrentVersion\AppCompatFlags\Layers\C:\WINDOWS\System32\WindowsPowerShell\v1.0\powershell.exe","NAME NOT FOUND","Length: 16"
"15:21:01.2906836","ZCode.exe","3104","RegCloseKey","HKCU\Software\Microsoft\Windows NT\CurrentVersion\AppCompatFlags\Layers","SUCCESS",""
"15:21:01.2907347","ZCode.exe","3104","QuerySecurityFile","C:\Windows\System32\WindowsPowerShell\v1.0\powershell.exe","SUCCESS","Information: Owner, Group, DACL, SACL, Label, Attribute, Process Trust Label, 0x100"
"15:21:01.2909144","ZCode.exe","3104","RegOpenKey","HKLM\Software\Microsoft\Windows NT\CurrentVersion\AppCompatFlags\SdbUpdates","SUCCESS","Desired Access: Read"
"15:21:01.2909748","ZCode.exe","3104","RegQueryValue","HKLM\SOFTWARE\Microsoft\Windows NT\CurrentVersion\AppCompatFlags\SdbUpdates\DisableDoubleQuerySdbs","NAME NOT FOUND","Length: 20"
"15:21:01.2910263","ZCode.exe","3104","RegCloseKey","HKLM\SOFTWARE\Microsoft\Windows NT\CurrentVersion\AppCompatFlags\SdbUpdates","SUCCESS",""
"15:21:01.2910734","ZCode.exe","3104","RegOpenKey","HKLM\Software\Microsoft\Windows NT\CurrentVersion\AppCompatFlags\SdbUpdates\ManifestedMergeStubSdbs","SUCCESS","Desired Access: Read"
"15:21:01.2911197","ZCode.exe","3104","RegEnumValue","HKLM\SOFTWARE\Microsoft\Windows NT\CurrentVersion\AppCompatFlags\SdbUpdates\ManifestedMergeStubSdbs","SUCCESS","Index: 0, Type: REG_SZ, Length: 24, Data: sysmain.sdb"
"15:21:01.2911602","ZCode.exe","3104","RegEnumValue","HKLM\SOFTWARE\Microsoft\Windows NT\CurrentVersion\AppCompatFlags\SdbUpdates\ManifestedMergeStubSdbs","SUCCESS","Index: 0, Type: REG_SZ"
"15:21:01.2912082","ZCode.exe","3104","RegCloseKey","HKLM\SOFTWARE\Microsoft\Windows NT\CurrentVersion\AppCompatFlags\SdbUpdates\ManifestedMergeStubSdbs","SUCCESS",""
"15:21:01.2912636","ZCode.exe","3104","RegOpenKey","HKLM\Software\Microsoft\Windows NT\CurrentVersion\AppCompatFlags\SdbUpdates","SUCCESS","Desired Access: Read"
"15:21:01.2913115","ZCode.exe","3104","RegQueryValue","HKLM\SOFTWARE\Microsoft\Windows NT\CurrentVersion\AppCompatFlags\SdbUpdates\StagedDelete_sysMerge.sdb","NAME NOT FOUND","Length: 0"
"15:21:01.2913576","ZCode.exe","3104","RegCloseKey","HKLM\SOFTWARE\Microsoft\Windows NT\CurrentVersion\AppCompatFlags\SdbUpdates","SUCCESS",""
"15:21:01.2914047","ZCode.exe","3104","RegOpenKey","HKLM\Software\Microsoft\Windows NT\CurrentVersion\AppCompatFlags\SdbUpdates","SUCCESS","Desired Access: Read"
"15:21:01.2914894","ZCode.exe","3104","RegQueryValue","HKLM\SOFTWARE\Microsoft\Windows NT\CurrentVersion\AppCompatFlags\SdbUpdates\sysMerge.sdb","BUFFER TOO SMALL","Length: 0"
"15:21:01.2915375","ZCode.exe","3104","RegQueryValue","HKLM\SOFTWARE\Microsoft\Windows NT\CurrentVersion\AppCompatFlags\SdbUpdates\sysMerge.sdb","SUCCESS","Type: REG_SZ, Length: 58, Data: 01DBFA347540B59D.sysmain.sdb"
"15:21:01.2915805","ZCode.exe","3104","RegQueryValue","HKLM\SOFTWARE\Microsoft\Windows NT\CurrentVersion\AppCompatFlags\SdbUpdates\MergeVer_sysMerge.sdb","SUCCESS","Type: REG_DWORD, Length: 4, Data: 1"
"15:21:01.2916203","ZCode.exe","3104","RegQueryValue","HKLM\SOFTWARE\Microsoft\Windows NT\CurrentVersion\AppCompatFlags\SdbUpdates\MergeVer","SUCCESS","Type: REG_DWORD, Length: 4, Data: 1"
"15:21:01.2916601","ZCode.exe","3104","RegQueryValue","HKLM\SOFTWARE\Microsoft\Windows NT\CurrentVersion\AppCompatFlags\SdbUpdates\MinMergeVer","SUCCESS","Type: REG_DWORD, Length: 4, Data: 0"
"15:21:01.2917972","ZCode.exe","3104","RegOpenKey","HKLM\Software\Microsoft\Windows NT\CurrentVersion\AppCompatFlags\SdbUpdates","SUCCESS","Desired Access: Read"
"15:21:01.2918545","ZCode.exe","3104","RegQueryValue","HKLM\SOFTWARE\Microsoft\Windows NT\CurrentVersion\AppCompatFlags\SdbUpdates\DisableDoubleQuerySdbs","NAME NOT FOUND","Length: 20"
"15:21:01.2919014","ZCode.exe","3104","RegCloseKey","HKLM\SOFTWARE\Microsoft\Windows NT\CurrentVersion\AppCompatFlags\SdbUpdates","SUCCESS",""
"15:21:01.2919471","ZCode.exe","3104","RegOpenKey","HKLM\Software\Microsoft\Windows NT\CurrentVersion\AppCompatFlags\SdbUpdates\ManifestedMergeStubSdbs","SUCCESS","Desired Access: Read"
"15:21:01.2919935","ZCode.exe","3104","RegEnumValue","HKLM\SOFTWARE\Microsoft\Windows NT\CurrentVersion\AppCompatFlags\SdbUpdates\ManifestedMergeStubSdbs","SUCCESS","Index: 0, Type: REG_SZ, Length: 24, Data: sysmain.sdb"
"15:21:01.2920335","ZCode.exe","3104","RegEnumValue","HKLM\SOFTWARE\Microsoft\Windows NT\CurrentVersion\AppCompatFlags\SdbUpdates\ManifestedMergeStubSdbs","SUCCESS","Index: 1, Type: REG_SZ, Length: 24, Data: msimain.sdb"
"15:21:01.2920685","ZCode.exe","3104","RegEnumValue","HKLM\SOFTWARE\Microsoft\Windows NT\CurrentVersion\AppCompatFlags\SdbUpdates\ManifestedMergeStubSdbs","NO MORE ENTRIES","Index: 2, Length: 42"
"15:21:01.2921095","ZCode.exe","3104","RegCloseKey","HKLM\SOFTWARE\Microsoft\Windows NT\CurrentVersion\AppCompatFlags\SdbUpdates\ManifestedMergeStubSdbs","SUCCESS",""
"15:21:01.2921509","ZCode.exe","3104","RegCloseKey","HKLM\SOFTWARE\Microsoft\Windows NT\CurrentVersion\AppCompatFlags\SdbUpdates","SUCCESS",""
"15:21:01.2922282","ZCode.exe","3104","RegOpenKey","HKLM\Software\Microsoft\Windows NT\CurrentVersion\AppCompatFlags\SdbUpdates","SUCCESS","Desired Access: Read"
"15:21:01.2922744","ZCode.exe","3104","RegQueryValue","HKLM\SOFTWARE\Microsoft\Windows NT\CurrentVersion\AppCompatFlags\SdbUpdates\StagedDelete_sysmain.sdb","NAME NOT FOUND","Length: 0"
"15:21:01.2923153","ZCode.exe","3104","RegCloseKey","HKLM\SOFTWARE\Microsoft\Windows NT\CurrentVersion\AppCompatFlags\SdbUpdates","SUCCESS",""
"15:21:01.2923593","ZCode.exe","3104","RegOpenKey","HKLM\Software\Microsoft\Windows NT\CurrentVersion\AppCompatFlags\SdbUpdates","SUCCESS","Desired Access: Read"
"15:21:01.2924011","ZCode.exe","3104","RegQueryValue","HKLM\SOFTWARE\Microsoft\Windows NT\CurrentVersion\AppCompatFlags\SdbUpdates\sysmain.sdb","BUFFER TOO SMALL","Length: 0"
"15:21:01.2924376","ZCode.exe","3104","RegQueryValue","HKLM\SOFTWARE\Microsoft\Windows NT\CurrentVersion\AppCompatFlags\SdbUpdates\sysmain.sdb","SUCCESS","Type: REG_SZ, Length: 58, Data: 01DD03FCD47E9A81.sysmain.sdb"
"15:21:01.2924787","ZCode.exe","3104","RegQueryValue","HKLM\SOFTWARE\Microsoft\Windows NT\CurrentVersion\AppCompatFlags\SdbUpdates\MergeVer_sysmain.sdb","SUCCESS","Type: REG_DWORD, Length: 4, Data: 1"
"15:21:01.2925160","ZCode.exe","3104","RegQueryValue","HKLM\SOFTWARE\Microsoft\Windows NT\CurrentVersion\AppCompatFlags\SdbUpdates\MergeVer","SUCCESS","Type: REG_DWORD, Length: 4, Data: 1"
"15:21:01.2925533","ZCode.exe","3104","RegQueryValue","HKLM\SOFTWARE\Microsoft\Windows NT\CurrentVersion\AppCompatFlags\SdbUpdates\MinMergeVer","SUCCESS","Type: REG_DWORD, Length: 4, Data: 0"
"15:21:01.2926586","ZCode.exe","3104","RegOpenKey","HKLM\Software\Microsoft\Windows NT\CurrentVersion\AppCompatFlags\SdbUpdates","SUCCESS","Desired Access: Read"
"15:21:01.2927066","ZCode.exe","3104","RegQueryValue","HKLM\SOFTWARE\Microsoft\Windows NT\CurrentVersion\AppCompatFlags\SdbUpdates\DisableDoubleQuerySdbs","NAME NOT FOUND","Length: 20"
"15:21:01.2927507","ZCode.exe","3104","RegCloseKey","HKLM\SOFTWARE\Microsoft\Windows NT\CurrentVersion\AppCompatFlags\SdbUpdates","SUCCESS",""
"15:21:01.2927936","ZCode.exe","3104","RegOpenKey","HKLM\Software\Microsoft\Windows NT\CurrentVersion\AppCompatFlags\SdbUpdates\ManifestedMergeStubSdbs","SUCCESS","Desired Access: Read"
"15:21:01.2928396","ZCode.exe","3104","RegEnumValue","HKLM\SOFTWARE\Microsoft\Windows NT\CurrentVersion\AppCompatFlags\SdbUpdates\ManifestedMergeStubSdbs","SUCCESS","Index: 0, Type: REG_SZ, Length: 24, Data: sysmain.sdb"
"15:21:01.2928818","ZCode.exe","3104","RegEnumValue","HKLM\SOFTWARE\Microsoft\Windows NT\CurrentVersion\AppCompatFlags\SdbUpdates\ManifestedMergeStubSdbs","SUCCESS","Index: 0, Type: REG_SZ"
"15:21:01.2929412","ZCode.exe","3104","RegCloseKey","HKLM\SOFTWARE\Microsoft\Windows NT\CurrentVersion\AppCompatFlags\SdbUpdates\ManifestedMergeStubSdbs","SUCCESS",""
"15:21:01.2930095","ZCode.exe","3104","RegCloseKey","HKLM\SOFTWARE\Microsoft\Windows NT\CurrentVersion\AppCompatFlags\SdbUpdates","SUCCESS",""
"15:21:01.2930747","ZCode.exe","3104","QueryBasicInformationFile","C:\Windows\System32\WindowsPowerShell\v1.0\powershell.exe","SUCCESS","CreationTime: 24-06-2026 11:34:17, LastAccessTime: 26-06-2026 15:21:01, LastWriteTime: 24-06-2026 11:34:17, ChangeTime: 24-06-2026 21:39:51, FileAttributes: A"
"15:21:01.2931775","ZCode.exe","3104","QueryBasicInformationFile","C:\Windows\System32\WindowsPowerShell\v1.0\powershell.exe","SUCCESS","CreationTime: 24-06-2026 11:34:17, LastAccessTime: 26-06-2026 15:21:01, LastWriteTime: 24-06-2026 11:34:17, ChangeTime: 24-06-2026 21:39:51, FileAttributes: A"
"15:21:01.2932246","ZCode.exe","3104","QueryNameInformationFile","C:\Windows\System32\WindowsPowerShell\v1.0\powershell.exe","SUCCESS","Name: \Windows\System32\WindowsPowerShell\v1.0\powershell.exe"
"15:21:01.2933718","ZCode.exe","3104","RegOpenKey","HKLM\Software\Microsoft\Windows\CurrentVersion\SideBySide","SUCCESS","Desired Access: Read"
"15:21:01.2934230","ZCode.exe","3104","RegQueryValue","HKLM\SOFTWARE\Microsoft\Windows\CurrentVersion\SideBySide\PreferExternalManifest","NAME NOT FOUND","Length: 20"
"15:21:01.2934867","ZCode.exe","3104","RegCloseKey","HKLM\SOFTWARE\Microsoft\Windows\CurrentVersion\SideBySide","SUCCESS",""
"15:21:01.2956546","ZCode.exe","3104","CloseFile","C:\Windows\System32\WindowsPowerShell\v1.0\powershell.exe","SUCCESS",""
"15:21:02.0091246","ZCode.exe","25308","TCP TCPCopy","Atharv:65322 -> 163.181.87.50:https","SUCCESS","Length: 39, seqnum: 0, connid: 0"
"15:21:02.0091256","ZCode.exe","25308","TCP TCPCopy","Atharv:65322 -> 163.181.87.50:https","SUCCESS","Length: 24, seqnum: 0, connid: 0"
"15:21:02.0091570","ZCode.exe","25308","TCP Receive","Atharv:65322 -> 163.181.87.50:https","SUCCESS","Length: 63, seqnum: 0, connid: 0"
"15:21:02.7846184","ZCode.exe","13452","Thread Create","","SUCCESS","Thread ID: 2520"
"15:21:02.7846499","ZCode.exe","25096","Thread Create","","SUCCESS","Thread ID: 16576"
"15:21:02.7846816","ZCode.exe","10868","Thread Create","","SUCCESS","Thread ID: 3928"
"15:21:03.1894061","ZCode.exe","25308","Thread Exit","","SUCCESS","Thread ID: 2460, User Time: 0.0000000, Kernel Time: 0.0000000"
"15:21:04.2596281","ZCode.exe","25308","TCP Disconnect","Atharv:65322 -> 163.181.87.50:https","SUCCESS","Length: 0, seqnum: 0, connid: 0"
"15:21:04.3034763","ZCode.exe","25308","TCP TCPCopy","Atharv:64745 -> 155.102.41.180:https","SUCCESS","Length: 24, seqnum: 0, connid: 0"
"15:21:04.3035065","ZCode.exe","25308","TCP Receive","Atharv:64745 -> 155.102.41.180:https","SUCCESS","Length: 24, seqnum: 0, connid: 0"
"15:21:05.3030536","ZCode.exe","2068","Thread Exit","","SUCCESS","Thread ID: 2176, User Time: 0.0000000, Kernel Time: 0.0000000"
"15:21:05.5314346","ZCode.exe","25308","TCP TCPCopy","Atharv:64187 -> 43.109.39.200:https","SUCCESS","Length: 39, seqnum: 0, connid: 0"
"15:21:05.5314356","ZCode.exe","25308","TCP TCPCopy","Atharv:64187 -> 43.109.39.200:https","SUCCESS","Length: 24, seqnum: 0, connid: 0"
"15:21:05.5314744","ZCode.exe","25308","TCP Receive","Atharv:64187 -> 43.109.39.200:https","SUCCESS","Length: 63, seqnum: 0, connid: 0"
"15:21:05.6353034","ZCode.exe","25308","TCP Disconnect","Atharv:64187 -> 43.109.39.200:https","SUCCESS","Length: 0, seqnum: 0, connid: 0"
